"CodeArticle";"CodeABarre";"Designation";"PrixAchatHT";"PrixAchatTTC";"PrixVenteHT";"PrixVenteTTC";"TVA";"Marge";"DateAlerte";"StockArticle";"ImageURL";"DescriptionWeb";"ProductBrand";"WebCategorySlug";"OldPriceTTC";"PromoBadge";"ProductGalleryURLs";"ProductSpecs";"Forme";"ProductUrl"
"PS-FILORGA-VOTRE-COFFRET-NC-DF577A";"";"FILORGA VOTRE COFFRET NCEF";"0.000";"0.000";"159.076";"99.000";"0.000";"0.000";"";"0";"https://www.parashop.tn/image/cache/catalog/produits/filorga/filorga-votre-coffret-ncef-600x315w.jpg";"FILORGA VOTRE COFFRET NCEF est disponible au meilleur prix chez votre parapharmacie parashop tunisie. Livraison gratuite dès 99DT";"";"visage";"189.300";"-25%";"";"";"";"https://www.parashop.tn/visage/filorga-votre-coffret-ncef"
"PS-SVR-SET-AMPOULE-B-AB81A9";"";"SVR SET AMPOULE B";"0.000";"0.000";"97.445";"99.000";"1.596";"0.000";"";"0";"https://www.parashop.tn/image/cache/catalog/produits/svr/svr-set-ampouleb-600x315w.jpg";"SVR SET AMPOULE B est disponible au meilleur prix chez votre parapharmacie parashop tunisie. Livraison gratuite dès 99DT";"";"visage";"115.959";"-25%";"";"";"";"https://www.parashop.tn/visage/svr-set-ampoule-b"
"PS-NUXE-TROUSSE-NUXURIANCE--320367";"";"NUXE TROUSSE NUXURIANCE LE SOIN CIBLE REGARD ET LEVRES";"0.000";"0.000";"126.983";"151.110";"19.000";"0.000";"";"0";"https://www.parashop.tn/image/cache/catalog/produits/nuxe/nuxe-trousse-nuxuriance-le-soin-cible-regard-et-levres-600x315w.jpg";"NUXE NUXURIANCE TROUSSE INNOVATION ANTI-AGE LE SOIN CIBLE REGARD ET LEVRES au meilleur prix chez parashop tunisie";"";"visage";"154.133";"-25%";"";"";"";"https://www.parashop.tn/visage/nuxe-trousse-nuxuriance-le-soin-cible-regard-et-levres"
"PS-NUXE-EBB29E";"";"NUXE";"0.000";"0.000";"126.983";"151.110";"19.000";"0.000";"";"0";"https://www.parashop.tn/image/cache/catalog/marques/nuxe-logo-600x315w.jpg";"";"NUXE NUXE TROUSSE NUXURIANCE LE SOIN CIBLE REGARD ET LEVRES NUXE TROUSSE NUXURIANCE LE SOIN CIBLE REGARD ET LEVRESCe cof";"marque";"213.332";"-25%";"";"";"";"https://www.parashop.tn/nuxe"
"PS-URIAGE-PACK-HYSEAC-SERUM-DB7D08";"";"URIAGE PACK HYSEAC SERUM + MAT GEL CREME + Gel Nettoyant 150ML OFFERT";"0.000";"0.000";"104.993";"124.942";"19.000";"0.000";"";"0";"https://www.parashop.tn/image/cache/catalog/produits/uriage/uriage-pack-hyseac-serum-mat-gel-creme-gel-nettoyant-150ml-offert-600x315w.jpg";"URIAGE PACK HYSEAC SERUM + MAT GEL CREME + Gel Nettoyant 150ML OFFERT. A prix bas tunisie";"";"visage";"159.166";"-25%";"";"";"";"https://www.parashop.tn/visage/uriage-pack-hyseac-serum-mat-gel-creme-gel-nettoyant-150ml-offert"
"PS-AVENE-COFFRET-TOLERANCE--ACB1D3";"";"AVENE COFFRET TOLERANCE CONTROL Creme  +EAU THERMALE 150ML OFFERTE";"0.000";"0.000";"67.078";"79.823";"19.000";"0.000";"";"0";"https://www.parashop.tn/image/cache/catalog/produits/avene/avene-coffret-tolerance-control-creme-eau-thermale-150ml-offerte-600x315w.jpg";"AVENE COFFRET TOLERANCE CONTROL Creme  +EAU THERMALE 150ML OFFERTE";"";"visage";"106.845";"-25%";"";"";"";"https://www.parashop.tn/visage/avene-coffret-tolerance-control-creme-eau-thermale-150ml-offerte"
"PS-FILORGA-COPACK-NCEF-REVI-ADE362";"";"FILORGA COFFRET NCEF REVITALIZE SERUM";"0.000";"0.000";"201.108";"99.000";"0.000";"0.000";"";"0";"https://www.parashop.tn/image/cache/catalog/produits/filorga/filorga-copack-ncef-revitalize-serum-600x315w.jpg";"FILORGA COPACK NCEF REVITALIZE SERUM est disponible au meilleur prix chez votre parapharmacie parashop tunisie. Livraison gratuite dès 99DT";"";"visage";"239.319";"-25%";"";"";"";"https://www.parashop.tn/visage/filorga-copack-ncef-revitalize-serum"
"PS-FILORGA-18099C";"";"FILORGA";"0.000";"0.000";"159.076";"189.300";"19.000";"0.000";"";"0";"https://www.parashop.tn/image/cache/data/marques/filorga-logo-min-600x315w.jpg";"";"FILORGA FILORGA VOTRE COFFRET NCEF FILORGA VOTRE COFFRET NCEFFILORGA VOTRE COFFRET NCEF une sélection de soins de la gam";"marque";"224.363";"-25%";"";"";"";"https://www.parashop.tn/filorga"
"PS-FILORGA-COFFRET-PROTOCOL-D18AEF";"";"FILORGA COFFRET PROTOCOLE DENSITÉ";"0.000";"0.000";"213.866";"99.000";"0.000";"0.000";"";"0";"https://www.parashop.tn/image/cache/catalog/produits/filorga/filorga-coffret-protocole-densite-600x315w.jpg";"FILORGA COFFRET PROTOCOLE DENSITÉ est disponible au meilleur prix chez votre parapharmacie parashop tunisie. Livraison gratuite dès 99DT";"";"visage";"254.501";"-25%";"";"";"";"https://www.parashop.tn/visage/filorga-coffret-protocole-densite"
"PS-NUXE-TROUSSE-NUXURIANCE--743469";"";"NUXE TROUSSE NUXURIANCE LA CREME ANTI-AGE GLOBAL";"0.000";"0.000";"179.271";"213.332";"19.000";"0.000";"";"0";"https://www.parashop.tn/image/cache/catalog/produits/nuxe/nuxe-trousse-nuxuriance-la-creme-anti-age-global-600x315w.jpg";"NUXE TROUSSE NUXURIANCE LA CREME ANTI-AGE GLOBAL Au meilleur prix chez parashop tunisie";"";"visage";"0.000";"-25%";"";"";"";"https://www.parashop.tn/visage/nuxe-trousse-nuxuriance-la-creme-anti-age-global"
"PS-SVR-SET-AMPOULE-A-AB81A8";"";"SVR SET AMPOULE A";"0.000";"0.000";"97.445";"99.000";"1.596";"0.000";"";"0";"https://www.parashop.tn/image/cache/catalog/produits/svr/svr-set-ampoule-a-600x315w.jpg";"SVR SET AMPOULE A est disponible au meilleur prix chez votre parapharmacie parashop tunisie. Livraison gratuite dès 99DT";"";"visage";"115.959";"-25%";"";"";"";"https://www.parashop.tn/visage/svr-set-ampoule-a"
"PS-SVR-TROUSSE-MES-ESSENTIE-81C096";"";"SVR TROUSSE Mes Essentiels Peau Rebondie et Energisée";"0.000";"0.000";"175.520";"99.000";"0.000";"0.000";"";"0";"https://www.parashop.tn/image/cache/catalog/produits/svr/svr-trousse-mes-essentiels-peau-rebondie-et-energisee-600x315w.jpg";"SVR TROUSSE Mes Essentiels Peau Rebondie et Energisée à bas prix en tunisie sur parashop votre parapharmacie en ligne. Livraison gratuite dès 99DT";"";"visage";"208.869";"-25%";"";"";"";"https://www.parashop.tn/visage/svr-trousse-mes-essentiels-peau-rebondie-et-energisee"
"PS-SVR-28B585";"";"SVR";"0.000";"0.000";"97.445";"115.959";"18.999";"0.000";"";"0";"https://www.parashop.tn/image/cache/data/marques/svr-logo-min-600x315w.jpg";"";"SVR SVR SET AMPOULE B SVR SET AMPOULE BCe pack se compose de";"marque";"129.104";"-25%";"";"";"";"https://www.parashop.tn/svr"
"PS-AVENE-COFFRET-CICALFATE--85DDE1";"";"AVENE COFFRET CICALFATE CREME REPARATRICE 100ML+EAU THERMALE 150ML OFFERTE";"0.000";"0.000";"47.806";"56.889";"19.000";"0.000";"";"0";"https://www.parashop.tn/image/cache/catalog/produits/avene/avene-coffret-cicalfate-creme-reparatrice-100mleau-thermale-150ml-offerte-600x315w.jpg";"AVENE COFFRET CICALFATE CREME REPARATRICE 100ML+EAU THERMALE 150ML OFFERTE";"";"visage";"83.912";"-25%";"";"";"";"https://www.parashop.tn/visage/avene-coffret-cicalfate-creme-reparatrice-100mleau-thermale-150ml-offerte"
"PS-MURIAC-TROUSSE-LIGHTACT--463A34";"";"MURIAC TROUSSE LIGHTACT SÉRUM ANTI-TACHES + ESSENCE MICRO PEELING + MOUSSE (50% 0FFERTE)";"0.000";"0.000";"133.739";"159.150";"19.000";"0.000";"";"0";"https://www.parashop.tn/image/cache/catalog/produits/muriac/muriac-trousse-lightact-serum-anti-taches-essence-micro-peeling-mousse-50-0fferte-600x315w.jpg";"MURIAC TROUSSE LIGHTACT SÉRUM ANTI-TACHES + ESSENCE MICRO PEELING + MOUSSE (50% 0FFERTE)";"";"visage";"225.600";"-25%";"";"";"";"https://www.parashop.tn/visage/muriac-trousse-lightact-serum-anti-taches-essence-micro-peeling-mousse-50-0fferte"
"PS-AVENE-COFFRET-SOINS-EXPE-8AAE54";"";"AVENE COFFRET SOINS EXPERTS LIFTING";"0.000";"0.000";"135.382";"99.000";"0.000";"0.000";"";"0";"https://www.parashop.tn/image/cache/catalog/produits/avene/avene-coffret-soins-experts-lifting-600x315w.jpg";"AVENE COFFRET SOINS EXPERTS LIFTING à bas prix en tunisie sur parashop votre parapharmacie en ligne. Livraison gratuite dès 99DT";"";"visage";"161.105";"-25%";"";"";"";"https://www.parashop.tn/visage/avene-coffret-soins-experts-lifting"
"PS-AVENE-D39E1D";"";"AVENE";"0.000";"0.000";"67.078";"79.823";"19.000";"0.000";"";"0";"https://www.parashop.tn/image/cache/catalog/marques/avene-logo-600x315w.jpg";"";"AVENE AVENE COFFRET TOLERANCE CONTROL Creme +EAU THERMALE 150ML OFFERTE AVENE COFFRET TOLERANCE CONTROL Creme +EAU THERM";"marque";"106.845";"-25%";"";"";"";"https://www.parashop.tn/avene"
"PS-SVR-SET-AMPOULE-C-AB81AA";"";"SVR SET AMPOULE C";"0.000";"0.000";"97.445";"99.000";"1.596";"0.000";"";"0";"https://www.parashop.tn/image/cache/catalog/produits/svr/svr-set-ampoule-c-600x315w.jpg";"SVR SET AMPOULE C est disponible au meilleur prix chez votre parapharmacie parashop tunisie. Livraison gratuite dès 99DT";"";"visage";"115.959";"-25%";"";"";"";"https://www.parashop.tn/visage/svr-set-ampoule-c"
"PS-TROUSSE-DAYLONG-FACE-SEN-5B59B4";"";"TROUSSE DAYLONG FACE SENSITIVE SPF50+ FLUIDE + CETAPHIL LOTION HYDRATANTE + Lotion Nettoyante OFFERTE";"0.000";"0.000";"99.400";"118.286";"19.000";"0.000";"";"0";"https://www.parashop.tn/image/cache/catalog/produits/cetaphil/trousse-daylong-face-sensitive-spf50-fluide-cetaphil-lotion-hydratante-lotion-nettoyante-offerte-600x315w.jpg";"TROUSSE DAYLONG FACE SENSITIVE SPF50+ FLUIDE + CETAPHIL LOTION HYDRATANTE + Lotion Nettoyante OFFERTE";"";"visage";"159.148";"-25%";"";"";"";"https://www.parashop.tn/visage/trousse-daylong-face-sensitive-spf50-fluide-cetaphil-lotion-hydratante-lotion-nettoyante-offerte"
"PS-DUCRAY-DUO-MELASCREEN-CO-B4DA1F";"";"DUCRAY DUO MELASCREEN Concentre antitaches + Creme anti taches SPF50+ 0FFERTE";"0.000";"0.000";"99.570";"118.488";"19.000";"0.000";"";"0";"https://www.parashop.tn/image/cache/catalog/produits/ducray/ducray-duo-melascreen-concentre-antitaches-creme-anti-taches-spf50-600x315w.jpg";"DUCRAY DUO MELASCREEN Concentre antitaches + Creme anti taches SPF50+ 0FFERTE";"";"visage";"179.277";"-25%";"";"";"";"https://www.parashop.tn/visage/ducray-duo-melascreen-concentre-antitaches-creme-anti-taches-spf50-0fferte"
"PS-ISDIN-PACK-HYALURONIC-CO-99CCA6";"";"ISDIN PACK Hyaluronic Concentrate Serum + GAMARDE CREME HYDRATANTE RICHE OFFERTE";"0.000";"0.000";"126.000";"149.940";"19.000";"0.000";"";"0";"https://www.parashop.tn/image/cache/catalog/produits/isdin/isdin-pack-hyaluronic-concentrate-serum-gamarde-creme-hydratante-riche-offerte-600x315w.jpg";"ISDIN PACK Hyaluronic Concentrate Serum + GAMARDE CREME HYDRATANTE RICHE OFFERTE";"";"visage";"192.780";"-25%";"";"";"";"https://www.parashop.tn/visage/isdin-pack-hyaluronic-concentrate-serum-gamarde-creme-hydratante-riche"
"PS-AVENE-PACK-HYALURON-ACTI-5A4AD7";"";"AVENE PACK HYALURON ACTIV B3 Serum";"0.000";"0.000";"110.152";"99.000";"0.000";"0.000";"";"0";"https://www.parashop.tn/image/cache/catalog/produits/avene/avene-pack-hyaluron-activ-b3-serum-600x315w.jpg";"AVENE PACK HYALURON ACTIV B3 Serum est disponible au meilleur prix chez votre parapharmacie parashop tunisie. Livraison gratuite dès 99DT";"";"visage";"131.081";"-25%";"";"";"";"https://www.parashop.tn/visage/avene-pack-hyaluron-activ-b3-serum"
"PS-AVENE-COFFRET-LES-GOURMA-801AD5";"";"AVENE COFFRET Les Gourmandises Régénérantes Jour";"0.000";"0.000";"136.395";"99.000";"0.000";"0.000";"";"0";"https://www.parashop.tn/image/cache/catalog/produits/avene/avene-coffret-les-gourmandises-regenerantes-jour-600x315w.jpg";"AVENE COFFRET Les Gourmandises Régénérantes Jour  à bas en tunisie sur parashop votre parapharmacie en ligne. Livraison gratuite dès 99DT";"";"visage";"162.310";"-25%";"";"";"";"https://www.parashop.tn/visage/avene-coffret-les-gourmandises-regenerantes-jour"
"PS-AVENE-COFFRET-SOINS-EXPE-F7C579";"";"AVENE COFFRET SOINS EXPERTS FERMETE";"0.000";"0.000";"136.395";"99.000";"0.000";"0.000";"";"0";"https://www.parashop.tn/image/cache/catalog/produits/avene/avene-coffret-soins-experts-fermete-600x315w.jpg";"AVENE COFFRET SOINS EXPERTS FERMETE disponible à bas en tunisie sur parashop votre parapharmacie en ligne. Livraison gratuite dès 99DT";"";"visage";"162.310";"-25%";"";"";"";"https://www.parashop.tn/visage/avene-coffret-soins-experts-fermete"
"PS-DUCRAY-DUO-MELASCREEN-CO-EA830F";"";"DUCRAY DUO MELASCREEN Concentre antitaches + Fluide Anti Taches SPF50+ 0FFERT";"0.000";"0.000";"99.570";"118.488";"19.000";"0.000";"";"0";"https://www.parashop.tn/image/cache/catalog/produits/ducray/ducray-duo-melascreen-concentre-antitaches-fluide-anti-taches-spf50-600x315w.jpg";"DUCRAY DUO MELASCREEN Concentre antitaches + Fluide Anti Taches SPF50+ 0FFERT";"";"visage";"0.000";"-25%";"";"";"";"https://www.parashop.tn/visage/ducray-duo-melascreen-concentre-antitaches-fluide-anti-taches-spf50-0ffert"
"PS-DUCRAY-AFBE22";"";"DUCRAY";"0.000";"0.000";"36.078";"42.933";"19.000";"0.000";"";"0";"https://www.parashop.tn/image/cache/catalog/marques/ducray-logo-new-600x315w.jpg";"";"DUCRAY DUCRAY PACK KERTYOL PSO Shampooing 200ML DUCRAY PACK KERTYOL PSO Shampooing 200MLCe pack se compose de";"marque";"118.488";"-25%";"";"";"";"https://www.parashop.tn/ducray"
"PS-FIDERMA-PACK-CLARIFID-SE-3BB2A8";"";"FIDERMA PACK CLARIFID SERUM NUIT + CREME DEPIGMENTANTE JOUR + HYDRAFID GEL NETTOYANT GRATUIT";"0.000";"0.000";"163.320";"194.351";"19.000";"0.000";"";"0";"https://www.parashop.tn/image/cache/catalog/produits/fiderma/fiderma-pack-clarifid-serum-nuit-creme-depigmentante-jour-hydrafid-gel-nettoyant-gratuit-600x315w.jpg";"FIDERMA PACK CLARIFID SERUM NUIT + CREME DEPIGMENTANTE JOUR + HYDRAFID GEL NETTOYANT GRATUIT";"";"visage";"245.259";"-25%";"";"";"";"https://www.parashop.tn/visage/fiderma-pack-clarifid-serum-nuit-creme-depigmentante-jour-hydrafid-gel-nettoyant-gratuit"
"PS-INNOVADERM-PACK-DEPIGMEN-A7CC0E";"";"INNOVADERM PACK DEPIGMENTANT JOUR et NUIT - PEAU MIXTE A GRASSE";"0.000";"0.000";"113.613";"135.199";"19.000";"0.000";"";"0";"https://www.parashop.tn/image/cache/catalog/produits/innovaderm/innovaderm-pack-depigmentant-jour-et-nuit-peau-mixte-a-grasse-600x315w.jpg";"INNOVADERM PACK DEPIGMENTANT JOUR et NUIT - PEAU MIXTE A GRASSE";"";"visage";"160.488";"-25%";"";"";"";"https://www.parashop.tn/visage/innovaderm-pack-depigmentant-jour-et-nuit-peau-mixte-a-grasse"
"PS-FILORGA-COFFRET-MESO-MAS-8298C5";"";"FILORGA COFFRET MESO MASK + TIME-FILLER 5XP CREME 30ML OFFERTE";"0.000";"0.000";"107.995";"128.514";"19.000";"0.000";"";"0";"https://www.parashop.tn/image/cache/catalog/produits/filorga/filorga-coffret-meso-mask-time-filler-5xp-creme-30ml-offerte-600x315w.jpg";"FILORGA COFFRET MESO MASK + TIME-FILLER 5XP CREME 30ML OFFERTE Disponible chez parashop tunisie à prix bas";"";"visage";"179.802";"-25%";"";"";"";"https://www.parashop.tn/visage/filorga-coffret-meso-mask-time-filler-5xp-creme-30ml-offerte"
"PS-ISDIN-TROUSSE-ACNIBEN-CO-30F5E3";"";"ISDIN TROUSSE Acniben Controle + MASQUE PURIFIANT";"0.000";"0.000";"87.143";"103.700";"19.000";"0.000";"";"0";"https://www.parashop.tn/image/cache/catalog/produits/isdin/isdin-trousse-acniben-controle-masque-purifiant-600x315w.jpg";"ISDIN TROUSSE Acniben Controle + MASQUE PURIFIANT";"";"visage";"117.096";"-25%";"";"";"";"https://www.parashop.tn/visage/isdin-trousse-acniben-controle-masque-purifiant"
"PS-ISDIN-TROUSSE-ACNIBEN-SE-3FAF44";"";"ISDIN TROUSSE ACNIBEN SERUM NUIT + MASQUE PURIFIANT";"0.000";"0.000";"110.034";"99.000";"0.000";"0.000";"";"0";"https://www.parashop.tn/image/cache/catalog/produits/isdin/isdin-trousse-acniben-serum-nuit-masque-purifiant-600x315w.jpg";"ISDIN TROUSSE ACNIBEN SERUM NUIT + MASQUE PURIFIANT à bas prix en tunisie sur parashop votre parapharmacie en ligne. Livraison gratuite dès 99DT";"";"visage";"130.940";"-25%";"";"";"";"https://www.parashop.tn/visage/isdin-trousse-acniben-serum-nuit-masque-purifiant"
"PS-ALANIA-PACK-PURETE-VITAM-8A6BBE";"";"ALANIA PACK PURETE+ VITAMINE C SERUM DUO + GEL NETTOYANT + EAU TONIQUE OFFERTE - 2025";"0.000";"0.000";"86.016";"99.000";"15.095";"0.000";"";"0";"https://www.parashop.tn/image/cache/catalog/produits/alania/alania-pack-purete-vitamine-c-serum-duo-gel-nettoyant-eau-tonique-offerte-2025-600x315w.jpg";"ALANIA COFFRET Routine Visage Eclatant  est disponible au meilleur prix chez votre parapharmacie parashop tunisie. Livraison gratuite dès 99DT";"";"visage";"102.359";"-25%";"";"";"";"https://www.parashop.tn/visage/alania-pack-purete-vitamine-c-serum-duo-gel-nettoyant-eau-tonique-offerte-2025"
"PS-INNOVADERM-PACK-DEPIGMEN-3133FB";"";"INNOVADERM PACK DEPIGMENTANT JOUR et NUIT - PEAU SECHE";"0.000";"0.000";"113.613";"135.199";"19.000";"0.000";"";"0";"https://www.parashop.tn/image/cache/catalog/produits/innovaderm/innovaderm-pack-depigmentant-jour-et-nuit-peau-seche-600x315w.jpg";"INNOVADERM PACK DEPIGMENTANT JOUR et NUIT - PEAU SECHE";"";"visage";"161.468";"-25%";"";"";"";"https://www.parashop.tn/visage/innovaderm-pack-depigmentant-jour-et-nuit-peau-seche"
"PS-NOVEXPERT-PACK-ECLAT-ADBD21";"";"NOVEXPERT Pack Eclat";"0.000";"0.000";"138.378";"164.670";"19.000";"0.000";"";"0";"https://www.parashop.tn/image/cache/catalog/produits/novexpert/novexpert-pack-eclat-600x315w.jpg";"novexpert peeling de nuit est un traitement intensif rénovateur d";"";"visage";"0.000";"-25%";"";"";"";"https://www.parashop.tn/visage/novexpert-pack-eclat"
"PS-NOVEXPERT-ED33D5";"";"NOVEXPERT";"0.000";"0.000";"138.378";"164.670";"19.000";"0.000";"";"0";"https://www.parashop.tn/image/cache/data/marques/novexpert-min-600x315w.jpg";"";"NOVEXPERT NOVEXPERT Pack Eclat NOVEXPERT Pack EclatCe pack se compose de";"marque";"206.892";"-25%";"";"";"";"https://www.parashop.tn/novexpert"
"PS-SVR-DENSITIUM-COFFRET-MA-E23EF0";"";"SVR DENSITIUM COFFRET Ma Routine Anti Age Globale - Peaux Normales à Sèches";"0.000";"0.000";"114.008";"135.670";"19.000";"0.000";"";"0";"https://www.parashop.tn/image/cache/catalog/produits/svr/svr-densitium-coffret-ma-routine-anti-age-globale-pns-600x315w.jpg";"SVR DENSITIUM COFFRET Ma Routine Anti Age Globale Peaux Normales à Sèches  au meilleur prix chez parashop tunisie";"";"visage";"168.218";"-25%";"";"";"";"https://www.parashop.tn/visage/svr-densitium-coffret-ma-routine-anti-age-globale-peaux-normales-a-seches"
"PS-SVR-PACK-SEBIACLEAR-ACTI-47EA4C";"";"SVR PACK SEBIACLEAR Active Teinté 40ML​ + EAU MICELLAIRE 75ML OFFERTE - 2025";"0.000";"0.000";"37.739";"44.909";"18.999";"0.000";"";"0";"https://www.parashop.tn/image/cache/catalog/produits/svr/svr-pack-sebiaclear-active-teinte-40ml​-eau-micellaire-75ml-offerte-2025-600x315w.jpg";"SVR PACK SEBIACLEAR Active Teinté 40ML​ + EAU MICELLAIRE 75ML OFFERTE - 2025";"";"visage";"47.088";"-25%";"";"";"";"https://www.parashop.tn/visage/svr-pack-sebiaclear-active-teinte-40ml%E2%80%8B-eau-micellaire-75ml-offerte-2025"
"PS-FILORGA-COPACK-NCEF-REVI-D22258";"";"FILORGA COFFRET NCEF REVITALIZE CREME";"0.000";"0.000";"216.128";"99.000";"0.000";"0.000";"";"0";"https://www.parashop.tn/image/cache/catalog/produits/filorga/filorga-copack-ncef-revitalize-creme-600x315w.jpg";"FILORGA COPACK NCEF REVITALIZE CREME est disponible au meilleur prix chez votre parapharmacie parashop tunisie. Livraison gratuite dès 99DT";"";"visage";"257.192";"-25%";"";"";"";"https://www.parashop.tn/visage/filorga-copack-ncef-revitalize-creme"
"PS-FILORGA-COFFRET-EXPERTIS-619C91";"";"FILORGA COFFRET EXPERTISE ANTI RIDES";"0.000";"0.000";"120.672";"99.000";"0.000";"0.000";"";"0";"https://www.parashop.tn/image/cache/catalog/produits/filorga/filorga-coffret-expertise-anti-rides-600x315w.jpg";"FILORGA COFFRET EXPERTISE ANTI RIDES est disponible au meilleur prix chez votre parapharmacie parashop tunisie. Livraison gratuite dès 99DT";"";"visage";"143.600";"-25%";"";"";"";"https://www.parashop.tn/visage/filorga-coffret-expertise-anti-rides"
"PS-LIERAC-TROUSSE-SERUM-NIA-C71CC0";"";"LIERAC TROUSSE SERUM NIACINAMIDE PUR";"0.000";"0.000";"117.023";"99.000";"0.000";"0.000";"";"0";"https://www.parashop.tn/image/cache/catalog/produits/lierac/lierac-trousse-serum-niacinamide-pur-600x315w.jpg";"LIERAC TROUSSE SERUM NIACINAMIDE PUR est disponible au meilleur prix chez votre parapharmacie parashop tunisie. Livraison gratuite dès 99DT";"";"visage";"139.257";"-25%";"";"";"";"https://www.parashop.tn/visage/lierac-trousse-serum-niacinamide-pur"
"PS-LIERAC-AE51B6";"";"LIERAC";"0.000";"0.000";"117.023";"139.257";"19.000";"0.000";"";"0";"https://www.parashop.tn/image/cache/data/marques/lierac-logo-min-600x315w.jpg";"";"LIERAC LIERAC TROUSSE SERUM NIACINAMIDE PUR LIERAC TROUSSE SERUM NIACINAMIDE PUR Ce pack se compose de";"marque";"155.097";"-25%";"";"";"";"https://www.parashop.tn/lierac"
"PS-ISDIN-TROUSSE-ACNIBEN-GE-E3C6A7";"";"ISDIN TROUSSE ACNIBEN GEL NETTOYANT + Body Spray";"0.000";"0.000";"101.796";"99.000";"0.000";"0.000";"";"0";"https://www.parashop.tn/image/cache/catalog/produits/isdin/isdin-trousse-acniben-gel-nettoyant-body-spray-600x315w.jpg";"ISDIN TROUSSE ACNIBEN GEL NETTOYANT + Body Spray au meilleur prix chez votre parapharmacie parashop tunisie. Livraison gratuite dès 99DT";"";"visage";"121.137";"-25%";"";"";"";"https://www.parashop.tn/visage/isdin-trousse-acniben-gel-nettoyant-body-spray"
"PS-AVENE-COFFERT-SOINS-EXPE-1BAE06";"";"AVENE COFFRET SOINS EXPERTS BOOST";"0.000";"0.000";"122.502";"99.000";"0.000";"0.000";"";"0";"https://www.parashop.tn/image/cache/catalog/produits/avene/avene-coffert-soins-experts-boost-600x315w.jpg";"AVENE COFFRET SOINS EXPERTS BOOST est disponible au meilleur prix chez votre parapharmacie parashop tunisie. Livraison gratuite dès 99DT";"";"visage";"145.777";"-25%";"";"";"";"https://www.parashop.tn/visage/avene-coffert-soins-experts-boost"
"PS-DERMACEUTIC-COFFRET-REVE-AFEAFB";"";"Dermaceutic Coffret Reveal 4X 15ML + Advanced Cleanser 50ML";"0.000";"0.000";"105.600";"99.000";"0.000";"0.000";"";"0";"https://www.parashop.tn/image/cache/catalog/produits/dermaceutic/dermaceutic-coffret-reveal-4x-15ml-advanced-cleanser-50ml-600x315w.jpg";"Dermaceutic Coffret Reveal 4X 15ML + Advanced Cleanser à bas prix en tunisie sur parashop votre parapharmacie en ligne. Livraison gratuite dès 99DT";"";"visage";"125.664";"-25%";"";"";"";"https://www.parashop.tn/visage/dermaceutic-coffret-reveal-4x-15ml-advanced-cleanser-50ml"
"PS-DERMACEUTIC-BCEE16";"";"DERMACEUTIC";"0.000";"0.000";"105.600";"125.664";"19.000";"0.000";"";"0";"https://www.parashop.tn/image/cache/data/marques/dermaceutic-logo-min-600x315w.jpg";"";"DERMACEUTIC Dermaceutic Coffret Reveal 4X 15ML + Advanced Cleanser 50ML Dermaceutic Coffret Reveal 4X 15ML + Advanced Cl";"marque";"174.216";"-25%";"";"";"";"https://www.parashop.tn/dermaceutic"
"PS-LIERAC-PACK-MESOLIFT-C15-594CF3";"";"LIERAC PACK MESOLIFT C15 CONCENTRE EXTEMPORANE 2X15ML - 2025";"0.000";"0.000";"130.334";"155.097";"19.000";"0.000";"";"0";"https://www.parashop.tn/image/cache/catalog/produits/lierac/lierac-pack-mesolift-c15-concentre-extemporane-2x15ml-600x315w.jpg";"LIERAC PACK MESOLIFT C15 CONCENTRE EXTEMPORANE 2X15ML";"";"visage";"182.467";"-25%";"";"";"";"https://www.parashop.tn/visage/lierac-pack-mesolift-c15-concentre-extemporane-2x15ml"
"PS-URIAGE-PACK-EAU-THERMALE-77CC0A";"";"URIAGE PACK EAU THERMALE CREME D";"0.000";"0.000";"61.998";"73.778";"19.001";"0.000";"";"0";"https://www.parashop.tn/image/cache/catalog/produits/uriage/uriage-pack-eau-thermale-creme-deau-legere-contour-des-yeux-eau-micellaire-seches-offerte-600x315w.jpg";"URIAGE PACK EAU THERMALE CREME D";"";"visage";"107.556";"-25%";"";"";"";"https://www.parashop.tn/visage/uriage-pack-eau-thermale-creme-deau-legere-contour-des-yeux-eau-micellaire-seches-offerte"
"PS-AVENE-PACK-HYALURON-ACTI-BCD1D6";"";"AVENE PACK HYALURON ACTIV B3 Aqua Gel Creme + EAU THERMALE 5OML OFFERTE";"0.000";"0.000";"136.395";"99.000";"0.000";"0.000";"";"0";"https://www.parashop.tn/image/cache/catalog/produits/avene/avene-pack-hyaluron-activ-b3-aqua-gel-creme-eau-thermale-5oml-offerte-600x315w.jpg";"AVENE HYALURON ACTIV B3 Aqua Gel Creme disponible à bas en tunisie sur parashop votre parapharmacie en ligne. Livraison gratuite dès 99DT";"";"visage";"162.310";"-25%";"";"";"";"https://www.parashop.tn/visage/avene-pack-hyaluron-activ-b3-aqua-gel-creme-eau-thermale-5oml-offerte"
"PS-DUCRAY-PACK-KERACNYL-SER-68B832";"";"DUCRAY PACK KERACNYL SERUM 30ML";"0.000";"0.000";"65.210";"77.600";"19.000";"0.000";"";"0";"https://www.parashop.tn/image/cache/catalog/produits/ducray/ducray-pack-keracnyl-serum-30ml-600x315w.jpg";"DUCRAY PACK KERACNYL SERUM 30ML";"";"visage";"99.000";"-25%";"";"";"";"https://www.parashop.tn/visage/ducray-pack-keracnyl-serum-30ml"
"PS-DUCRAY-KERACNYL-PACK-GEL-F8DFD8";"";"DUCRAY KERACNYL PACK GEL MOUSSANT 400ML + BANDEAU OFFERT";"0.000";"0.000";"54.604";"64.979";"19.000";"0.000";"";"0";"https://www.parashop.tn/image/cache/catalog/produits/ducray/ducray-keracnyl-pack-gel-moussant-400ml-bandeau-offert-600x315w.jpg";"Le gel moussant Keracnyl Ducray est adapté aux peaux à tendance acnéique, points noirs, boutons, Visage Corps. A prix bas tunisie";"";"visage";"68.355";"-25%";"";"";"";"https://www.parashop.tn/visage/ducray-keracnyl-pack-gel-moussant-400ml-bandeau-offert"
"PS-INNOVADERM-PACK-CREME-RI-1D36B0";"";"INNOVADERM PACK CREME RICHE";"0.000";"0.000";"36.849";"99.000";"168.664";"0.000";"";"0";"https://www.parashop.tn/image/cache/catalog/produits/innovaderm/innovaderm-pack-creme-riche-600x315w.jpg";"INNOVADERM PACK CREME RICHE  est disponible au meilleur prix chez votre parapharmacie parashop tunisie. Livraison gratuite dès 99DT";"";"visage";"0.000";"-25%";"";"";"";"https://www.parashop.tn/visage/innovaderm-pack-creme-riche"
"PS-INNOVADERM-8EB117";"";"Innovaderm";"0.000";"0.000";"113.613";"135.199";"19.000";"0.000";"";"0";"https://www.parashop.tn/image/cache/catalog/marques/Innovaderm-logo-min-600x315w.jpg";"";"Innovaderm INNOVADERM PACK DEPIGMENTANT JOUR et NUIT - PEAU MIXTE A GRASSE INNOVADERM PACK DEPIGMENTANT JOUR et NUIT - P";"marque";"160.488";"-25%";"";"";"";"https://www.parashop.tn/Innovaderm"
"PS-ENEOMEY-TROUSSE-DUO-HYDR-64570C";"";"ENEOMEY TROUSSE DUO HYDRATANT ET NOURRISSANT";"0.000";"0.000";"144.000";"99.000";"0.000";"0.000";"";"0";"https://www.parashop.tn/image/cache/catalog/produits/eneomey/eneomey-trousse-duo-hydratant-et-nourrissant-600x315w.jpg";"ENEOMEY TROUSSE DUO HYDRATANT ET NOURRISSANT est disponible au meilleur prix chez votre parapharmacie parashop tunisie. Livraison gratuite dès 99DT";"";"visage";"171.360";"-25%";"";"";"";"https://www.parashop.tn/visage/eneomey-trousse-duo-hydratant-et-nourrissant"
"PS-LA-ROCHE-POSAY-PACK-PIGM-C07910";"";"LA ROCHE POSAY PACK PIGMENTCLAR UV SPF30 + EAU THERMALE 50ML OFFERTE";"0.000";"0.000";"153.600";"182.784";"19.000";"0.000";"";"0";"https://www.parashop.tn/image/cache/catalog/produits/laroche-posay/la-roche-posay-pack-pigmentclar-uv-spf30-eau-thermale-50ml-offerte-600x315w.jpg";"LA ROCHE POSAY PACK PIGMENTCLAR UV SPF30 + EAU THERMALE 50ML OFFERTE";"";"visage";"0.000";"-25%";"";"";"";"https://www.parashop.tn/visage/la-roche-posay-pack-pigmentclar-uv-spf30-eau-thermale-50ml-offerte"
"PS-LA-ROCHE-POSAY-FC3354";"";"LA ROCHE-POSAY";"0.000";"0.000";"50.420";"60.000";"19.000";"0.000";"";"0";"https://www.parashop.tn/image/cache/catalog/marques/la-roche-posay-logo-min-600x315w.jpg";"";"LA ROCHE-POSAY LA ROCHE POSAY LIPIKAR LAIT UREA 10% 200ML LA ROCHE POSAY LIPIKAR LAIT UREA 10% 200MLLA ROCHE POSAY LIPIK";"marque";"79.254";"-25%";"";"";"";"https://www.parashop.tn/la-roche-posay"
"PS-SVR-DENSITIUM-DUO-RESTRU-22CC57";"";"SVR DENSITIUM Duo Restructurant et Redensifiant";"0.000";"0.000";"129.268";"99.000";"0.000";"0.000";"";"0";"https://www.parashop.tn/image/cache/catalog/produits/svr/svr-densitium-duo-restructurant-et-redensifiant-600x315w.jpg";"SVR DENSITIUM Duo Restructurant et Redensifiant à bas prix en tunisie sur parashop votre parapharmacie en ligne. Livraison gratuite dès 99DT";"";"visage";"153.829";"-25%";"";"";"";"https://www.parashop.tn/visage/svr-densitium-duo-restructurant-et-redensifiant"
"PS-NOVEXPERT-PACK-ANTI-TACH-B8C56B";"";"NOVEXPERT PACK ANTI TACHES";"0.000";"0.000";"173.859";"99.000";"0.000";"0.000";"";"0";"https://www.parashop.tn/image/cache/catalog/produits/novexpert/novexpert-pack-anti-taches-600x315w.jpg";"NOVEXPERT Serum Booster Anti taches est disponible au meilleur prix chez votre parapharmacie parashop tunisie. Livraison gratuite dès 99DT";"";"visage";"206.892";"-25%";"";"";"";"https://www.parashop.tn/visage/novexpert-pack-anti-taches"
"PS-LA-ROCHE-POSAY-COFFRET-P-90D57D";"";"LA ROCHE POSAY COFFRET PURE VITAMIN C12 SERUM + UVMUNE 400 Fluide Invisible 15ML OFFERT";"0.000";"0.000";"141.600";"168.504";"19.000";"0.000";"";"0";"https://www.parashop.tn/image/cache/catalog/produits/laroche-posay/la-roche-posay-coffret-hyalu-b5-serum-uvmune-400-fluide-invisible-15ml-offert-600x315w.jpg";"LA ROCHE POSAY COFFRET PURE VITAMIN C12 SERUM + UVMUNE 400 Fluide Invisible 15ML OFFERT";"";"visage";"0.000";"-25%";"";"";"";"https://www.parashop.tn/visage/la-roche-posay-coffret-pure-vitamin-c12-serum-uvmune-400-fluide-invisible-15ml-offert"
"PS-SENSILIS-PACK-SKIN-GLOW--E1B67B";"";"SENSILIS PACK SKIN GLOW ILLUMINATION TREATMENT";"0.000";"0.000";"164.916";"196.250";"19.000";"0.000";"";"0";"https://www.parashop.tn/image/cache/catalog/produits/sensilis/sensilis-pack-skin-glow-illumination-treatment-600x315w.jpg";"SENSILIS PACK SKIN GLOW ILLUMINATION TREATMENT";"";"visage";"220.426";"-25%";"";"";"";"https://www.parashop.tn/visage/sensilis-pack-skin-glow-illumination-treatment"
"PS-NUXE-TROUSSE-MERVEILLANC-C19FB7";"";"NUXE TROUSSE Merveillance Lift Le Serum en Huile Activateur de Fermete";"0.000";"0.000";"132.960";"158.222";"19.000";"0.000";"";"0";"https://www.parashop.tn/image/cache/catalog/produits/nuxe/nuxe-trousse-merveillance-lift-le-serum-en-huile-activateur-de-fermete-600x315w.jpg";"NUXE TROUSSE Merveillance Lift Le Serum en Huile Activateur de Fermete";"";"visage";"0.000";"-25%";"";"";"";"https://www.parashop.tn/visage/nuxe-trousse-merveillance-lift-le-serum-en-huile-activateur-de-fermete"
"PS-SENSILIS-PACK-UPGRADE-SE-7DAF8C";"";"SENSILIS PACK UPGRADE Serum + HYDRA ESSENCE GEL SORBET OFFERT";"0.000";"0.000";"173.980";"207.036";"19.000";"0.000";"";"0";"https://www.parashop.tn/image/cache/catalog/produits/sensilis/sensilis-pack-upgrade-serum-hydra-essence-gel-sorbet-offert-600x315w.jpg";"SENSILIS UPGRADE Sérum est un concentré de rajeunissement intensif qui lisse les rides et les lignes d";"";"visage";"271.296";"-25%";"";"";"";"https://www.parashop.tn/visage/sensilis-pack-upgrade-serum-hydra-essence-gel-sorbet-offert"
"PS-SENSILIS-PURIFY-ESSENTIA-F617B5";"";"SENSILIS PURIFY ESSENTIAL CLEANSER 200ML";"0.000";"0.000";"26.387";"99.000";"275.185";"0.000";"";"0";"https://www.parashop.tn/image/cache/catalog/produits/sensilis/sensilis-purify-essential-cleanser-200ml-600x315w.jpg";"SENSILIS PURIFY ESSENTIAL CLEANSER est disponible au meilleur prix chez votre parapharmacie parashop tunisie. Livraison gratuite dès 99DT";"";"visage";"0.000";"-25%";"";"";"";"https://www.parashop.tn/visage/sensilis-purify-essential-cleanser-200ml"
"PS-SVR-TROUSSE-AMPOULE-A-LI-E7F320";"";"SVR TROUSSE AMPOULE A LIFT + SUN SECURE BLUR";"0.000";"0.000";"128.571";"153.000";"19.000";"0.000";"";"0";"https://www.parashop.tn/image/cache/catalog/produits/svr/svr-trousse-ampoule-a-lift-sun-secure-blur-600x315w.jpg";"SVR TROUSSE AMPOULE A LIFT + SUN SECURE BLUR";"";"visage";"183.333";"-25%";"";"";"";"https://www.parashop.tn/visage/svr-trousse-ampoule-a-lift-sun-secure-blur"
"PS-NUXE-TROUSSE-MERVEILLANC-2786B0";"";"NUXE TROUSSE MERVEILLANCE LIFT GLOW";"0.000";"0.000";"126.983";"99.000";"0.000";"0.000";"";"0";"https://www.parashop.tn/image/cache/catalog/produits/nuxe/nuxe-trousse-merveillance-lift-glow-600x315w.jpg";"NUXE TROUSSE MERVEILLANCE LIFT GLOW  au meilleur prix chez votre parapharmacie parashop tunisie. Livraison gratuite dès 99DT";"";"visage";"151.110";"-25%";"";"";"";"https://www.parashop.tn/visage/nuxe-trousse-merveillance-lift-glow"
"PS-AVENE-HYDRANCE-RICHE-CRE-22CE22";"";"AVENE HYDRANCE RICHE CREME HYDRATANTE 40ML";"0.000";"0.000";"35.764";"99.000";"176.815";"0.000";"";"0";"https://www.parashop.tn/image/cache/catalog/produits/avene/avene-hydrance-riche-creme-hydratante-40ml-new-600x315w.jpg";"crème avene hydrance permet hydrate et apaise la peau à bas prix en tunisie sur parashop votre parapharmacie en ligne. Livraison gratuite dès 99DT";"";"visage";"0.000";"-25%";"";"";"";"https://www.parashop.tn/visage/avene-hydrance-riche-creme-hydratante-40ml"
"PS-AVENE-COFFRET-EFFET-FRAI-A6C888";"";"AVENE PACK HYALURON ACTIV B3";"0.000";"0.000";"122.502";"99.000";"0.000";"0.000";"";"0";"https://www.parashop.tn/image/cache/catalog/produits/avene/avene-coffret-effet-frais-et-tenseur-immediat-600x315w.jpg";"AVENE PACK HYALURON ACTIV B3 disponible au meilleur prix chez votre parapharmacie parashop tunisie. Livraison gratuite dès 99DT";"";"visage";"145.777";"-25%";"";"";"";"https://www.parashop.tn/visage/avene-coffret-effet-frais-et-tenseur-immediat"
"PS-NUXE-TROUSSE-PRODIGIEUSE-407D9D";"";"NUXE TROUSSE Prodigieuse Boost Creme Eclat Multi Correction";"0.000";"0.000";"92.395";"99.000";"7.149";"0.000";"";"0";"https://www.parashop.tn/image/cache/catalog/produits/nuxe/nuxe-trousse-prodigieuse-boost-creme-eclat-multi-correction-600x315w.jpg";"NUXE TROUSSE Prodigieuse Boost Creme Eclat Multi Correction disponible au meilleur prix chez votre parapharmacie parashop tunisie. Livraison gratuite dès 99DT";"";"visage";"109.950";"-25%";"";"";"";"https://www.parashop.tn/visage/nuxe-trousse-prodigieuse-boost-creme-eclat-multi-correction"
"PS-CLINIC-WAY-TROUSSE-2-CRE-497F0B";"";"CLINIC WAY TROUSSE 2 CREME DE JOUR +CREME DE NUIT -50%";"0.000";"0.000";"95.010";"99.000";"4.200";"0.000";"";"0";"https://www.parashop.tn/image/cache/catalog/produits/clinicway/clinic-way-trousse-2-creme-de-jour-creme-de-nuit-600x315w.jpg";"CLINIC WAY TROUSSE 2 CREME DE JOUR +CREME DE NUIT -50% est disponible au meilleur prix chez votre parapharmacie parashop tunisie. Livraison gratuite dès 99DT";"";"visage";"113.062";"-50%";"";"";"";"https://www.parashop.tn/visage/clinic-way-trousse-2-creme-de-jour-creme-de-nuit-50"
"PS-ALANIA-PACK-SERUM-DUO-EA-946B9D";"";"ALANIA PACK SERUM DUO + EAU MICELLAIRE + GEL NETTOYANT OFFERT";"0.000";"0.000";"82.560";"99.000";"19.913";"0.000";"";"0";"https://www.parashop.tn/image/cache/catalog/produits/alania/alania-pack-serum-duo-eau-micellaire-gel-nettoyant-offert-600x315w.jpg";"ALANIA PACK SERUM DUO + EAU MICELLAIRE + GEL NETTOYANT OFFERT au meilleur prix chez votre parapharmacie parashop tunisie. Livraison gratuite dès 99DT";"";"visage";"122.808";"-25%";"";"";"";"https://www.parashop.tn/visage/alania-pack-serum-duo-eau-micellaire-gel-nettoyant-offert"
"PS-CLINIC-WAY-TROUSSE-5-CRE-DA3EA8";"";"CLINIC WAY TROUSSE 5 CREME DE JOUR +CREME DE NUIT -50%";"0.000";"0.000";"117.210";"99.000";"0.000";"0.000";"";"0";"https://www.parashop.tn/image/cache/catalog/produits/clinic-way-trousse-5-creme-de-jour-creme-de-nuit-600x315w.jpg";"CLINIC WAY TROUSSE 5 CREME DE JOUR +CREME DE NUIT -50% est disponible au meilleur prix chez votre parapharmacie parashop tunisie. Livraison gratuite dès 99DT";"";"visage";"139.480";"-50%";"";"";"";"https://www.parashop.tn/visage/clinic-way-trousse-5-creme-de-jour-creme-de-nuit-50"
"PS-DR-IRENA-ERIS-D004CA";"";"Dr Irena Eris";"0.000";"0.000";"95.010";"113.062";"19.000";"0.000";"";"0";"https://www.parashop.tn/image/cache/data/marques/irena-eris-logo-250x250-min-600x315w.jpg";"";"Dr Irena Eris CLINIC WAY TROUSSE 2 CREME DE JOUR +CREME DE NUIT -50% CLINIC WAY TROUSSE 2 CREME DE JOUR +CREME DE NUIT -";"marque";"139.480";"-25%";"";"";"";"https://www.parashop.tn/dr-irena-eris"
"PS-NUXE-PACK-AQUABELLA-EMUL-14BE24";"";"NUXE PACK Aquabella Emulsion Hydratante + VERY ROSE Eau Micellaire 40ML OFFERTE";"0.000";"0.000";"68.347";"81.333";"19.000";"0.000";"";"0";"https://www.parashop.tn/image/cache/catalog/produits/nuxe/nuxe-pack-aquabella-emulsion-hydratante-very-rose-eau-micellaire-40ml-offerte-600x315w.jpg";"NUXE PACK Aquabella Emulsion Hydratante + VERY ROSE Eau Micellaire 40ML OFFERTE au meilleur prix chez parashop tunisie";"";"visage";"155.554";"-25%";"";"";"";"https://www.parashop.tn/visage/nuxe-pack-aquabella-emulsion-hydratante-very-rose-eau-micellaire-40ml-offerte"
"PS-NUXE-TROUSSE-MERVEILLANC-C45958";"";"NUXE TROUSSE Merveillance Lift Creme Poudree Effet Liftant";"0.000";"0.000";"130.718";"155.554";"19.000";"0.000";"";"0";"https://www.parashop.tn/image/cache/catalog/produits/nuxe/nuxe-trousse-merveillance-lift-creme-poudree-effet-liftant-600x315w.jpg";"NUXE TROUSSE Merveillance Lift Creme Poudree Effet Liftant Au meilleur prix chez parashop tunisie";"";"visage";"0.000";"-25%";"";"";"";"https://www.parashop.tn/visage/nuxe-trousse-merveillance-lift-creme-poudree-effet-liftant"
"PS-SVR-HYDRALIANE-CREME-LEG-C69A2E";"";"SVR HYDRALIANE CREME LEGERE 50ML";"0.000";"0.000";"36.975";"99.000";"167.748";"0.000";"";"0";"https://www.parashop.tn/image/cache/catalog/produits/svr/svr-hydraliane-creme-legere-50ml-600x315w.jpg";"SVR HYDRALIANE CREME LEGEREà bas prix en tunisie sur parashop votre parapharmacie en ligne. Livraison gratuite dès 99DT";"";"visage";"0.000";"-25%";"";"";"";"https://www.parashop.tn/visage/svr-hydraliane-creme-legere-50ml"
"PS-SVR-TOPIALYSE-CREME-200M-149FCD";"";"SVR TOPIALYSE CREME 200ML";"0.000";"0.000";"35.308";"99.000";"180.390";"0.000";"";"0";"https://www.parashop.tn/image/cache/catalog/produits/svr/svr-topialyse-creme-anti-dessechement-200ml-600x315w.jpg";"SVR TOPIALYSE CREME 200ML à bas prix en tunisie sur parashop votre parapharmacie en ligne. Livraison gratuite dès 99DT";"";"visage";"0.000";"-25%";"";"";"";"https://www.parashop.tn/visage/svr-topialyse-creme-200ml"
"PS-AVENE-CICALFATE-CREME-RE-D40483";"";"AVENE CICALFATE+ Creme Reparatrice Multiprotectrice SPF 50+ 30ML";"0.000";"0.000";"40.190";"99.000";"146.330";"0.000";"";"0";"https://www.parashop.tn/image/cache/catalog/produits/avene/avene-cicalfate-creme-reparatrice-multiprotectrice-spf-50-30ml-600x315w.jpg";"AVENE CICALFATE+ Creme  SPF 50+ est disponible au meilleur prix chez votre parapharmacie parashop tunisie. Livraison gratuite dès 99DT";"";"visage";"0.000";"-25%";"";"";"";"https://www.parashop.tn/visage/avene-cicalfate-creme-reparatrice-multiprotectrice-spf-50-30ml"
"PS-FILORGA-UV-BRONZE-FLUIDE-0516DD";"";"FILORGA UV BRONZE VISAGE SPF50+ 40ML";"0.000";"0.000";"74.046";"99.000";"33.701";"0.000";"";"0";"https://www.parashop.tn/image/cache/data/images_produits/Filorga/filorga-uv-bronze-fluide-solaire-anti-age-spf50-600x315w.jpg";"FILORGA UV-BRONZE VISAGE SPF50+ à bas prix en tunisie sur parashop votre parapharmacie en ligne. Livraison gratuite dès 99DT";"";"visage";"0.000";"-25%";"";"";"";"https://www.parashop.tn/visage/filorga-uv-bronze-fluide-solaire-anti-age-spf50-40ml"
"PS-FILORGA-UV-DEFENCE-SPF-5-A8633E";"";"FILORGA UV DEFENCE Soin Anti Age Anti Taches SPF50+";"0.000";"0.000";"73.046";"99.000";"35.531";"0.000";"";"0";"https://www.parashop.tn/image/cache/data/duo/filorga-uv-defense-600x315w.jpg";"FILORGA UV DEFENCE SPF 50 à bas prix en tunisie sur parashop votre parapharmacie en ligne. Livraison gratuite dès 99DT";"";"visage";"0.000";"-25%";"";"";"";"https://www.parashop.tn/visage/filorga-uv-defence-spf-50-40-ml"
"PS-INODERMA-SKIN-BOOSTER-SE-79A832";"";"INODERMA SKIN BOOSTER SERUM BOOSTER INTENSE 30ML";"0.000";"0.000";"33.599";"39.983";"19.001";"0.000";"";"0";"https://www.parashop.tn/image/cache/catalog/produits/inoderma/inoderma-skin-booster-serum-booster-intense-30-ml-600x315w.jpg";"INODERMA SKIN BOOSTER SERUM BOOSTER INTENSE contribue à faire renaître la luminosité du teint. Au meilleur prix chez parashop tunisie";"";"visage";"47.040";"-25%";"";"";"";"https://www.parashop.tn/visage/inoderma-skin-booster-serum-booster-intense-30ml"
"PS-NUXE-COFFRET-REVE-DE-MIE-9771C0";"";"Nuxe Coffret Reve De Miel Soin levres au Miel 10ML";"0.000";"0.000";"49.670";"99.000";"99.315";"0.000";"";"0";"https://www.parashop.tn/image/cache/catalog/produits/nuxe/nuxe-coffret-reve-de-miel-soin-levres-au-miel-10-ml-600x315w.jpg";"Nuxe Coffret Reve De Miel Soin levres au Miel est disponible au meilleur prix chez votre parapharmacie parashop tunisie. Livraison gratuite dès 99DT";"";"visage";"0.000";"-25%";"";"";"";"https://www.parashop.tn/visage/nuxe-coffret-reve-de-miel-soin-levres-au-miel-10-ml"
"PS-SVR-AMPOULE-B3-HYDRA-30M-789FF5";"";"SVR AMPOULE B3 HYDRA 30ML";"0.000";"0.000";"101.445";"120.720";"19.000";"0.000";"";"0";"https://www.parashop.tn/image/cache/catalog/produits/svr/svr-ampoule-b3-hydra-30ml-600x315w.jpg";"SVR ampoule B3 Hydratante est le sérum ultra-concentré en vitamine B3 apaise et renforce l’épiderme. Elle recharge les réserves hydriques de la peau.";"";"visage";"134.133";"-25%";"";"";"";"https://www.parashop.tn/visage/svr-ampoule-b3-hydra-30ml"
"PS-LA-ROCHE-POSAY-COFFRET-H-573DBA";"";"LA ROCHE POSAY COFFRET HYALU B5 AQUAGEL SPF30";"0.000";"0.000";"141.360";"168.218";"19.000";"0.000";"";"0";"https://www.parashop.tn/image/cache/catalog/produits/laroche-posay/la-roche-posay-coffret-hyalu-b5-aquagel-600x315w.jpg";"LA ROCHE POSAY COFFRET HYALU B5 AQUAGEL SPF30  à prix bas en tunisie chez parashop. Livraison à domicile assuree.";"";"visage";"0.000";"-25%";"";"";"";"https://www.parashop.tn/visage/la-roche-posay-coffret-hyalu-b5-aquagel-spf30"
"PS-NUXE-NUXURIANCE-TROUSSE--7BB493";"";"NUXE NUXURIANCE TROUSSE INNOVATION ANTI-AGE LE SERUM CORRECTEUR DE TACHES";"0.000";"0.000";"186.741";"222.222";"19.000";"0.000";"";"0";"https://www.parashop.tn/image/cache/catalog/produits/nuxe/nuxe-nuxuriance-trousse-innovation-anti-age-le-serum-correcteur-de-taches-600x315w.jpg";"NUXE NUXURIANCE TROUSSE INNOVATION ANTI-AGE LE SERUM CORRECTEUR DE TACHES au meilleur prix chez parashop tunisie";"";"visage";"0.000";"-25%";"";"";"";"https://www.parashop.tn/visage/nuxe-nuxuriance-trousse-innovation-anti-age-le-serum-correcteur-de-taches"
"PS-NUXE-PACK-CREME-FRAICHE--EE3A4F";"";"NUXE PACK Crème Fraîche de Beauté Repulpante hydratante + VERY ROSE Eau Micellaire 50ML OFFERTE";"0.000";"0.000";"70.214";"83.555";"19.000";"0.000";"";"0";"https://www.parashop.tn/image/cache/catalog/produits/nuxe/nuxe-pack-creme-fraiche-de-beaute-repulpante-hydratante-very-rose-eau-micellaire-50ml-offerte-600x315w.jpg";"NUXE PACK Crème Fraîche de Beauté Repulpante hydratante + VERY ROSE Eau Micellaire 50ML OFFERTE";"";"visage";"88.625";"-25%";"";"";"";"https://www.parashop.tn/visage/nuxe-pack-creme-fraiche-de-beaute-repulpante-hydratante-very-rose-eau-micellaire-50ml-offerte"
"PS-NUXE-TROUSSE-NUXURIANCE--E571FC";"";"NUXE TROUSSE NUXURIANCE LE SERUM CORRECTEUR DE TACHES";"0.000";"0.000";"186.741";"222.222";"19.000";"0.000";"";"0";"https://www.parashop.tn/image/cache/catalog/produits/nuxe/nuxe-trousse-nuxuriance-le-serum-correcteur-de-taches-600x315w.jpg";"NUXE TROUSSE NUXURIANCE LE SERUM CORRECTEUR DE TACHES";"";"visage";"0.000";"-25%";"";"";"";"https://www.parashop.tn/visage/nuxe-trousse-nuxuriance-le-serum-correcteur-de-taches"
"PS-SENSILIS-PACK-UPGRADE-AR-B697C1";"";"SENSILIS PACK UPGRADE AR Crème + Hydra Essence Cream OFFERTE";"0.000";"0.000";"164.127";"195.311";"19.000";"0.000";"";"0";"https://www.parashop.tn/image/cache/catalog/produits/sensilis/sensilis-pack-upgrade-ar-creme-hydra-essence-cream-offerte-600x315w.jpg";"SENSILIS PACK UPGRADE AR Crème + Hydra Essence Cream OFFERTE disponible chez en tunisie chez parashop à bas prix";"";"visage";"259.571";"-25%";"";"";"";"https://www.parashop.tn/visage/sensilis-pack-upgrade-ar-creme-hydra-essence-cream-offerte"
"PS-SVR-HYDRALIANE-CREME-RIC-B5FA4D";"";"SVR HYDRALIANE CREME RICHE 50ML";"0.000";"0.000";"36.975";"99.000";"167.748";"0.000";"";"0";"https://www.parashop.tn/image/cache/catalog/produits/svr/svr-hydraliane-creme-riche-50ml-600x315w.jpg";"SVR HYDRALIANE CREME RICHE est disponible au meilleur prix chez votre parapharmacie parashop tunisie. Livraison gratuite dès 99DT";"";"visage";"120.573";"-25%";"";"";"";"https://www.parashop.tn/visage/svr-hydraliane-creme-riche-50ml"
"PS-SVR-TOPYALISE-CREME-BARR-8CE493";"";"SVR TOPIALYSE BARRIERE CREME REPARATRICE 50ML";"0.000";"0.000";"25.378";"30.200";"19.001";"0.000";"";"0";"https://www.parashop.tn/image/cache/catalog/produits/svr/svr-topyalise-creme-barriere-50ml-600x315w.jpg";"SVR Topyaliise est une crème barrière qui protège et renforce la barrière cutanée. En effet, sa texture non grasse et résistante à l";"";"visage";"33.226";"-25%";"";"";"";"https://www.parashop.tn/visage/svr-topyalise-creme-barriere-75-ml"
"PS-SVR-TOPIALYSE-PALPEBRAL--B11771";"";"SVR TOPIALYSE PALPEBRAL CREME PAUPIERES IRRITEES 15ML";"0.000";"0.000";"30.756";"36.600";"19.001";"0.000";"";"0";"https://www.parashop.tn/image/cache/catalog/produits/svr/svr-topialyse-palpebral-creme-paupieres-irritees-15ml-600x315w.jpg";"SVR TOPIALYSE PALPEBRAL CREME PAUPIERES IRRITEES qui apaise les paupières et diminue les sensibilités et le grattage.";"";"visage";"42.503";"-25%";"";"";"";"https://www.parashop.tn/visage/svr-topialyse-palpebral-creme-paupieres-irritees-10ml"
"PS-URIAGE-EAU-THERMALE-CREM-7EC7C7";"";"URIAGE EAU THERMALE CREME D’EAU RICHE 40ML";"0.000";"0.000";"30.252";"36.000";"19.000";"0.000";"";"0";"https://www.parashop.tn/image/cache/catalog/produits/uriage/uriage-eau-thermale-creme-deau-riche-600x315w.jpg";"URIAGE EAU THERMALE CREME D’EAU RICHE, onctueuse nourrit les peaux les plus assoiffées en profondeur. Au meilleur prix chez parashop tunisie";"";"visage";"42.078";"-25%";"";"";"";"https://www.parashop.tn/visage/uriage-eau-thermale-creme-deau-riche"
"PS-URIAGE-EAU-THERMALE-GELE-CFA37C";"";"URIAGE EAU THERMALE GELEE D";"0.000";"0.000";"30.252";"36.000";"19.000";"0.000";"";"0";"https://www.parashop.tn/image/cache/catalog/produits/uriage/uriage-eau-thermale-gelee-deau-50ml-600x315w.jpg";"URIAGE EAU THERMALE GELÉE D";"";"visage";"42.078";"-25%";"";"";"";"https://www.parashop.tn/visage/uriage-eau-thermale-gelee-deau-50ml"
"PS-MURIAC-TROUSSE-FETE-DES--5A34A2";"";"MURIAC TROUSSE FETE DES MERES";"0.000";"0.000";"93.992";"99.000";"5.328";"0.000";"";"0";"https://www.parashop.tn/image/cache/catalog/produits/muriac/muriac-trousse-fete-des-meres-600x315w.jpg";"MURIAC TROUSSE FETES DE MERES est disponible au meilleur prix chez votre parapharmacie parashop tunisie. Livraison gratuite dès 99DT";"";"visage";"111.850";"-25%";"";"";"";"https://www.parashop.tn/visage/muriac-trousse-fete-des-meres"
"PS-NUXE-NUXURIANCE-TROUSSE--6413B0";"";"NUXE NUXURIANCE TROUSSE INNOVATION ANTI-AGE LE SOIN CIBLE REGARD ET LEVRES";"0.000";"0.000";"126.983";"151.110";"19.000";"0.000";"";"0";"https://www.parashop.tn/image/cache/catalog/produits/nuxe/nuxe-nuxuriance-trousse-innovation-anti-age-le-soin-cible-regard-et-levres-600x315w.jpg";"NUXE NUXURIANCE TROUSSE INNOVATION ANTI-AGE LE SOIN CIBLE REGARD ET LEVRES au meilleur prix chez parashop tunisie";"";"visage";"0.000";"-25%";"";"";"";"https://www.parashop.tn/visage/nuxe-nuxuriance-trousse-innovation-anti-age-le-soin-cible-regard-et-levres"
"PS-NUXE-TROUSSE-MERVEILLANC-B4B018";"";"NUXE TROUSSE Merveillance Lift Creme Velours Effet Liftant";"0.000";"0.000";"130.718";"155.554";"19.000";"0.000";"";"0";"https://www.parashop.tn/image/cache/catalog/produits/nuxe/nuxe-trousse-merveillance-lift-creme-velours-effet-liftant-600x315w.jpg";"NUXE TROUSSE Merveillance Lift Creme Velours Effet Liftant";"";"visage";"0.000";"-25%";"";"";"";"https://www.parashop.tn/visage/nuxe-trousse-merveillance-lift-creme-velours-effet-liftant"
"PS-NUXE-TROUSSE-PRODIGIEUSE-5EEE1E";"";"NUXE TROUSSE PRODIGIEUSE BOOST SERUM VITAMINE C";"0.000";"0.000";"124.058";"99.000";"0.000";"0.000";"";"0";"https://www.parashop.tn/image/cache/catalog/produits/nuxe/nuxe-trousse-prodigieuse-boost-serum-vitamine-c-600x315w.jpg";"NUXE TROUSSE PRODIGIEUSE BOOST SERUM VITAMINE C  meilleur prix chez votre parapharmacie parashop tunisie. Livraison gratuite dès 99DT";"";"visage";"147.629";"-25%";"";"";"";"https://www.parashop.tn/visage/nuxe-trousse-prodigieuse-boost-serum-vitamine-c"
"PS-SVR-B3-ESSENCE-HYDRA-150-08172B";"";"SVR B3 Essence Hydra 150ML";"0.000";"0.000";"55.252";"99.000";"79.179";"0.000";"";"0";"https://www.parashop.tn/image/cache/data/images_produits/SVR/svr-b3-essence-hydra-150ml-600x315w.jpg";"SVR [B3] Essence Hydra 150ML est une lotion destinée aux peaux sensibles et déshydratées. à bas prix en tunisie sur parashop votre parapharmacie en ligne. Livraison gratuite dès 99DT";"";"visage";"0.000";"-25%";"";"";"";"https://www.parashop.tn/visage/svr-b3-essence-hydra-150ml"
"PS-NUXE-NUXURIANCE-TROUSSE--666F72";"";"NUXE NUXURIANCE TROUSSE INNOVATION ANTI-AGE LA CREME ANTI-AGE GLOBAL";"0.000";"0.000";"179.271";"213.332";"19.000";"0.000";"";"0";"https://www.parashop.tn/image/cache/catalog/produits/nuxe/nuxe-nuxuriance-trousse-innovation-anti-age-la-creme-anti-age-global-600x315w.jpg";"NUXE NUXURIANCE TROUSSE INNOVATION ANTI-AGE LA CREME ANTI-AGE GLOBAL Au meilleur prix chez parashop tunisie";"";"visage";"0.000";"-25%";"";"";"";"https://www.parashop.tn/visage/nuxe-nuxuriance-trousse-innovation-anti-age-la-creme-anti-age-global"
"PS-SVR-HYDRALIANE-CREME-50M-EA6549";"";"SVR HYDRALIANE CREME 50ML";"0.000";"0.000";"36.975";"99.000";"167.748";"0.000";"";"0";"https://www.parashop.tn/image/cache/catalog/produits/svr/svr-hydraliane-creme-50ml-600x315w.jpg";"SVR HYDRALIANE CREME à bas prix en tunisie sur parashop votre parapharmacie en ligne. Livraison gratuite dès 99DT";"";"visage";"103.294";"-25%";"";"";"";"https://www.parashop.tn/visage/svr-hydraliane-creme-50ml"
"PS-SENSILIS-HYDRA-ESSENCE-G-A2F0E3";"";"SENSILIS HYDRA ESSENCE GEL SORBET 40ML";"0.000";"0.000";"48.319";"99.000";"104.888";"0.000";"";"0";"https://www.parashop.tn/image/cache/catalog/produits/sensilis/sensilis-hydra-essence-gel-sorbet-40ml-600x315w.jpg";"SENSILIS HYDRA ESSENCE GEL SORBET est disponible au meilleur prix chez votre parapharmacie parashop tunisie. Livraison gratuite dès 99DT";"";"visage";"0.000";"-25%";"";"";"";"https://www.parashop.tn/visage/sensilis-hydra-essence-gel-sorbet-40ml"
"PS-AVENE-HYDRANCE-AQUA-GEL--1A1A2E";"";"AVENE HYDRANCE AQUA GEL CREME HYDRATANT 50ML";"0.000";"0.000";"43.630";"51.920";"19.001";"0.000";"";"0";"https://www.parashop.tn/image/cache/catalog/produits/avene/avene-hydrance-aqua-gel-creme-hydratant-50-ml-600x315w.jpg";"AVENE HYDRANCE AQUA GEL hydrate apaise et offre une sensation voile d";"";"visage";"57.689";"-25%";"";"";"";"https://www.parashop.tn/visage/avene-hydrance-aqua-gel-creme-hydratant-50ml"
"PS-AVENE-HYDRANCE-LEGERE-EM-5CB844";"";"AVENE HYDRANCE LIGHT CREME HYDRATANTE 40ML";"0.000";"0.000";"35.764";"42.559";"19.000";"0.000";"";"0";"https://www.parashop.tn/image/cache/catalog/produits/avene/avene-hydrance-light-creme-hydratante-40ml-600x315w.jpg";"Adoptez AVENE HYDRANCE LEGERE EMULSION pour une peau intensément hydraté, disponible au meilleur prix en tunisie chez parashop";"";"visage";"47.288";"-25%";"";"";"";"https://www.parashop.tn/visage/avene-hydrance-legere-emulsion-40ml"
"PS-FILORGA-MESO-MASK-MASQUE-7DB586";"";"FILORGA MESO MASK MASQUE LISSANT ILLUMINATEUR 50ML";"0.000";"0.000";"119.727";"142.475";"19.000";"0.000";"";"0";"https://www.parashop.tn/image/cache/catalog/produits/filorga/filorga-meso-mask-masque-lissant-illuminateur-50-ml-600x315w.jpg";"FILORGA MESO-MASK MASQUE LISSANT ILLUMINATEUR Sublime la peau en lui apportant lumière et éclat. Disponible chez parashop tunisie à prix bas";"";"visage";"0.000";"-25%";"";"";"";"https://www.parashop.tn/visage/filorga-meso-mask-masque-lissant-illuminateur-50-ml"
"PS-SVR-AMPOULE-C-ANTI-OX-30-4D462D";"";"SVR AMPOULE C ANTI-OX 30ML";"0.000";"0.000";"97.311";"115.800";"19.000";"0.000";"";"0";"https://www.parashop.tn/image/cache/catalog/produits/svr/svr-ampoule-c-anti-ox-30ml-600x315w.jpg";"vitamine c svr recharge immédiatement la peau pour révéler l’éclat du teint et réduire les signes de fatigue.Disponible en tunisie chez parashop à bas prix";"";"visage";"134.133";"-25%";"";"";"";"https://www.parashop.tn/visage/svr-ampoule-c-anti-ox-30ml"
"PS-ESTHELLE-COFFRET-CLARYTE-A6128D";"";"ESTHELLE COFFRET CLARYTEINT DEPIGMENTANT";"0.000";"0.000";"102.262";"99.000";"0.000";"0.000";"";"0";"https://www.parashop.tn/image/cache/catalog/produits/esthelle/esthelle-coffret-claryteint-depigmentant-600x315w.jpg";"ESTHELLE COFFRET CLARYTEINT DEPIGMENTANT est disponible au meilleur prix chez votre parapharmacie parashop tunisie. Livraison gratuite dès 99DT";"";"visage";"121.692";"-25%";"";"";"";"https://www.parashop.tn/visage/esthelle-coffret-claryteint-depigmentant"
"PS-ESTH-ELLE-364A41";"";"ESTH";"0.000";"0.000";"102.262";"121.692";"19.000";"0.000";"";"0";"https://www.parashop.tn/image/cache/catalog/marques/esthelle-logo-600x315w.jpg";"";"ESTH'ELLE ESTHELLE COFFRET CLARYTEINT DEPIGMENTANT ESTHELLE COFFRET CLARYTEINT DEPIGMENTANTESTHELLE COFFRET CLARYTEINT D";"marque";"0.000";"-25%";"";"";"";"https://www.parashop.tn/esth-elle"
"PS-FILORGA-SCRUB-MASK-MASQU-12A26C";"";"FILORGA SCRUB & MASK MASQUE VISAGE 55ML";"0.000";"0.000";"96.086";"114.342";"19.000";"0.000";"";"0";"https://www.parashop.tn/image/cache/catalog/produits/filorga/filorga-scrub-mask-masque-exfoliant-reoxygenant-55ml-600x315w.jpg";"FILORGA SCRUB & MASK se caractérise par une formule riche en acide Hyaluronique pour une action anti âge. Au meilleur prix tunisie chez parashop";"";"visage";"125.596";"-25%";"";"";"";"https://www.parashop.tn/visage/filorga-scrub-mask-masque-exfoliant-reoxygenant-55ml"
"PS-SENSILIS-HYDRA-ESSENCE-C-CA11F1";"";"SENSILIS Hydra Essence Cream 40ML";"0.000";"0.000";"48.300";"99.000";"104.969";"0.000";"";"0";"https://www.parashop.tn/image/cache/catalog/produits/sensilis/sensilis-hydra-essence-cream-40ml-600x315w.jpg";"SENSILIS Hydra Essence Cream est disponible au meilleur prix chez votre parapharmacie parashop tunisie. Livraison gratuite dès 99DT";"";"visage";"99.960";"-25%";"";"";"";"https://www.parashop.tn/visage/sensilis-hydra-essence-cream-40ml"
"PS-SVR-PEPTI-BIOTIC-GEL-MAT-D743DB";"";"SVR PEPTI Biotic Gel Mat Régénérant Lissant 50ML";"0.000";"0.000";"127.228";"151.401";"19.000";"0.000";"";"0";"https://www.parashop.tn/image/cache/catalog/produits/svr/svr-pepti-biotic-gel-mat-regenerant-lissant-50-ml-600x315w.jpg";"Pour un teint profondément hydraté et raffermi, SVR PEPTI Biotic est la solution idéale. Chez parashop tunisie à au meilleur prix";"";"visage";"0.000";"-25%";"";"";"";"https://www.parashop.tn/visage/svr-pepti-biotic-gel-mat-regenerant-lissant-50ml"
"PS-SVR-PEPTI-BIOTIC-RECHAGE-92F835";"";"SVR PEPTI Biotic Recharge Gel Mat Régénérant Lissant 50ML";"0.000";"0.000";"91.059";"99.000";"8.721";"0.000";"";"0";"https://www.parashop.tn/image/cache/catalog/produits/svr/svr-pepti-biotic-rechage-gel-mat-regenerant-600x315w.jpg";"SVR PEPTI Biotic Recharge Gel Mat Régénérant Lissant à bas prix en tunisie sur parashop votre parapharmacie en ligne. Livraison gratuite dès 99DT";"";"visage";"108.360";"-25%";"";"";"";"https://www.parashop.tn/visage/svr-pepti-biotic-rechage-gel-mat-regenerant-lissant-50ml"
"PS-ALGOVITA-THE-NECESSARY-L-E0AA17";"";"algoVita The Necessary Lactic Acid 10% + HA + Succinic Acid 30ML";"0.000";"0.000";"34.454";"99.000";"187.340";"0.000";"";"0";"https://www.parashop.tn/image/cache/catalog/produits/algovita/algovita-the-necessary-lactic-acid-10-ha-succinic-acid-30ml-600x315w.jpg";"algoVita The Necessary Lactic Acid 10% + HA + Succinic Acid est disponible au meilleur prix chez votre parapharmacie parashop tunisie. Livraison gratuite dès 99DT";"";"visage";"0.000";"-25%";"";"";"";"https://www.parashop.tn/visage/algovita-the-necessary-lactic-acid-10-ha-succinic-acid-30ml"
"PS-ALGOVITA-AF9BDD";"";"algoVita";"0.000";"0.000";"34.454";"41.000";"18.999";"0.000";"";"0";"https://www.parashop.tn/image/cache/catalog/marques/algovita-logo-600x315w.jpg";"";"algoVita algoVita The Necessary Lactic Acid 10% + HA + Succinic Acid 30ML algoVita The Necessary Lactic Acid 10% + HA +";"marque";"46.000";"-25%";"";"";"";"https://www.parashop.tn/algovita"
"PS-BIODERMA-SEBIUM-PORE-REF-BA32ED";"";"BIODERMA SEBIUM PORE REFINER 30ML";"0.000";"0.000";"42.000";"49.980";"19.000";"0.000";"";"0";"https://www.parashop.tn/image/cache/catalog/produits/bioderma/bioderma-sebium-pore-refiner-30ml-600x315w.jpg";"BIODERMA SEBIUM PORE REFINER permet de corriger les excès de sébum et la dilatation des pores. A prix bas chez parashop tunisie,";"";"visage";"50.765";"-25%";"";"";"";"https://www.parashop.tn/visage/bioderma-sebium-pore-refiner-30ml"
"PS-BIODERMA-E24007";"";"BIODERMA";"0.000";"0.000";"42.000";"49.980";"19.000";"0.000";"";"0";"https://www.parashop.tn/image/cache/data/marques/bioderma-logo-min-600x315w.jpg";"";"BIODERMA BIODERMA SEBIUM PORE REFINER 30ML BIODERMA SEBIUM PORE REFINER 30ML - Soin Correcteur Pores & Anti-Brillance Re";"marque";"59.976";"-25%";"";"";"";"https://www.parashop.tn/bioderma"
"PS-DERMACEUTIC-SERUM-TRI-VI-58D42C";"";"DERMACEUTIC Tri Vita C30 Serum 30ML";"0.000";"0.000";"146.400";"174.216";"19.000";"0.000";"";"0";"https://www.parashop.tn/image/cache/catalog/produits/dermaceutic/dermaceutic-serum-tri-vita-c30-30ml-new-600x315w.jpg";"Dermaceutic Tri Vita C30  Renforce les défenses cellulaires contre le vieillissement prématuré, améliore la fermeté et l";"";"visage";"216.392";"-25%";"";"";"";"https://www.parashop.tn/visage/dermaceutic-serum-tri-vita-c30-30ml"
"PS-DUCRAY-KERACNYL-GEL-MOUS-29412E";"";"DUCRAY KERACNYL GEL NETTOYANT 200ML";"0.000";"0.000";"34.219";"40.720";"18.998";"0.000";"";"0";"https://www.parashop.tn/image/cache/catalog/produits/ducray/ducray-keracnyl-gel-nettoyant-200ml-600x315w.jpg";"DUCRAY KERACNYL GEL MOUSSANT nettoie, purifie la peau en profondeur des peaux à tendance acnéique. Au meilleur prix chez parashop tunisie";"";"visage";"45.245";"-25%";"";"";"";"https://www.parashop.tn/visage/ducray-keracnyl-gel-moussant-200ml"
"PS-DUCRAY-KERACNYL-GEL-MOUS-457030";"";"DUCRAY KERACNYL GEL NETTOYANT 400ML";"0.000";"0.000";"49.681";"59.120";"18.999";"0.000";"";"0";"https://www.parashop.tn/image/cache/catalog/produits/ducray/ducray-keracnyl-gel-nettoyant-400ml-600x315w.jpg";"Le gel NETTOYANT Keracnyl Ducray est adapté aux peaux à tendance acnéique, points noirs, boutons, Visage Corps. A prix bas tunisie";"";"visage";"65.689";"-25%";"";"";"";"https://www.parashop.tn/visage/ducray-keracnyl-gel-moussant-400ml"
"PS-EYE-CARE-CREME-CONTOUR-D-79AAC7";"";"EYE CARE CREME CONTOUR DES YEUX ANTI RIDES";"0.000";"0.000";"69.311";"82.480";"19.000";"0.000";"";"0";"https://www.parashop.tn/image/cache/catalog/produits/eye-care/eye-care-creme-contour-des-yeux-anti-rides-600x315w.jpg";"EYE CARE CREME CONTOUR DES YEUX ANTI RIDES restructure le contour de l’œil et atténuent rides et ridules. A prix bas chez parashop tunisie";"";"visage";"99.000";"-25%";"";"";"";"https://www.parashop.tn/visage/eye-care-creme-contour-des-yeux-anti-rides"
"PS-EYE-CARE-D0CFD7";"";"Eye care";"0.000";"0.000";"69.311";"82.480";"19.000";"0.000";"";"0";"https://www.parashop.tn/image/cache/data/marques/eye-care-logo-min-600x315w.jpg";"";"Eye care EYE CARE CREME CONTOUR DES YEUX ANTI RIDES EYE CARE CREME CONTOUR DES YEUX ANTI RIDES EYE CARE CRÈME CONTOUR DE";"marque";"99.000";"-25%";"";"";"";"https://www.parashop.tn/eye-care"
"PS-LA-ROCHE-POSAY-ANTHELIOS-88475B";"";"LA ROCHE POSAY ANTHELIOS UVMUNE 400 FLUIDE OIL CONTROL SPF 50+";"0.000";"0.000";"64.800";"77.112";"19.000";"0.000";"";"0";"https://www.parashop.tn/image/cache/catalog/produits/laroche-posay/la-roche-posay-anthelios-uvmune-400-fluide-oil-control-spf-50-600x315w.jpg";"LA ROCHE POSAY ANTHELIOS UVMUNE 400 FLUIDE OIL CONTROL SPF 50+ est disponible au meilleur prix chez votre parapharmacie parashop tunisie.";"";"visage";"99.000";"-25%";"";"";"";"https://www.parashop.tn/visage/la-roche-posay-anthelios-uvmune-400-fluide-oil-control-spf-50"
"PS-SVR-AMPOULE-A-LIFT-30ML-764C44";"";"SVR AMPOULE A LIFT 30ML";"0.000";"0.000";"101.445";"120.720";"19.000";"0.000";"";"0";"https://www.parashop.tn/image/cache/catalog/produits/svr/svr-ampoule-a-lift-concentre-lissant-retexturisant-600x315w.jpg";"SVR Ampoule A le sérum ultra-concentré en vitamine A retexturise le tissu cutané et lisse la peau. La qualité de peau s’améliore, elle paraît plus jeune.";"";"visage";"134.133";"-25%";"";"";"";"https://www.parashop.tn/visage/svr-ampoule-a-lift-30ml"
"PS-SVR-PHYSIOPURE-GELEE-MOU-DC64BF";"";"SVR PHYSIOPURE GELEE MOUSSANTE 400ML";"0.000";"0.000";"45.292";"53.897";"18.999";"0.000";"";"0";"https://www.parashop.tn/image/cache/catalog/produits/svr/svr-physiopure-gelee-moussante-400ml-600x315w.jpg";"SVR PHYSIOPURE GELEE MOUSSANTE 400ML Le top pour rafraîchir et nettoyer le visage matin ET soir. Disponible chez parashop tunisie à prix bas";"";"visage";"59.886";"-25%";"";"";"";"https://www.parashop.tn/visage/svr-physiopure-gelee-moussante-400ml"
"PS-SVR-XERIAL-DM-PSORIASIS--C2A5B9";"";"SVR XERIAL DM PSORIASIS 200ML";"0.000";"0.000";"61.681";"99.000";"60.503";"0.000";"";"0";"https://www.parashop.tn/image/cache/catalog/produits/svr/svr-xerial-dm-psoriasis-200ml-600x315w.jpg";"SVR XERIAL DM PSORIASIS est disponible au meilleur prix chez votre parapharmacie parashop tunisie. Livraison gratuite dès 99DT";"";"visage";"0.000";"-25%";"";"";"";"https://www.parashop.tn/visage/svr-xerial-dm-psoriasis-200ml"
"PS-URIAGE-BARIEDERM-CICA-CR-5F8B7B";"";"URIAGE BARIEDERM CICA CREME AU CUIVRE ZINC 100ML";"0.000";"0.000";"33.613";"39.999";"18.999";"0.000";"";"0";"https://www.parashop.tn/image/cache/catalog/produits/uriage/uriage-bariederm-cica-creme-au-cuivre-zinc-100-ml-600x315w.jpg";"URIAGE BARIEDERM CICA CREME AU CUIVRE ZINC pour la peau fragilisée après des agressions diverses. Disponible à prix bax chez parashop tunisie";"";"visage";"48.885";"-25%";"";"";"";"https://www.parashop.tn/visage/uriage-bariederm-cica-creme-au-cuivre-zinc-100ml"
"PS-ACM-AZEANE-CREME-ACIDE-A-866EB7";"";"ACM AZEANE CREME ACIDE AZELAIQUE 15% 30ML";"0.000";"0.000";"62.775";"99.000";"57.706";"0.000";"";"0";"https://www.parashop.tn/image/cache/catalog/produits/acm/acm-azeane-creme-acide-azelaique-15-30-ml-600x315w.jpg";"ACM AZEANE CREME ACIDE AZELAIQUE 15% est disponible au meilleur prix chez votre parapharmacie parashop tunisie. Livraison gratuite dès 99DT";"";"visage";"0.000";"-25%";"";"";"";"https://www.parashop.tn/visage/acm-azeane-creme-acide-azelaique-15-30-ml"
"PS-ACM-BOREADE-CL-CREME-LAV-A22713";"";"ACM BORÉADE CL CRÈME LAVANTE 200ML";"0.000";"0.000";"47.899";"57.000";"19.000";"0.000";"";"0";"https://www.parashop.tn/image/cache/data/images_produits/ACM/acm-boreade-cl-creme-lavante-200ml-600x315w.jpg";"ACM BOREADE CL CREME LAVANTE pour les peaux mixtes et à problèmes sujettes aux imperfections. Au meilleur prix chez parashop tunisie";"";"visage";"60.999";"-25%";"";"";"";"https://www.parashop.tn/visage/acm-boreade-cl-creme-lavante-200ml"
"PS-ACM-BOREADE-SL-SOIN-LISS-7DE509";"";"ACM BORÉADE SL SOIN LISSANT 40ML";"0.000";"0.000";"34.454";"41.000";"18.999";"0.000";"";"0";"https://www.parashop.tn/image/cache/data/images_produits/ACM/acm-boreade-sl-soin-lissant-40ml-600x315w.jpg";"ACM BORÉADE SL SOIN LISSANT permet une lutte durable contre les imperfections. Au meilleur prix chez parahop tunisie";"";"visage";"51.003";"-25%";"";"";"";"https://www.parashop.tn/visage/acm-boreade-sl-soin-lissant-40ml"
"PS-ACM-DEPIWHITE-ACTIVEGEL--2F01E6";"";"ACM DEPIWHITE ACTIVE GEL ANTI TACHE 40ML";"0.000";"0.000";"52.437";"62.400";"19.000";"0.000";"";"0";"https://www.parashop.tn/image/cache/data/images_produits/ACM/acm-depiwhite-activegel-40ml-600x315w.jpg";"ACM DEPIWHITE ACTIVE GEL ANTI TACHE pour atténuer ou éliminer les TACHES BRUNES des peaux grasses. A prix bas chez parashop tunisie";"";"visage";"76.005";"-25%";"";"";"";"https://www.parashop.tn/visage/acm-depiwhite-activegel-40ml"
"PS-DEPIWHITE-ADVANCED-CREME-1DD4F3";"";"ACM DEPIWHITE ADVANCED CREME INTENSIVE ANTI TACHES 40ML";"0.000";"0.000";"58.235";"69.300";"19.001";"0.000";"";"0";"https://www.parashop.tn/image/cache/data/images_produits/ACM/depiwhite-advanced-creme-intensive-anti-taches-600x315w.jpg";"Dépiwhite Advanced permet d";"";"visage";"82.003";"-25%";"";"";"";"https://www.parashop.tn/visage/depiwhite-advanced-creme-intensive-anti-taches-40ml"
"PS-DEPIWHITE-GEL-CONTOUR-DE-98436F";"";"ACM DEPIWHITE GEL CONTOUR DES YEUX 15ML";"0.000";"0.000";"48.000";"57.120";"19.000";"0.000";"";"0";"https://www.parashop.tn/image/cache/data/images_produits/ACM/depiwhite-gel-contour-de-loeil-15ml-600x315w.jpg";"acm depiwhite gel contour yeux ATTÉNUE LES CERNES PAR SON ACTION ÉCLAIRCISSANTE, A prix bas chez parashop tunisie";"";"visage";"60.000";"-25%";"";"";"";"https://www.parashop.tn/visage/depiwhite-gel-contour-de-loeil"
"PS-DEPIWHITE-MASQUE-PELLICU-BA5D09";"";"ACM DEPIWHITE MASQUE PELLICULABLE ANTI TACHES 40ML";"0.000";"0.000";"45.600";"99.000";"117.105";"0.000";"";"0";"https://www.parashop.tn/image/cache/catalog/produits/acm/acm-depiwhite-masque-pelliculable-anti-taches-40ml-600x315w.jpg";"ACM DEPIWHITE MASQUE PELLICULABLE ANTI TACHES disponible à bas prix en tunisie sur parashop votre parapharmacie en ligne. Livraison gratuite dès 99DT";"";"visage";"0.000";"-25%";"";"";"";"https://www.parashop.tn/visage/depiwhite-masque-pelliculable-eclaircissant-40ml"
"PS-ACM-DEPIWHITE-MOUSSE-NET-B839DD";"";"ACM DEPIWHITE MOUSSE NETTOYANTE ECLAIRCISSANTE 200ML";"0.000";"0.000";"42.605";"50.700";"19.000";"0.000";"";"0";"https://www.parashop.tn/image/cache/catalog/produits/acm/acm-depiwhite-mousse-nettoyante-200ml-600x315w.jpg";"ACM DEPIWHITE MOUSSE NETTOYANTE ECLAIRCISSANTE est disponible à prix bas chez parashop tunisie";"";"visage";"60.999";"-25%";"";"";"";"https://www.parashop.tn/visage/acm-depiwhite-mousse-nettoyante-eclaircissante-200ml"
"PS-ACM-DEPIWHITE-SERUM-CONC-535448";"";"ACM Depiwhite Serum Concentre Intensif Anti Taches 30ML";"0.000";"0.000";"73.950";"99.000";"33.874";"0.000";"";"0";"https://www.parashop.tn/image/cache/catalog/produits/acm/acm-depiwhite-serum-concentre-intensif-anti-taches-30ml-600x315w.jpg";"ACM Depiwhite Serum Concentre Intensif Anti Taches à bas prix en tunisie sur parashop votre parapharmacie en ligne. Livraison gratuite dès 99DT";"";"visage";"103.994";"-25%";"";"";"";"https://www.parashop.tn/visage/acm-depiwhite-serum-concentre-intensif-anti-taches-30ml"
"PS-ACM-DUOLYS-CONTOUR-DES-Y-AC2876";"";"ACM DUOLYS CONTOUR DES YEUX 15ML";"0.000";"0.000";"54.000";"64.260";"19.000";"0.000";"";"0";"https://www.parashop.tn/image/cache/data/images_produits/ACM/acm-duolys-contour-des-yeux-15ml-600x315w.jpg";"ACM DUOLYS CONTOUR DES YEUX aide à réduire les cernes et les poches et raffermir le contour des yeux. A prix bas chez parashop tunisie";"";"visage";"66.997";"-25%";"";"";"";"https://www.parashop.tn/visage/acm-duolys-contour-des-yeux-15ml"
"PS-ACM-DUOLYS-LEGERE-40ML-8F8341";"";"ACM DUOLYS LEGERE SOIN HYDRATANT ANTI AGE 40ML";"0.000";"0.000";"48.992";"58.300";"18.999";"0.000";"";"0";"https://www.parashop.tn/image/cache/data/images_produits/ACM/acm-duolys-legere-40ml-600x315w.jpg";"ACM DUOLYS LÉGÈRE SOIN HYDRATANT ANTI-AGE Duolys légère est idéal pour les peaux mixtes à grasses, à prix bas chez parashop tunisie";"";"visage";"61.999";"-25%";"";"";"";"https://www.parashop.tn/visage/acm-duolys-legere-40ml"
"PS-ACM-DUOLYS-RICHE-40ML-71B23C";"";"ACM DUOLYS RICHE SOIN HYDRATANT ANTI AGE 40ML";"0.000";"0.000";"43.697";"52.000";"19.001";"0.000";"";"0";"https://www.parashop.tn/image/cache/data/images_produits/ACM/acm-duolys-riche-40ml-600x315w.jpg";"ACM DUOLYS RICHE SOIN HYDRATANT ANTI AGE aide à améliorer l";"";"visage";"61.999";"-25%";"";"";"";"https://www.parashop.tn/visage/acm-duolys-riche-40ml"
"PS-ACM-DUOLYSA-SERUM-RETINO-3F9E1F";"";"ACM DUOLYS.A SERUM RETINOL INTENSIF ANTI RIDES 30ML";"0.000";"0.000";"84.000";"99.960";"19.000";"0.000";"";"0";"https://www.parashop.tn/image/cache/data/images_produits/ACM/acm-duolysa-serum-retinol-intensif-anti-rides-30ml-600x315w.jpg";"ACM DUOLYS.A SERUM RETINOL INTENSIF ANTI-RIDES est disponible chez parashop tunisie à prix bas";"";"visage";"127.572";"-25%";"";"";"";"https://www.parashop.tn/visage/acm-duolysa-serum-retinol-intensif-anti-rides-30ml"
"PS-ACM-MOLUTREX-SOLUTION-DH-4EC58E";"";"ACM MOLUTREX Solution D";"0.000";"0.000";"26.400";"99.000";"275.000";"0.000";"";"0";"https://www.parashop.tn/image/cache/data/images_produits/ACM/acm-molutrex-solution-dhydroxyde-potassium-10ml-600x315w.jpg";"ACM MOLUTREX Solution D";"";"visage";"0.000";"-25%";"";"";"";"https://www.parashop.tn/visage/acm-molutrex-solution-dhydroxyde-de-potassium-10ml"
"PS-ACM-SEBIONEX-COFFRET-TRI-0381B9";"";"ACM SEBIONEX COFFRET TRIO CRÈME APAISANTE + LOTION MICELLAIRE GRATUITE";"0.000";"0.000";"37.200";"44.268";"19.000";"0.000";"";"0";"https://www.parashop.tn/image/cache/catalog/produits/acm/acm-sebionex-coffret-trio-creme-lotion-micellaire-600x315w.jpg";"ACM SEBIONEX COFFRET TRIO CRÈME APAISANTE + LOTION MICELLAIRE GRATUITE";"";"visage";"47.460";"-25%";"";"";"";"https://www.parashop.tn/visage/acm-sebionex-coffret-trio-creme-lotion-micellaire"
"PS-ACM-286FA1";"";"ACM";"0.000";"0.000";"62.775";"74.702";"19.000";"0.000";"";"0";"https://www.parashop.tn/image/cache/data/marques/acm-logo-min-600x315w.jpg";"";"ACM ACM AZEANE CREME ACIDE AZELAIQUE 15% 30ML ACM AZEANE CREME ACIDE AZELAIQUE 15% 30MLACM AZEANE CREME ACIDE AZELAIQUE";"marque";"83.003";"-25%";"";"";"";"https://www.parashop.tn/acm"
"PS-ACM-SEBIONEX-GEL-NETTOYA-E25A51";"";"ACM SEBIONEX GEL NETTOYANT 200ML";"0.000";"0.000";"42.000";"49.980";"19.000";"0.000";"";"0";"https://www.parashop.tn/image/cache/catalog/produits/acm/acm-sebionex-gel-nettoyant-200ml-600x315w.jpg";"ACM SEBIONEX GEL NETTOYANT nettoie et élimine l";"";"visage";"68.316";"-25%";"";"";"";"https://www.parashop.tn/visage/acm-sebionex-gel-nettoyant-200ml"
"PS-ACM-SEBIONEX-LOTION-MICE-8B1E14";"";"ACM SEBIONEX Lotion Micellaire 250ML";"0.000";"0.000";"26.400";"99.000";"275.000";"0.000";"";"0";"https://www.parashop.tn/image/cache/catalog/produits/acm/acm-sebionex-lotion-micellaire-250ml-600x315w.jpg";"ACM SEBIONEX Lotion Micellaire à bas prix en tunisie sur parashop votre parapharmacie en ligne. Livraison gratuite dès 99DT";"";"visage";"115.800";"-25%";"";"";"";"https://www.parashop.tn/visage/acm-sebionex-lotion-micellaire-250ml"
"PS-ACM-SEBIONEX-PAIN-DERMAT-DAB0A3";"";"ACM SEBIONEX PAIN DERMATOLOGIQUE PURIFIANT 100GR";"0.000";"0.000";"20.320";"99.000";"387.205";"0.000";"";"0";"https://www.parashop.tn/image/cache/catalog/produits/acm/acm-sebionex-pain-dermatologique-purifiant-100gr-600x315w.jpg";"Acheter ACM SEBIONEX PAIN DERMATOLOGIQUE PURIFIANT à bas prix en tunisie sur parashop votre parapharmacie en ligne. Livraison gratuite dès 99DT";"";"visage";"0.000";"-25%";"";"";"";"https://www.parashop.tn/visage/acm-sebionex-pain-dermatologique-purifiant-100gr"
"PS-ACM-SEBIONEX-TRIO-CREME--70EF1C";"";"ACM SEBIONEX TRIO CREME APAISANTE 40ML";"0.000";"0.000";"37.200";"99.000";"166.129";"0.000";"";"0";"https://www.parashop.tn/image/cache/data/images_produits/ACM/acm-sebionex-trio-creme-apaisante-40ml-600x315w.jpg";"ACM SEBIONEX TRIO CREME aidera à apaiser et à soulager les rougeurs à bas prix en tunisie sur parashop votre parapharmacie en ligne. Livraison gratuite dès 99DT";"";"visage";"0.000";"-25%";"";"";"";"https://www.parashop.tn/visage/acm-sebionex-trio-creme-apaisante-40ml"
"PS-ACM-VITICOLOR-GEL-CORREC-B0AF05";"";"ACM VITICOLOR Gel Correcteur de Teint 50ML";"0.000";"0.000";"46.220";"55.002";"19.000";"0.000";"";"0";"https://www.parashop.tn/image/cache/catalog/produits/acm/acm-viticolor-gel-correcteur-teint-50-ml-600x315w.jpg";"ACM VITICOLOR Gel Correcteur de Teint est un soin destiné aux peaux souffrantes de zones blanches VITILIGO à bas prix en tunisie sur parashop votre parapharmacie en ligne.";"";"visage";"77.112";"-25%";"";"";"";"https://www.parashop.tn/visage/acm-viticolor-gel-correcteur-teint-50ml"
"PS-ACM-VITIX-GEL-REGULATEUR-9CA25B";"";"ACM VITIX Gel Regulateur de la Depigmentation 20ML";"0.000";"0.000";"52.100";"61.999";"19.000";"0.000";"";"0";"https://www.parashop.tn/image/cache/data/images_produits/ACM/acm-vitix-gel-regulateur-depigmentation-20ml-600x315w.jpg";"ACM VITIX Gel Régulateur de la Dépigmentation favorise la repigmentation des zones infectées. A prix bas chez parahop tunisie";"";"visage";"78.540";"-25%";"";"";"";"https://www.parashop.tn/visage/acm-vitix-gel-regulateur-depigmentation-20ml"
"PS-ACM-VITIX-GEL-REGULATEUR-9DFF78";"";"ACM VITIX Gel Régulateur de la Depigmentation 50ML";"0.000";"0.000";"81.600";"97.104";"19.000";"0.000";"";"0";"https://www.parashop.tn/image/cache/data/images_produits/ACM/acm-vitix-gel-regulateur-depigmentation-600x315w.jpg";"ACM VITIX Gel favorise la repigmentation des zones infectées pour les souffrants de Vitiligo de visage et corps. à bas prix en tunisie sur parashop votre parapharmacie en ligne";"";"visage";"100.995";"-25%";"";"";"";"https://www.parashop.tn/visage/acm-vitix-gel-regulateur-depigmentation-50ml"
"PS-ADERMA-BIOLOGY-AC-GEL-MO-83D663";"";"ADERMA BIOLOGY AC Gel Moussant Nettoyant Purifiant 200ML";"0.000";"0.000";"33.150";"99.000";"198.643";"0.000";"";"0";"https://www.parashop.tn/image/cache/catalog/produits/aderma/aderma-biology-ac-gel-moussant-nettoyant-purifiant-200ml-600x315w.jpg";"ADERMA BIOLOGY AC Gel Moussant Nettoyant Purifiant est disponible au meilleur prix chez votre parapharmacie parashop tunisie. Livraison gratuite dès 99DT";"";"visage";"0.000";"-25%";"";"";"";"https://www.parashop.tn/visage/aderma-biology-ac-gel-moussant-nettoyant-purifiant-200ml"
"PS-ADERMA-BIOLOGY-AC-GEL-MO-A00565";"";"ADERMA BIOLOGY AC Gel Moussant Nettoyant Purifiant 400ML";"0.000";"0.000";"48.126";"99.000";"105.710";"0.000";"";"0";"https://www.parashop.tn/image/cache/catalog/produits/aderma/aderma-biology-ac-gel-moussant-nettoyant-purifiant-400ml-600x315w.jpg";"ADERMA BIOLOGY AC Gel Moussant Nettoyant est disponible au meilleur prix chez votre parapharmacie parashop tunisie. Livraison gratuite dès 99DT";"";"visage";"0.000";"-25%";"";"";"";"https://www.parashop.tn/visage/aderma-biology-ac-gel-moussant-nettoyant-purifiant-400ml"
"PS-ADERMA-PHYS-AC-SOIN-GLOB-E3D0CC";"";"ADERMA BIOLOGY AC GLOBAL Soin matifiant Anti Imperfections 40ML";"0.000";"0.000";"38.843";"99.000";"154.872";"0.000";"";"0";"https://www.parashop.tn/image/cache/catalog/produits/aderma/aderma-biology-ac-global-soin-matifiant-antiimperfections-40ml-600x315w.jpg";"ADERMA BIOLOGY AC GLOBAL Soin matifiant AntiImperfections, à bas prix en tunisie sur parashop votre parapharmacie en ligne. Livraison gratuite dès 99DT";"";"visage";"0.000";"-25%";"";"";"";"https://www.parashop.tn/visage/aderma-phys-ac-soin-global-40ml"
"PS-ADERMA-A28ECE";"";"ADERMA";"0.000";"0.000";"33.150";"39.448";"18.998";"0.000";"";"0";"https://www.parashop.tn/image/cache/catalog/marques/aderma-logo-600x315w.jpg";"";"ADERMA ADERMA BIOLOGY AC Gel Moussant Nettoyant Purifiant 200ML ADERMA BIOLOGY AC Gel Moussant Nettoyant Purifiant 200ML";"marque";"45.245";"-25%";"";"";"";"https://www.parashop.tn/aderma"
"PS-ADERMA-PHYS-AC-PERFECT-F-98EE1A";"";"ADERMA BIOLOGY AC PERFECT Fluide Anti Imperfections Anti Marques 40ML";"0.000";"0.000";"43.622";"51.910";"19.000";"0.000";"";"0";"https://www.parashop.tn/image/cache/catalog/produits/aderma/aderma-ac-perfect-fluide-anti-iimperfections-anti-marques-40ml-600x315w.jpg";"ADERMA BIOLOGY AC PERFECT Fluide Anti Imperfections Anti Marques 40ML Disponible à prix bas chez parashop tunisie";"";"visage";"56.852";"-25%";"";"";"";"https://www.parashop.tn/visage/aderma-phys-ac-perfect-fluide-40ml"
"PS-ADERMA-BIOLOGY-CREME-LEG-E94538";"";"ADERMA BIOLOGY Creme Legere Hydratante 40ML";"0.000";"0.000";"29.000";"34.510";"19.000";"0.000";"";"0";"https://www.parashop.tn/image/cache/data/images_produits/ADERMA/biology/aderma-biology-creme-legere-dermatologique-hydratante-40ml-600x315w.jpg";"ADERMA BIOLOGY Creme Legere pour les peaux normales à mixtes est disponible chez parahop tunisie à prix bas";"";"visage";"38.756";"-25%";"";"";"";"https://www.parashop.tn/visage/aderma-biology-creme-legere-dermatologique-hydratante-40ml"
"PS-ADERMA-BIOLOGY-CREME-RIC-346C3D";"";"ADERMA BIOLOGY Creme Riche Hydratante 40ML";"0.000";"0.000";"29.280";"34.843";"18.999";"0.000";"";"0";"https://www.parashop.tn/image/cache/data/images_produits/ADERMA/biology/aderma-biology-creme-riche-dermatologique-hydratante-40ml-600x315w.jpg";"A DERMA BIOLOGY Creme Riche permet de prévenir la sécheresse du sa peau en hydratant 24h¹, à prix bas chez parashop tunisie,";"";"visage";"38.756";"-25%";"";"";"";"https://www.parashop.tn/visage/aderma-biology-creme-riche-dermatologique-hydratante-40ml"
"PS-ADERMA-BIOLOGY-EAU-MICEL-285AAD";"";"ADERMA BIOLOGY Eau Micellaire 200ML";"0.000";"0.000";"36.601";"99.000";"170.484";"0.000";"";"0";"https://www.parashop.tn/image/cache/data/images_produits/ADERMA/biology/aderma-biology-eau-micellaire-dermatologique-200ml-600x315w.jpg";"ADERMA BIOLOGY Eau Micellaire démaquille sans rincer, nettoie en profondeur, à bas prix en tunisie sur parashop votre parapharmacie en ligne. Livraison gratuite dès 99DT";"";"visage";"0.000";"-25%";"";"";"";"https://www.parashop.tn/visage/aderma-biology-eau-micellaire-dermatologique-200ml"
"PS-ADERMA-CYTELIUM-SPRAY-AS-CEB26B";"";"ADERMA CYTELIUM Spray Assechant Apaisant 100ML";"0.000";"0.000";"35.705";"42.489";"19.000";"0.000";"";"0";"https://www.parashop.tn/image/cache/catalog/produits/aderma/aderma-cytelium-spray-assechant-apaisant-100ml-600x315w.jpg";"ADERMA CYTELIUM Spray Assechant absorbe l’humidité pour préserver la peau de la macération à prix bas chez parahop tunisie";"";"visage";"51.910";"-25%";"";"";"";"https://www.parashop.tn/visage/aderma-cytelium-spray-assechant-apaisant-100ml"
"PS-ADERMA-DERMALIBOUR-BARRI-ED99E1";"";"ADERMA DERMALIBOUR+ BARRIER CREME ISOLANTE 100ML";"0.000";"0.000";"36.676";"43.644";"18.999";"0.000";"";"0";"https://www.parashop.tn/image/cache/data/images_produits/ADERMA/aderma-dermalibour-barrier-creme-isolante-100ml-600x315w.jpg";"ADERMA DERMALIBOUR + BARRIER CREME ISOLANTE Isole et protège des agressions environnementales, à prix bas chez parashop tunisie";"";"visage";"54.500";"-25%";"";"";"";"https://www.parashop.tn/visage/aderma-dermalibour-barrier-creme-isolante-100ml"
"PS-ADERMA-DERMALIBOUR-BARRI-F0BCC9";"";"ADERMA DERMALIBOUR+ BARRIER CREME ISOLANTE 50ML";"0.000";"0.000";"21.662";"99.000";"357.022";"0.000";"";"0";"https://www.parashop.tn/image/cache/data/images_produits/ADERMA/aderma-dermalibour-barrier-creme-isolante-50ml-600x315w.jpg";"ADERMA DERMALIBOUR+ BARRIER CREME ISOLANTE à bas prix en tunisie sur parashop votre parapharmacie en ligne. Livraison gratuite dès 99DT";"";"visage";"0.000";"-25%";"";"";"";"https://www.parashop.tn/visage/aderma-dermalibour-barrier-creme-isolante-50ml"
"PS-ADERMA-DERMALIBOUR-CICA--B04311";"";"ADERMA DERMALIBOUR+ CICA Creme Reparatrice 50ML";"0.000";"0.000";"25.479";"30.320";"19.000";"0.000";"";"0";"https://www.parashop.tn/image/cache/catalog/produits/aderma/aderma-dermalibour-creme-reparatrice-50ml-600x315w.jpg";"ADERMA DERMALIBOUR+ CICA Creme Reparatrice possède une action réparatrice 24h pour tous les problèmes de peau, à prix bas chez parashop tunisie";"";"visage";"33.689";"-25%";"";"";"";"https://www.parashop.tn/visage/aderma-dermalibour-cica-creme-reparatrice-50ml"
"PS-ADERMA-EPITHELIALE-ULTRA-B83138";"";"ADERMA EPITHELIALE ULTRA REPAIR Creme Reparatrice Anti Marques 40ML";"0.000";"0.000";"35.429";"99.000";"179.432";"0.000";"";"0";"https://www.parashop.tn/image/cache/catalog/produits/aderma/aderma-epitheliale-ultra-repair-creme-reparatrice-anti-marques-40ml-600x315w.jpg";"Réaprez votre peau avec ADERMA EPITHELIALE ULTRA REPAIR Creme Reparatrice à bas prix en tunisie sur parashop votre parapharmacie en ligne. Livraison gratuite dès 99DT";"";"visage";"0.000";"-25%";"";"";"";"https://www.parashop.tn/visage/aderma-epitheliale-ultra-repair-creme-reparatrice-anti-marques-40ml"
"PS-ALANIA-PURETE-VITAMINE-C-BB88A1";"";"ALANIA PURETE+ VITAMINE C CREME HYDRATANTE 50ML";"0.000";"0.000";"43.968";"52.322";"19.000";"0.000";"";"0";"https://www.parashop.tn/image/cache/data/images_produits/alania/purete/alania-purete-vitamine-c-creme-hydratante-50-ml-600x315w.jpg";"ALANIA PURETE+ VITAMINE C CREME HYDRATANTE est une crème hydratante disponible à prix bas chez parashop tunisie";"";"visage";"65.402";"-25%";"";"";"";"https://www.parashop.tn/visage/alania-purete-vitamine-c-creme-hydratante-50ml"
"PS-ALANIA-PURETE-VITAMINE-C-754183";"";"ALANIA PURETE+ VITAMINE C EAU MICELLAIRE 250ML";"0.000";"0.000";"25.152";"29.931";"19.000";"0.000";"";"0";"https://www.parashop.tn/image/cache/data/images_produits/alania/purete/alania-purete-vitamine-c-eau-micellaire-600x315w.jpg";"ALANIA PURETE+ VITAMINE C EAU MICELLAIRE nettoie en douceur, apaise la peau. A prix bas chez parashop tunisie";"";"visage";"37.414";"-25%";"";"";"";"https://www.parashop.tn/visage/alania-purete-vitamine-c-eau-micellaire-250ml"
"PS-ALANIA-PURETE-VITAMINE-C-246CFE";"";"ALANIA PURETE+ VITAMINE C EAU TONIQUE 150ML";"0.000";"0.000";"18.240";"21.706";"19.002";"0.000";"";"0";"https://www.parashop.tn/image/cache/data/images_produits/alania/purete/alania-purete-vitamine-c-eau-tonique-150-ml-600x315w.jpg";"ALANIA PURETE+ VITAMINE C EAU TONIQUE rafraîchit et tonifie ta peau. A prix bas chez parashop tunisie";"";"visage";"27.132";"-25%";"";"";"";"https://www.parashop.tn/visage/alania-purete-vitamine-c-eau-tonique-150ml"
"PS-ALANIA-PURETE-VITAMINE-C-5A330F";"";"ALANIA PURETE+ VITAMINE C GEL NETTOYANT 250ML";"0.000";"0.000";"28.608";"34.044";"19.002";"0.000";"";"0";"https://www.parashop.tn/image/cache/data/images_produits/alania/purete/alania-purete-vitamine-c-gel-nettoyant-250-ml-600x315w.jpg";"Pour une peau nette, purifiée et fraîche l’hiver comme l’été, ALANIA PURETE+ VITAMINE C GEL NETTOYANT, à prix bas chez parashop tunisie";"";"visage";"42.554";"-25%";"";"";"";"https://www.parashop.tn/visage/alania-purete-vitamine-c-gel-nettoyant-250ml"
"PS-ALANIA-PURETE-VITAMINE-C-547501";"";"ALANIA PURETE+ VITAMINE C MOUSSE NETTOYANTE 150ML";"0.000";"0.000";"28.128";"33.472";"18.999";"0.000";"";"0";"https://www.parashop.tn/image/cache/data/images_produits/alania/purete/alania-purete-vitamine-c-mousse-nettoyante-150-ml-600x315w.jpg";"ALANIA PURETE+ VITAMINE C MOUSSE NETTOYANTE pour une peau nette,démaquillée et douce à prix bas chez parahop tunisie";"";"visage";"41.840";"-25%";"";"";"";"https://www.parashop.tn/visage/alania-purete-vitamine-c-mousse-nettoyante-150ml"
"PS-ALANIA-PURETE-VITAMINE-C-BC444F";"";"ALANIA PURETE+ VITAMINE C SERUM DUO VISAGE 30ML";"0.000";"0.000";"57.408";"68.316";"19.001";"0.000";"";"0";"https://www.parashop.tn/image/cache/data/images_produits/alania/purete/alania-purete-vitamine-c-serum-duo-visage-30-ml-600x315w.jpg";"ALANIA PURETE VITAMINE C SERUM DUO VISAGE 30ML = Le sérum d’eau PURETE + Le concentré de VITAMINE C, Au meilleur prix chez parashop tunisie";"";"visage";"85.394";"-25%";"";"";"";"https://www.parashop.tn/visage/alania-purete-vitamine-c-serum-duo-visage-30ml"
"PS-ALANIA-SERUM-GLOW-HIGHLI-55568D";"";"ALANIA SERUM GLOW Highlighter 30ML";"0.000";"0.000";"38.400";"45.696";"19.000";"0.000";"";"0";"https://www.parashop.tn/image/cache/data/images_produits/alania/alania-serum-glow-highlighter-30ml-600x315w.jpg";"ALANIA SERUM GLOW Highlighter illumine la peau en apportant à votre visage un glow instantané. A prix bas chez parashop tunisie";"";"visage";"56.263";"-25%";"";"";"";"https://www.parashop.tn/visage/alania-serum-glow-highlighter"
"PS-ALGOVITA-GEL-NETTOYANT-E-97EBFB";"";"algoVita Gel Nettoyant Eclaircissant Peau Mixte a Grasse 150ML";"0.000";"0.000";"24.370";"99.000";"306.237";"0.000";"";"0";"https://www.parashop.tn/image/cache/catalog/produits/algovita/algovita-gel-nettoyant-eclaircissant-peau-mixte-a-grasse-150-ml-600x315w.jpg";"algoVita Gel Nettoyant Eclaircissant Peau Mixte a Grasse est disponible au meilleur prix chez votre parapharmacie parashop tunisie. Livraison gratuite dès 99DT";"";"visage";"120.573";"-25%";"";"";"";"https://www.parashop.tn/visage/algovita-gel-nettoyant-eclaircissant-peau-mixte-a-grasse-150ml"
"PS-ALGOVITA-GEL-NETTOYANT-E-45B68F";"";"algoVita Gel Nettoyant Eclaircissant Peau Normale a Seche 150ML";"0.000";"0.000";"21.008";"99.000";"371.249";"0.000";"";"0";"https://www.parashop.tn/image/cache/catalog/produits/algovita/algovita-gel-nettoyant-eclaircissant-peau-normale-a-seche-150-ml-600x315w.jpg";"algoVita Gel Nettoyant Eclaircissant Peau Normale a Seche est disponible au meilleur prix chez votre parapharmacie parashop tunisie. Livraison gratuite dès 99DT";"";"visage";"0.000";"-25%";"";"";"";"https://www.parashop.tn/visage/algovita-gel-nettoyant-eclaircissant-peau-normale-a-seche-150ml"
"PS-ALGOVITA-GEL-NETTOYANT-E-183B09";"";"algoVita Gel Nettoyant Eclaircissant Peau Sensible 150ML";"0.000";"0.000";"21.008";"99.000";"371.249";"0.000";"";"0";"https://www.parashop.tn/image/cache/catalog/produits/algovita/algovita-gel-nettoyant-eclaircissant-peau-sensible-150-ml-600x315w.jpg";"algoVita Gel Nettoyant Eclaircissant Peau Sensible est disponible au meilleur prix chez votre parapharmacie parashop tunisie. Livraison gratuite dès 99DT";"";"visage";"0.000";"-25%";"";"";"";"https://www.parashop.tn/visage/algovita-gel-nettoyant-eclaircissant-peau-sensible-150ml"
"PS-ALGOVITA-GEL-NETTOYANT-P-7138B2";"";"algoVita Gel Nettoyant Purifiant Peau Grasse 150ML";"0.000";"0.000";"24.370";"99.000";"306.237";"0.000";"";"0";"https://www.parashop.tn/image/cache/catalog/produits/algovita/algovita-gel-nettoyant-purifiant-peau-grasse-150-ml-600x315w.jpg";"algoVita Gel Nettoyant Purifiant Peau Grasse est disponible au meilleur prix chez votre parapharmacie parashop tunisie. Livraison gratuite dès 99DT";"";"visage";"0.000";"-25%";"";"";"";"https://www.parashop.tn/visage/algovita-gel-nettoyant-purifiant-peau-grasse-150ml"
"PS-ALGOVITA-THE-NECESSARY-A-C1C1DE";"";"algoVita The Necessary AHA 30% + BHA 2% + Bisabolol 30ML";"0.000";"0.000";"38.656";"99.000";"156.105";"0.000";"";"0";"https://www.parashop.tn/image/cache/catalog/produits/algovita/algovita-the-necessary-aha-30-bha-2-bisabolol-30ml-600x315w.jpg";"algoVita The Necessary AHA 30% + BHA 2% + Bisabolol est disponible au meilleur prix chez votre parapharmacie parashop tunisie. Livraison gratuite dès 99DT";"";"visage";"0.000";"-25%";"";"";"";"https://www.parashop.tn/visage/algovita-the-necessary-aha-30-bha-2-bisabolol-30ml"
"PS-ALGOVITA-THE-NECESSARY-A-64C4FB";"";"algoVita The Necessary Alpha-Arbutin 2% + HA + Kojic Acid 30ML";"0.000";"0.000";"41.177";"99.000";"140.425";"0.000";"";"0";"https://www.parashop.tn/image/cache/catalog/produits/algovita/algovita-the-necessary-alpha-arbutin-2-ha-kojic-acid-30ml-600x315w.jpg";"algoVita The Necessary Alpha-Arbutin 2% + HA + Kojic Acid est disponible au meilleur prix chez votre parapharmacie parashop tunisie. Livraison gratuite dès 99DT";"";"visage";"0.000";"-25%";"";"";"";"https://www.parashop.tn/visage/algovita-the-necessary-alpha-arbutin-2-ha-kojic-acid-30ml"
"PS-ALGOVITA-THE-NECESSARY-A-C1A46D";"";"algoVita The Necessary Ascorbyl Glucoside 15% 30ML";"0.000";"0.000";"51.261";"99.000";"93.129";"0.000";"";"0";"https://www.parashop.tn/image/cache/catalog/produits/algovita/algovita-the-necessary-ascorbyl-glucoside-15-30ml-600x315w.jpg";"algoVita The Necessary Ascorbyl Glucoside 15% est disponible au meilleur prix chez votre parapharmacie parashop tunisie. Livraison gratuite dès 99DT";"";"visage";"0.000";"-25%";"";"";"";"https://www.parashop.tn/visage/algovita-the-necessary-ascorbyl-glucoside-15-30ml"
"PS-ALGOVITA-THE-NECESSARY-A-A9704A";"";"algoVita The Necessary Azelaic Acid 15% + Bakuchiol 30ML";"0.000";"0.000";"38.655";"99.000";"156.112";"0.000";"";"0";"https://www.parashop.tn/image/cache/catalog/produits/algovita/algovita-the-necessary-azelaic-acid-15-bakuchiol-30ml-600x315w.jpg";"algoVita The Necessary Azelaic Acid 15% + Bakuchiol est disponible au meilleur prix chez votre parapharmacie parashop tunisie. Livraison gratuite dès 99DT";"";"visage";"0.000";"-25%";"";"";"";"https://www.parashop.tn/visage/algovita-the-necessary-azelaic-acid-15-bakuchiol-30ml"
"PS-ALGOVITA-THE-NECESSARY-B-6F1C09";"";"algoVita The Necessary Biotine & Peptides Lash & Brow Serum 10ML";"0.000";"0.000";"27.731";"99.000";"257.001";"0.000";"";"0";"https://www.parashop.tn/image/cache/catalog/produits/algovita/algovita-the-necessary-biotine-peptides-lash-brow-serum-10ml-600x315w.jpg";"algoVita The Necessary Biotine & Peptides Lash & Brow Serum est disponible au meilleur prix chez votre parapharmacie parashop tunisie. Livraison gratuite dès 99DT";"";"visage";"109.461";"-25%";"";"";"";"https://www.parashop.tn/visage/algovita-the-necessary-biotine-peptides-lash-brow-serum-10ml"
"PS-ALGOVITA-THE-NECESSARY-C-A4840A";"";"algoVita The Necessary Caffeine 5% + EGCG + Ribose 30ML";"0.000";"0.000";"37.816";"99.000";"161.794";"0.000";"";"0";"https://www.parashop.tn/image/cache/catalog/produits/algovita/algovita-the-necessary-caffeine-5-egcg-ribose-30ml-600x315w.jpg";"algoVita The Necessary Caffeine 5% + EGCG + Ribose est disponible au meilleur prix chez votre parapharmacie parashop tunisie. Livraison gratuite dès 99DT";"";"visage";"0.000";"-25%";"";"";"";"https://www.parashop.tn/visage/algovita-the-necessary-caffeine-5-egcg-ribose-30ml"
"PS-ALGOVITA-THE-NECESSARY-G-349ED6";"";"algoVita The Necessary Glycolic Acid 7% + Adenosine Toner 250ML";"0.000";"0.000";"41.176";"99.000";"140.431";"0.000";"";"0";"https://www.parashop.tn/image/cache/catalog/produits/algovita/algovita-the-necessary-glycolic-acid-7-adenosine-toner-240ml-600x315w.jpg";"algoVita The Necessary Glycolic Acid 7% + Adenosine Toner est disponible au meilleur prix chez votre parapharmacie parashop tunisie. Livraison gratuite dès 99DT";"";"visage";"0.000";"-25%";"";"";"";"https://www.parashop.tn/visage/algovita-the-necessary-glycolic-acid-7-adenosine-toner-240ml"
"PS-ALGOVITA-THE-NECESSARY-H-DA0CB1";"";"algoVita The Necessary Hyaluronic Acid 2% +B5+Saccharides 30ML";"0.000";"0.000";"37.814";"99.000";"161.808";"0.000";"";"0";"https://www.parashop.tn/image/cache/catalog/produits/algovita/algovita-the-necessary-hyaluronic-acid-2-b5-saccharides-30ml-600x315w.jpg";"algoVita The Necessary Hyaluronic Acid 2% +B5+Saccharides est disponible au meilleur prix chez votre parapharmacie parashop tunisie. Livraison gratuite dès 99DT";"";"visage";"0.000";"-25%";"";"";"";"https://www.parashop.tn/visage/algovita-the-necessary-hyaluronic-acid-2-b5-saccharides-30ml"
"PS-ALGOVITA-THE-NECESSARY-M-529F64";"";"algoVita The Necessary Mandelic Acid 10% + HA + Gluconolactone 30ML";"0.000";"0.000";"34.454";"99.000";"187.340";"0.000";"";"0";"https://www.parashop.tn/image/cache/catalog/produits/algovita/algovita-the-necessary-mandelic-acid-10-ha-gluconolactone-30ml-600x315w.jpg";"algoVita The Necessary Mandelic Acid 10% + HA + Gluconolactone est disponible au meilleur prix chez votre parapharmacie parashop tunisie. Livraison gratuite dès 99DT";"";"visage";"0.000";"-25%";"";"";"";"https://www.parashop.tn/visage/algovita-the-necessary-mandelic-acid-10-ha-gluconolactone-30ml"
"PS-ALGOVITA-THE-NECESSARY-M-420D92";"";"algoVita The Necessary Multi Bioactive Serum 30ML";"0.000";"0.000";"49.580";"99.000";"99.677";"0.000";"";"0";"https://www.parashop.tn/image/cache/catalog/produits/algovita/algovita-the-necessary-multi-bioactive-serum-30-ml-600x315w.jpg";"algoVita The Necessary Multi Bioactive Serum est disponible au meilleur prix chez votre parapharmacie parashop tunisie. Livraison gratuite dès 99DT";"";"visage";"0.000";"-25%";"";"";"";"https://www.parashop.tn/visage/algovita-the-necessary-multi-bioactive-serum-30ml"
"PS-ALGOVITA-THE-NECESSARY-N-32ECC7";"";"algoVita The Necessary Natural Moisterizing Bioactives Amino Acids + HA Peau Normale a Seche 50ML";"0.000";"0.000";"30.252";"36.000";"19.000";"0.000";"";"0";"https://www.parashop.tn/image/cache/catalog/produits/algovita/algovita-the-necessary-natural-moisterizing-bioactives-amino-acids-ha-peau-normale-a-seche-50ml-600x315w.jpg";"algoVita The Necessary Natural Moisterizing Bioactives Amino Acids + HA Peau Normale a Seche au meilleur prix chez votre parapharmacie parashop tunisie.";"";"visage";"43.000";"-25%";"";"";"";"https://www.parashop.tn/visage/algovita-the-necessary-natural-moisterizing-bioactives-amino-acids-ha-peau-normale-seche-50ml"
"PS-ALGOVITA-THE-NECESSARY-N-B7E66D";"";"algoVita The Necessary Natural Moisterizing Factors + HA Peau Mixte a Grasse 50ML";"0.000";"0.000";"30.251";"35.999";"19.001";"0.000";"";"0";"https://www.parashop.tn/image/cache/catalog/produits/algovita/algovita-the-necessary-natural-moisterizing-bioactives-amino-acids-ha-peau-normale-a-seche-50ml-600x315w.jpg";"algoVita The Necessary Natural Moisterizing Bioactives Amino Acids + HA Peau Mixte a Grasse au meilleur prix chez votre parapharmacie parashop tunisie.";"";"visage";"86.709";"-25%";"";"";"";"https://www.parashop.tn/visage/algovita-the-necessary-natural-moisterizing-bioactives-amino-acids-ha-peau-mixte-a-grasse-50ml"
"PS-ALGOVITA-THE-NECESSARY-N-FF2B92";"";"algoVita The Necessary Niacinamide 10% + Zinc 1% 30ML";"0.000";"0.000";"36.134";"99.000";"173.980";"0.000";"";"0";"https://www.parashop.tn/image/cache/catalog/produits/algovita/algovita-the-necessary-niacinamide-10-zinc-1-30ml-600x315w.jpg";"algoVita The Necessary Niacinamide 10% + Zinc 1% est disponible au meilleur prix chez votre parapharmacie parashop tunisie. Livraison gratuite dès 99DT";"";"visage";"0.000";"-25%";"";"";"";"https://www.parashop.tn/visage/algovita-the-necessary-niacinamide-10-zinc-1-30ml"
"PS-ALGOVITA-THE-NECESSARY-R-B9E6DA";"";"algoVita The Necessary Retinol 2% + Omega-3 30ML";"0.000";"0.000";"38.656";"99.000";"156.105";"0.000";"";"0";"https://www.parashop.tn/image/cache/catalog/produits/algovita/algovita-the-necessary-retinol-2-omega-3-30ml-600x315w.jpg";"algoVita The Necessary Retinol 2% + Omega-3 est disponible au meilleur prix chez votre parapharmacie parashop tunisie. Livraison gratuite dès 99DT";"";"visage";"0.000";"-25%";"";"";"";"https://www.parashop.tn/visage/algovita-the-necessary-retinol-2-omega-3-squalane-30ml"
"PS-ALGOVITA-THE-NECESSARY-S-9769E1";"";"algoVita The Necessary Salicylic Acid 2 % + B5 30ML";"0.000";"0.000";"30.251";"99.000";"227.262";"0.000";"";"0";"https://www.parashop.tn/image/cache/catalog/produits/algovita/algovita-the-necessary-salicylic-acid-2-b5-30ml-600x315w.jpg";"algoVita The Necessary Salicylic Acid 2 % + B5 est disponible au meilleur prix chez votre parapharmacie parashop tunisie. Livraison gratuite dès 99DT";"";"visage";"0.000";"-25%";"";"";"";"https://www.parashop.tn/visage/algovita-the-necessary-salicylic-acid-2-b5-30ml"
"PS-ALMAFLORE-GEL-ALOE-VERA--C9D8D8";"";"ALMAFLORE Gel Aloe Vera 100ML";"0.000";"0.000";"9.600";"11.424";"19.000";"0.000";"";"0";"https://www.parashop.tn/image/cache/catalog/produits/almaflore/almaflore-gel-aloe-vera-100-ml-600x315w.jpg";"Le gel d";"";"visage";"14.280";"-25%";"";"";"";"https://www.parashop.tn/visage/almaflore-gel-aloe-vera-100ml"
"PS-ALMAFLORE-VITAMINE-A-10M-1F6EAE";"";"ALMAFLORE VITAMINE A 10ML";"0.000";"0.000";"18.240";"21.706";"19.002";"0.000";"";"0";"https://www.parashop.tn/image/cache/catalog/produits/almaflore/almaflore-vitamine-a-10-ml-600x315w.jpg";"ALMAFLORE VITAMINE A pour combattre les problèmes de vieillissement de la peau, les rides et les cicatrices. A prix bas chez parashop tunisie";"";"visage";"27.132";"-25%";"";"";"";"https://www.parashop.tn/visage/almaflore-vitamine-a-10ml"
"PS-ALMAFLORE-VITAMINE-B3-10-B8E7F6";"";"ALMAFLORE VITAMINE B3 10ML";"0.000";"0.000";"12.480";"14.851";"18.998";"0.000";"";"0";"https://www.parashop.tn/image/cache/catalog/produits/almaflore/almaflore-vitamine-b3-10-ml-600x315w.jpg";"ALMAFLORE VITAMINE B3 possède des propriétés antioxydantes et anti-âge très efficaces. Au meilleur prix chez parashop tunisie";"";"visage";"18.564";"-25%";"";"";"";"https://www.parashop.tn/visage/almaflore-vitamine-b3-10ml"
"PS-ANIVAGENE-SERUM-CILS-ET--7EAE7B";"";"ANIVAGENE Serum cils et sourcils 10ML";"0.000";"0.000";"47.609";"56.655";"19.001";"0.000";"";"0";"https://www.parashop.tn/image/cache/catalog/produits/anivagene/anivagene-serum-cils-et-sourcils-10-ml-600x315w.jpg";"ANIVAGENE Serum cils et sourcils est un sérum traitant pour cils et sourcils fins et fragiles. Au meilleur prix tunisie chez notre parapharmacie";"";"visage";"71.400";"-25%";"";"";"";"https://www.parashop.tn/visage/anivagene-serum-cils-et-sourcils-10ml"
"PS-ANIVAGENE-9B8FB2";"";"Anivagene";"0.000";"0.000";"64.584";"76.855";"19.000";"0.000";"";"0";"https://www.parashop.tn/image/cache/catalog/marques/anivagene-logo-600x315w.jpg";"";"Anivagene ANIVAGENE Ampoules Fortifiantes & Energisantes Cheveux 7X5ML ANIVAGENE Ampoules Fortifiantes & Energisantes Ch";"marque";"99.000";"-25%";"";"";"";"https://www.parashop.tn/anivagene"
"PS-APOTHICA-CPA-CLEAN-GEL-M-27D903";"";"APOTHICA CPA+ CLEAN GEL MOUSSANT 250ML";"0.000";"0.000";"18.240";"21.706";"19.002";"0.000";"";"0";"https://www.parashop.tn/image/cache/catalog/produits/apothica/apothica-cpa-clean-gel-moussant-250ml-600x315w.jpg";"APOTHICA CPA CLEAN GEL MOUSSANT destine aux peaux à imperfections. Au meilleur prix chez parashop tunisie";"";"visage";"27.132";"-25%";"";"";"";"https://www.parashop.tn/visage/apothica-cpa-clean-gel-moussant-250ml"
"PS-APOTHICA-CPA-CORRECT-SER-13D640";"";"APOTHICA CPA+ CORRECT SERUM EXFOLIANT 30ML";"0.000";"0.000";"35.520";"99.000";"178.716";"0.000";"";"0";"https://www.parashop.tn/image/cache/catalog/produits/apothica/apothica-cpa-correct-serum-exfoliant-30ml-600x315w.jpg";"APOTHICA CPA+ CORRECT SERUM EXFOLIANT aà bas prix en tunisie sur parashop votre parapharmacie en ligne. Livraison gratuite dès 99DT";"";"visage";"0.000";"-25%";"";"";"";"https://www.parashop.tn/visage/apothica-cpa-correct-serum-exfoliant-30ml"
"PS-APOTHICA-CREME-HYDRATANT-C7E301";"";"APOTHICA CREME HYDRATANTE CLARIFIANTE 50ML";"0.000";"0.000";"25.920";"30.845";"19.001";"0.000";"";"0";"https://www.parashop.tn/image/cache/catalog/produits/apothica/apothica-creme-hydratante-clarifiante-50ml-600x315w.jpg";"APOTHICA CREME HYDRATANTE CLARIFIANTE apporte aux peaux mixtes à grasses l";"";"visage";"38.556";"-25%";"";"";"";"https://www.parashop.tn/visage/apothica-creme-hydratante-clarifiante-50ml"
"PS-APOTHICA-EAU-PURE-DEMAQU-2D8400";"";"APOTHICA EAU PURE DEMAQUILLANTE 250ML";"0.000";"0.000";"17.280";"20.563";"18.999";"0.000";"";"0";"https://www.parashop.tn/image/cache/catalog/produits/apothica/apothica-eau-pure-demaquillante-250ml-600x315w.jpg";"APOTHICA EAU PURE DEMAQUILLANTE est anti-âge, nettoyante et démaquillante,  disponible chez notre parapharmacie à prix bas tunisie";"";"visage";"25.704";"-25%";"";"";"";"https://www.parashop.tn/visage/apothica-eau-pure-demaquillante-250ml"
"PS-APOTHICA-GEL-MOUSSANT-EX-32A8EF";"";"APOTHICA Gel Moussant Exosomes 400ML";"0.000";"0.000";"34.800";"99.000";"184.483";"0.000";"";"0";"https://www.parashop.tn/image/cache/catalog/produits/apothica/apothica-gel-moussant-exosomes-400ml-600x315w.jpg";"Offrez à votre peau une douceur absolue avec APOTHICA Gel Moussant Exosomes à bas prix en tunisie sur parashop votre parapharmacie en ligne. Livraison gratuite dès 99DT";"";"visage";"0.000";"-25%";"";"";"";"https://www.parashop.tn/visage/apothica-gel-moussant-exosomes-400ml"
"PS-APOTHICA-2F641D";"";"Apothica";"0.000";"0.000";"18.240";"21.706";"19.002";"0.000";"";"0";"https://www.parashop.tn/image/cache/catalog/marques/apothica-logo-min-600x315w.jpg";"";"Apothica APOTHICA CPA+ CLEAN GEL MOUSSANT 250ML APOTHICA CPA+ CLEAN GEL MOUSSANT - APOTHICA CPA+ CLEAN GEL MOUSSANT est";"marque";"27.132";"-25%";"";"";"";"https://www.parashop.tn/apothica"
"PS-APOTHICA-MOUSSE-NETTOYAN-119448";"";"APOTHICA MOUSSE NETTOYANTE MIEL 150ML";"0.000";"0.000";"28.240";"33.606";"19.001";"0.000";"";"0";"https://www.parashop.tn/image/cache/catalog/produits/apothica/apothica-mousse-nettoyante-miel-150-ml-600x315w.jpg";"APOTHICA MOUSSE NETTOYANTE MIEL lutte contre les premières rides et ridules, lisse, purifie et hydrate la peau. Au meilleur prix tunisie chez parashop";"";"visage";"42.007";"-25%";"";"";"";"https://www.parashop.tn/visage/apothica-mousse-nettoyante-miel-150ml"
"PS-APOTHICA-SERUM-ACIDE-SAL-4D7332";"";"APOTHICA Serum Acide Salicylique 50ML";"0.000";"0.000";"44.400";"99.000";"122.973";"0.000";"";"0";"https://www.parashop.tn/image/cache/catalog/produits/apothica/apothica-serum-acide-salicylique-50ml-600x315w.jpg";"Une peau visiblement plus claire et purifiée avec APOTHICA Serum Acide Salicylique à bas prix en tunisie sur parashop votre parapharmacie en ligne. Livraison gratuite dès 99DT";"";"visage";"0.000";"-25%";"";"";"";"https://www.parashop.tn/visage/apothica-serum-acide-salicylique-50ml"
"PS-APOTHICA-SERUM-ANTI-PIGM-E8A89D";"";"APOTHICA Serum Anti Pigment 50ML";"0.000";"0.000";"48.000";"99.000";"106.250";"0.000";"";"0";"https://www.parashop.tn/image/cache/catalog/produits/apothica/apothica-serum-anti-pigment-50ml-600x315w.jpg";"Révélez un regard frais et lumineux avec APOTHICA Serum Anti Pigment à bas prix en tunisie sur parashop votre parapharmacie en ligne. Livraison gratuite dès 99DT";"";"visage";"0.000";"-25%";"";"";"";"https://www.parashop.tn/visage/apothica-serum-anti-pigment-50ml"
"PS-APOTHICA-SERUM-EXOSOMES--AC0C7B";"";"APOTHICA Serum Exosomes 50ML";"0.000";"0.000";"48.000";"99.000";"106.250";"0.000";"";"0";"https://www.parashop.tn/image/cache/catalog/produits/apothica/apothica-serum-exosomes-50ml-600x315w.jpg";"Découvrez le pouvoir régénérant des exosomes avec APOTHICA Serum Exosomes à bas prix en tunisie sur parashop votre parapharmacie en ligne. Livraison gratuite dès 99DT";"";"visage";"0.000";"-25%";"";"";"";"https://www.parashop.tn/visage/apothica-serum-exosomes-50ml"
"PS-AVENE-CICALFATE-GEL-CICA-7A6F84";"";"AVENE CICALFATE+ Gel Cicatrice 30ML";"0.000";"0.000";"37.498";"44.623";"19.001";"0.000";"";"0";"https://www.parashop.tn/image/cache/data/images_produits/AVENE/avene-cicalfate-gel-cicatrice-30ml-600x315w.jpg";"AVENE CICALFATE+ Gel cicatrice est un soin permettant d";"";"visage";"68.355";"-25%";"";"";"";"https://www.parashop.tn/visage/avene-cicalfate-gel-cicatrice-30ml"
"PS-AVENE-CICALFATE-GEL-NETT-462D32";"";"AVENE CICALFATE+ GEL NETTOYANT ASSAINISSANT 200ML";"0.000";"0.000";"40.112";"99.000";"146.809";"0.000";"";"0";"https://www.parashop.tn/image/cache/catalog/produits/avene/avene-cicalfate-gel-nettoyant-assainissant-200ml-600x315w.jpg";"AVENE CICALFATE GEL NETTOYANT ASSAINISSANT est disponible au meilleur prix chez votre parapharmacie parashop tunisie. Livraison gratuite dès 99DT";"";"visage";"0.000";"-25%";"";"";"";"https://www.parashop.tn/visage/avene-cicalfate-gel-nettoyant-assainissant-200ml"
"PS-AVENE-CICALFATE-BAUME-RE-DE2620";"";"AVENE CICALFATE+ LEVRES BAUME REPARATEUR 10ML";"0.000";"0.000";"21.065";"99.000";"369.974";"0.000";"";"0";"https://www.parashop.tn/image/cache/catalog/produits/avene/avene-cicalfate-pack-baume-reparateur-levres-10ml-600x315w.jpg";"AVENE CICALFATE+ LEVRES BAUME REPARATEUR est disponible au meilleur prix chez votre parapharmacie parashop tunisie. Livraison gratuite dès 99DT";"";"visage";"220.321";"-25%";"";"";"";"https://www.parashop.tn/visage/avene-cicalfate-baume-reparateur-levres-10ml"
"PS-AVENE-CICALFATE-EMULSION-27BD2F";"";"Avene CICALFATE+ Soin Hydratant Reparateur Post Acte 40ML";"0.000";"0.000";"31.447";"99.000";"214.815";"0.000";"";"0";"https://www.parashop.tn/image/cache/catalog/produits/avene/avene-cicalfate-soin-hydratant-reparateur-post-acte-40ml-600x315w.jpg";"Avene CICALFATE Soin Hydratant Reparateur POST ACTE à bas prix en tunisie sur parashop votre parapharmacie en ligne. Livraison gratuite dès 99DT";"";"visage";"118.631";"-25%";"";"";"";"https://www.parashop.tn/visage/avene-cicalfate-emulsion-reparatrice-post-acte-40ml"
"PS-AVENE-CICALFATE-SPRAY-AS-136A78";"";"AVENE CICALFATE+ Spray Asséchant Réparateur 100ML";"0.000";"0.000";"44.538";"53.000";"19.000";"0.000";"";"0";"https://www.parashop.tn/image/cache/data/images_produits/AVENE/avene-cicalfate-spray-assechant-reparateur-100ml-600x315w.jpg";"AVENE CICALFATE+ Spray Asséchant Réparateur permet d";"";"visage";"56.444";"-25%";"";"";"";"https://www.parashop.tn/visage/avene-cicalfate-spray-assechant-reparateur-100ml"
"PS-AVENE-CLEANANCE-COMEDOME-64F34E";"";"AVENE Cleanance Comedomed Peeling Creme Intensive Poussee de Boutons 40ML";"0.000";"0.000";"47.100";"99.000";"110.191";"0.000";"";"0";"https://www.parashop.tn/image/cache/catalog/produits/avene/avene-cleanance-comedomed-peeling-creme-intensive-poussee-de-boutons-40ml-600x315w.jpg";"AVENE Cleanance Comedomed Peeling Creme Intensive Poussee de Boutons à bas prix en tunisie sur parashop votre parapharmacie en ligne. Livraison gratuite dès 99DT";"";"visage";"0.000";"-25%";"";"";"";"https://www.parashop.tn/visage/avene-cleanance-comedomed-peeling-creme-intensive-poussee-de-boutons-40ml"
"PS-AVENE-CLEANANCE-COMEDOME-874ED6";"";"AVENE CLEANANCE COMEDOMED Soin Assechant Localise 15ML";"0.000";"0.000";"33.539";"39.911";"18.999";"0.000";"";"0";"https://www.parashop.tn/image/cache/catalog/produits/avene/avene-cleanance-comedomed-soin-assechant-localise-15ml-600x315w.jpg";"avene cleanance comedomed soin assechant réduit l";"";"visage";"125.664";"-25%";"";"";"";"https://www.parashop.tn/visage/avene-cleanance-comedomed-soin-assechant-localise-15ml"
"PS-AVENE-CLEANANCE-COMEDOME-B1E7FF";"";"AVENE CLEANANCE COMEDOMED+ Soin Intensif Anti Imperfections 30ML";"0.000";"0.000";"57.441";"68.355";"19.000";"0.000";"";"0";"https://www.parashop.tn/image/cache/catalog/produits/avene/avene-cleanance-comedomed-soin-anti-imperfections-30ml-600x315w.jpg";"éliminez les boutons et les points noirs avec AVENE CLEANANCE COMEDOMED+ Soin Intensif Anti Imperfections 30ML, au meilleur prix en tunisie chez parashop";"";"visage";"77.088";"-25%";"";"";"";"https://www.parashop.tn/visage/avene-cleanance-comedomed-concentre-anti-imperfections-30ml"
"PS-AVENE-CLEANANCE-HYDRA-CR-361585";"";"AVENE CLEANANCE HYDRA Creme Lavante Apaisante 200ML";"0.000";"0.000";"34.824";"99.000";"184.287";"0.000";"";"0";"https://www.parashop.tn/image/cache/catalog/produits/avene/avene-cleanance-hydra-creme-lavante-apaisante-200-ml-600x315w.jpg";"AVENE CLEANANCE HYDRA Creme Lavante Apaisante est disponible au meilleur prix chez votre parapharmacie parashop tunisie. Livraison gratuite dès 99DT";"";"visage";"118.196";"-25%";"";"";"";"https://www.parashop.tn/visage/avene-cleanance-hydra-creme-lavante-apaisante-200ml"
"PS-AVENE-CLEANANCE-SERUM-EX-865AC4";"";"AVENE CLEANANCE Serum Exfoliant A.H.A 30ML";"0.000";"0.000";"59.159";"99.000";"67.346";"0.000";"";"0";"https://www.parashop.tn/image/cache/catalog/produits/avene/avene-cleanance-serum-exfoliant-aha-30ml-600x315w.jpg";"AVENE CLEANANCE Serum Exfoliant A.H.A est disponible au meilleur prix chez votre parapharmacie parashop tunisie. Livraison gratuite dès 99DT";"";"visage";"117.304";"-25%";"";"";"";"https://www.parashop.tn/visage/avene-cleanance-serum-exfoliant-aha-30ml"
"PS-AVENE-COLD-CREAM-CREME-4-C187C2";"";"AVENE COLD CREAM 40ML";"0.000";"0.000";"31.530";"37.520";"18.998";"0.000";"";"0";"https://www.parashop.tn/image/cache/data/images_produits/AVENE/avene-cold-cream-40ml-600x315w.jpg";"La Cold Cream de Avene sert à Nourrir, hydrater et protèger la peau des agressions extérieures. Disponible au meilleur prix en tunisie chez parashop";"";"visage";"41.689";"-25%";"";"";"";"https://www.parashop.tn/visage/avene-cold-cream-creme-40ml"
"PS-AVENE-EAU-MICELLAIRE-DEM-9580C0";"";"AVENE Eau Micellaire Demaquillante 400ML";"0.000";"0.000";"44.146";"99.000";"124.256";"0.000";"";"0";"https://www.parashop.tn/image/cache/catalog/produits/avene/avene-eau-micellaire-demaquillante-400ml-600x315w.jpg";"AVENE Eau Micellaire est disponible au meilleur prix chez votre parapharmacie parashop tunisie. Livraison gratuite dès 99DT";"";"visage";"0.000";"-25%";"";"";"";"https://www.parashop.tn/visage/avene-eau-micellaire-demaquillante-400ml"
"PS-AVENE-HYALURON-ACTIV-B3--7ACE56";"";"AVENE HYALURON ACTIV B3 Aqua Gel Creme Recharge 50ML";"0.000";"0.000";"110.401";"99.000";"0.000";"0.000";"";"0";"https://www.parashop.tn/image/cache/catalog/produits/avene/avene-hyaluron-activ-b3-aqua-gel-creme-recharge-600x315w.jpg";"AVENE HYALURON ACTIV B3 Aqua Gel Creme recharge disponible à bas en tunisie sur parashop votre parapharmacie en ligne. Livraison gratuite dès 99DT";"";"visage";"131.377";"-25%";"";"";"";"https://www.parashop.tn/visage/avene-hyaluron-activ-b3-aqua-gel-creme-recharge-50ml"
"PS-AVENE-HYALURON-ACTIV-B3--891DDB";"";"AVENE HYALURON ACTIV B3 Aqua Gel Creme Regeneration Cellulaire 50ML";"0.000";"0.000";"139.159";"99.000";"0.000";"0.000";"";"0";"https://www.parashop.tn/image/cache/catalog/produits/avene/avene-hyaluron-activ-b3-aqua-gel-creme-regeneration-cellulaire-50ml-600x315w.jpg";"AVENE HYALURON ACTIV B3 Aqua Gel Creme disponible à bas en tunisie sur parashop votre parapharmacie en ligne. Livraison gratuite dès 99DT";"";"visage";"165.599";"-25%";"";"";"";"https://www.parashop.tn/visage/avene-hyaluron-activ-b3-aqua-gel-creme-regeneration-cellulaire-50ml"
"PS-AVENE-HYALURON-ACTIV-B3--3B276E";"";"AVENE HYALURON ACTIV B3 Creme Multi Intensive Nuit 40ML";"0.000";"0.000";"125.882";"99.000";"0.000";"0.000";"";"0";"https://www.parashop.tn/image/cache/catalog/produits/avene/avene-hyaluron-activ-b3-creme-multi-intensive-nuit-40ml-600x315w.jpg";"AVENE HYALURON ACTIV B3 Creme Multi Intensive Nuit est disponible au meilleur prix chez votre parapharmacie parashop tunisie. Livraison gratuite dès 99DT";"";"visage";"149.800";"-25%";"";"";"";"https://www.parashop.tn/visage/avene-hyaluron-activ-b3-creme-multi-intensive-nuit-40ml"
"PS-AVENE-HYALURON-ACTIV-B3--0305F5";"";"AVENE HYALURON ACTIV B3 Creme Regeneration Cellulaire 50ML";"0.000";"0.000";"136.396";"99.000";"0.000";"0.000";"";"0";"https://www.parashop.tn/image/cache/catalog/produits/avene/avene-hyaluron-activ-b3-creme-regeneration-cellulaire-50ml-600x315w.jpg";"AVENE HYALURON ACTIV B3 Creme Regeneration Cellulaire est disponible au meilleur prix chez votre parapharmacie parashop tunisie. Livraison gratuite dès 99DT";"";"visage";"162.311";"-25%";"";"";"";"https://www.parashop.tn/visage/avene-hyaluron-activ-b3-creme-regeneration-cellulaire-50ml"
"PS-AVENE-HYALURON-ACTIV-B3--E94DE8";"";"AVENE HYALURON ACTIV B3 Serum Concentre Repulpant 30ML";"0.000";"0.000";"115.126";"99.000";"0.000";"0.000";"";"0";"https://www.parashop.tn/image/cache/catalog/produits/avene/avene-hyaluron-activ-b3-serum-concentre-repulpant-30ml-600x315w.jpg";"AVENE HYALURON ACTIV B3 Serum Concentre Repulpant est disponible au meilleur prix chez votre parapharmacie parashop tunisie. Livraison gratuite dès 99DT";"";"visage";"137.000";"-25%";"";"";"";"https://www.parashop.tn/visage/avene-hyaluron-activ-b3-serum-concentre-repulpant-30ml"
"PS-AVENE-HYALURON-ACTIV-PRO-1A3EDE";"";"AVENE HYALURON ACTIV PROCEDURE Creme Lifting 0.1% Retinal 30ML";"0.000";"0.000";"136.396";"99.000";"0.000";"0.000";"";"0";"https://www.parashop.tn/image/cache/catalog/produits/avene/avene-hyaluron-activ-procedure-creme-lifting-01-retinal-30ml-600x315w.jpg";"AVENE HYALURON ACTIV PROCEDURE Creme Lifting 0.1% Retinal à bas prix en tunisie sur parashop votre parapharmacie en ligne. Livraison gratuite dès 99DT";"";"visage";"162.311";"-25%";"";"";"";"https://www.parashop.tn/visage/avene-hyaluron-activ-procedure-creme-lifting-01-retinal-30ml"
"PS-AVENE-HYDRANCE-SPF30-CRE-5EBD1F";"";"AVENE HYDRANCE SPF30 CREME HYDRATANTE 40ML";"0.000";"0.000";"37.983";"99.000";"160.643";"0.000";"";"0";"https://www.parashop.tn/image/cache/catalog/produits/avene/avene-hydrance-spf30-creme-hydratante-40ml-600x315w.jpg";"Commandez AVENE HYDRANCE SPF30 CREME HYDRATANTE à bas prix en tunisie sur parashop votre parapharmacie en ligne. Livraison gratuite dès 99DT";"";"visage";"0.000";"-25%";"";"";"";"https://www.parashop.tn/visage/avene-hydrance-spf30-creme-hydratante-40ml"
"PS-AVENE-MOUSSE-NETTOYANTE--7604EC";"";"AVENE Mousse Nettoyante 150ML";"0.000";"0.000";"42.128";"99.000";"134.998";"0.000";"";"0";"https://www.parashop.tn/image/cache/catalog/produits/avene/avene-mousse-nettoyante-150ml-600x315w.jpg";"AVENE Mousse Nettoyante est disponible au meilleur prix chez votre parapharmacie parashop tunisie. Livraison gratuite dès 99DT";"";"visage";"0.000";"-25%";"";"";"";"https://www.parashop.tn/visage/avene-mousse-nettoyante-150ml"
"PS-AVENE-TOLERANCE-CONTROL--7AEBA0";"";"AVENE TOLERANCE CONTROL Creme Apaisante Restauratrice 40ML";"0.000";"0.000";"61.849";"73.600";"18.999";"0.000";"";"0";"https://www.parashop.tn/image/cache/data/images_produits/AVENE/tolerance/avene-tolerance-control-creme-apaisante-restauratrice-40ml-600x315w.jpg";"avene tolérance control crème super apaisante est enrichie de 98% d";"";"visage";"79.823";"-25%";"";"";"";"https://www.parashop.tn/visage/avene-tolerance-control-creme-apaisante-restauratrice-40ml"
"PS-AVENE-VITAMIN-ACTIV-CG-S-047234";"";"AVENE VITAMIN ACTIV Cg Serum Correcteur Eclat 30ML";"0.000";"0.000";"115.294";"99.000";"0.000";"0.000";"";"0";"https://www.parashop.tn/image/cache/catalog/produits/avene/avene-vitamin-activ-cg-serum-correcteur-eclat-30ml-600x315w.jpg";"AVENE VITAMIN ACTIV Cg Serum Correcteur Eclat disponible à bas en tunisie sur parashop votre parapharmacie en ligne. Livraison gratuite dès 99DT";"";"visage";"137.200";"-25%";"";"";"";"https://www.parashop.tn/visage/avene-vitamin-activ-cg-serum-correcteur-eclat-30ml"
"PS-BABE-ANTIOX-SERUM-VITAMI-FA648E";"";"BABE ANTIOX SERUM VITAMINE C 30ML";"0.000";"0.000";"104.880";"99.000";"0.000";"0.000";"";"0";"https://www.parashop.tn/image/cache/catalog/produits/babe/babe-antiox-serum-vitamine-c-30ml-600x315w.jpg";"Acheter BABE ANTIOX SERUM VITAMINE C à bas prix en tunisie sur parashop votre parapharmacie en ligne. Livraison gratuite dès 99DT";"";"visage";"124.807";"-25%";"";"";"";"https://www.parashop.tn/visage/babe-antiox-serum-vitamine-c-30ml"
"PS-BABE-DEPIGMENT-CONTROL-F-434D15";"";"BABE DEPIGMENT+ CONTROL FLUID 40ML";"0.000";"0.000";"95.521";"99.000";"3.642";"0.000";"";"0";"https://www.parashop.tn/image/cache/catalog/produits/babe/babe-depigment-control-fluid-40ml-600x315w.jpg";"Prévenir l";"La couleur du produit peut évoluer au fil du temps en raison de la transformation de ses ingrédients. Ce phénomène est c";"visage";"113.670";"-25%";"";"";"";"https://www.parashop.tn/visage/babe-depigment-control-fluid-40ml"
"PS-BABE-E5F06C";"";"BABÉ";"0.000";"0.000";"104.159";"123.949";"19.000";"0.000";"";"0";"https://www.parashop.tn/image/cache/data/marques/babe-logo-min-600x315w.jpg";"";"BABÉ BABE PACK Super Fluid SPF50 + STICK INVISIBLE SPF50 + DRIOSEC Roll On OFFERT BABE Super Fluid SPF50 + STICK INVISIB";"marque";"190.814";"-25%";"";"";"";"https://www.parashop.tn/babe"
"PS-BABE-DEPIGMENT-INTENSIVE-979B88";"";"BABE DEPIGMENT+ INTENSIVE SERUM 30ML";"0.000";"0.000";"110.603";"99.000";"0.000";"0.000";"";"0";"https://www.parashop.tn/image/cache/catalog/produits/babe/babe-depigment-intensive-serum-30ml-600x315w.jpg";"Attenuer vos taches avec BABE DEPIGMENT+ INTENSIVE SERUM à bas prix en tunisie sur parashop votre parapharmacie en ligne. Livraison gratuite dès 99DT";"La couleur du produit peut évoluer au fil du temps, ce qui est normal et n'altère ni son innocuité ni son efficacité. Co";"visage";"131.617";"-25%";"";"";"";"https://www.parashop.tn/visage/babe-depigment-intensive-serum-30ml"
"PS-BABE-DEPIGMENT-LOTION-GL-CF451A";"";"BABE DEPIGMENT+ LOTION GLOW 150ML";"0.000";"0.000";"95.521";"99.000";"3.642";"0.000";"";"0";"https://www.parashop.tn/image/cache/catalog/produits/babe/babe-depigment-lotion-glow-150ml-600x315w.jpg";"Commander BABE DEPIGMENT+ LOTION GLOW à bas prix en tunisie sur parashop votre parapharmacie en ligne. Livraison gratuite dès 99DT";"";"visage";"113.670";"-25%";"";"";"";"https://www.parashop.tn/visage/babe-depigment-lotion-glow-150ml"
"PS-BABE-HYDRA-SERUM-HYALURO-A3F0B6";"";"BABE HYDRA SERUM HYALURONIC ACID 30ML";"0.000";"0.000";"99.360";"99.000";"0.000";"0.000";"";"0";"https://www.parashop.tn/image/cache/catalog/produits/babe/babe-hydra-serum-hyaluronic-acid-30ml-600x315w.jpg";"BABE HYDRA SERUM HYALURONIC ACID à bas prix en tunisie sur parashop votre parapharmacie en ligne. Livraison gratuite dès 99DT";"";"visage";"118.238";"-25%";"";"";"";"https://www.parashop.tn/visage/babe-hydra-serum-hyaluronic-acid-30ml"
"PS-BABE-INVISIBLE-LIP-STICK-5DEB6D";"";"BABE LIP STICK INVISIBLE SPF 50 4GR";"0.000";"0.000";"19.071";"99.000";"419.113";"0.000";"";"0";"https://www.parashop.tn/image/cache/catalog/produits/babe/babe-invisible-lip-stick-spf-50-4gr-600x315w.jpg";"BABE LIP STICK INVISIBLE SPF 50 à bas prix en tunisie sur parashop votre parapharmacie en ligne. Livraison gratuite dès 99DT";"";"visage";"0.000";"-25%";"";"";"";"https://www.parashop.tn/visage/babe-invisible-lip-stick-spf-50-4gr"
"PS-BABE-REPAIR-SERUM-30ML-8E572C";"";"BABE REPAIR SERUM 30ML";"0.000";"0.000";"111.860";"99.000";"0.000";"0.000";"";"0";"https://www.parashop.tn/image/cache/catalog/produits/babe/babe-repair-serum-30ml-600x315w.jpg";"Acheter BABE REPAIR SERUM à bas prix en tunisie sur parashop votre parapharmacie en ligne. Livraison gratuite dès 99DT";"";"visage";"133.113";"-25%";"";"";"";"https://www.parashop.tn/visage/babe-repair-serum-30ml"
"PS-BABE-STOP-AKN-CREME-HYDR-47DD19";"";"BABE STOP AKN CREME HYDRATANTE MATIFIANTE 50ML";"0.000";"0.000";"39.211";"46.660";"18.997";"0.000";"";"0";"https://www.parashop.tn/image/cache/data/images_produits/BABÉ/babe-stop-akn-creme-hydratante-matifiante-600x315w.jpg";"BABE STOP AKN CREME HYDRATANTE MATIFIANTE régule le sébum et réduit la brillance du visage. Au meilleur prix chez parashop tunisie";"";"visage";"54.895";"-25%";"";"";"";"https://www.parashop.tn/visage/babe-stop-akn-creme-hydratante-matifiante"
"PS-BABE-STOP-AKN-CREME-HYDR-674E4B";"";"BABE STOP AKN CREME HYDRATANTE REPARATRICE 50ML";"0.000";"0.000";"44.319";"52.740";"19.001";"0.000";"";"0";"https://www.parashop.tn/image/cache/data/images_produits/BABÉ/babe-stop-akn-creme-hydratante-reparatrice-600x315w.jpg";"BABE STOP AKN CREME HYDRATANTE REPARATRICE pour les peaux soumises à un traitement anti-acnéique desséchants.";"";"visage";"62.047";"-25%";"";"";"";"https://www.parashop.tn/visage/babe-stop-akn-creme-hydratante-reparatrice"
"PS-BABE-STOP-AKN-FLUIDE-KER-526919";"";"BABE STOP AKN FLUIDE KERATOLYTIQUE EXFOLIANT";"0.000";"0.000";"45.662";"54.338";"19.000";"0.000";"";"0";"https://www.parashop.tn/image/cache/data/images_produits/BABÉ/babe-stop-akn-fluide-keratolytique-exfoliant-600x315w.jpg";"BABE STOP AKN FLUIDE KERATOLYTIQUE EXFOLIANT permet le renouvellement cellulaire à l";"";"visage";"63.927";"-25%";"";"";"";"https://www.parashop.tn/visage/babe-stop-akn-fluide-keratolytique-exfoliant"
"PS-BABE-STOP-AKN-GEL-NETTOY-1AAE77";"";"BABE STOP AKN GEL NETTOYANT PURIFIANT 200ML";"0.000";"0.000";"27.924";"33.230";"19.002";"0.000";"";"0";"https://www.parashop.tn/image/cache/data/images_produits/BABÉ/babe-gel-nettoyant-purifiant-200ml-600x315w.jpg";"BABE STOP AKN GEL NETTOYANT PURIFIANT élimine les impuretés et aide à contrôler l";"";"visage";"39.870";"-25%";"";"";"";"https://www.parashop.tn/visage/babe-stop-akn-gel-nettoyant-purifiant-200ml"
"PS-BABE-STOP-AKN-SPOT-CONTR-7C9422";"";"BABE STOP AKN SPOT CONTROL GEL 8ML";"0.000";"0.000";"21.287";"25.332";"19.002";"0.000";"";"0";"https://www.parashop.tn/image/cache/data/images_produits/BABÉ/babe-stop-akn-spot-control-gel-600x315w.jpg";"BABE STOP AKN SPOT CONTROL GEL à action asséchante intensive pour la réduction et la cicatrisation des lésions. A prix bas chez parashop tunisie";"";"visage";"29.802";"-25%";"";"";"";"https://www.parashop.tn/visage/babe-stop-akn-spot-control-gel"
"PS-BEESLINE-COFFRET-INSTANT-B8D1A8";"";"BEESLINE COFFRET INSTANT BRIGHT EAU MICELLAIRE + LOTION TONIQUE";"0.000";"0.000";"60.000";"99.000";"65.000";"0.000";"";"0";"https://www.parashop.tn/image/cache/catalog/produits/beesline/beesline-coffret-instant-bright-eau-micellaire-lotion-tonique-600x315w.jpg";"BEESLINE COFFRET INSTANT BRIGHT EAU MICELLAIRE + LOTION TONIQUE est disponible au meilleur prix chez votre parapharmacie parashop tunisie. Livraison gratuite dès 99DT";"";"visage";"101.388";"-25%";"";"";"";"https://www.parashop.tn/visage/beesline-coffret-instant-bright-eau-micellaire-lotion-tonique"
"PS-BEESLINE-COFFRET-INSTANT-338907";"";"BEESLINE COFFRET INSTANT BRIGHT GLOW SERUM  + CREME DE JOUR";"0.000";"0.000";"96.000";"99.000";"3.125";"0.000";"";"0";"https://www.parashop.tn/image/cache/catalog/produits/beesline/beesline-coffret-instant-bright-glow-serum-creme-de-jour-600x315w.jpg";"BEESLINE COFFRET INSTANT BRIGHT GLOW SERUM  + CREME DE JOUR au meilleur prix chez votre parapharmacie parashop tunisie. Livraison gratuite dès 99DT";"";"visage";"114.240";"-25%";"";"";"";"https://www.parashop.tn/visage/beesline-coffret-instant-bright-glow-serum-creme-de-jour"
"PS-BEESLINE-NETTOYANT-ECLAI-BFFC6B";"";"BEESLINE Gel Nettoyant Eclaircissant Peaux Mixtes à Grasses 250ML";"0.000";"0.000";"30.000";"99.000";"230.000";"0.000";"";"0";"https://www.parashop.tn/image/cache/catalog/produits/beesline/beesline-nettoyant-eclaircissant-peaux-mixtes-grasses-250ml-600x315w.jpg";"Commander BEESLINE Gel Nettoyant Eclaircissant Peaux Mixtes à Grasses à bas prix en tunisie sur parashop votre parapharmacie en ligne. Livraison gratuite dès 99DT";"";"visage";"0.000";"-25%";"";"";"";"https://www.parashop.tn/visage/beesline-nettoyant-eclaircissant-peaux-mixtes-grasses-250ml"
"PS-BEESLINE-0F4A4F";"";"Beesline";"0.000";"0.000";"52.248";"62.175";"19.000";"0.000";"";"0";"https://www.parashop.tn/image/cache/catalog/marques/beesline-logo-600x315w.jpg";"";"Beesline BEESLINE PACK SUNTAN OIL GOLD + AFTER SUN LOTION OFFERT BEESLINE PACK SUNTAN OIL GOLD + AFTER SUN LOTION OFFERT";"marque";"77.100";"-25%";"";"";"";"https://www.parashop.tn/beesline"
"PS-BEESLINE-GOMMAGE-OXYGENE-420B10";"";"BEESLINE Gommage Oxygene Visage 25ML";"0.000";"0.000";"7.200";"99.000";"1275.000";"0.000";"";"0";"https://www.parashop.tn/image/cache/catalog/produits/beesline/beesline-gommage-oxygene-visage-25ml-600x315w.jpg";"Commander BEESLINE Gommage Oxygene Visage à bas prix en tunisie sur parashop votre parapharmacie en ligne. Livraison gratuite dès 99DT";"";"visage";"0.000";"-25%";"";"";"";"https://www.parashop.tn/visage/beesline-gommage-oxygene-visage-25ml"
"PS-BEESLINE-INSTANT-BRIGHT--9BA19B";"";"BEESLINE INSTANT BRIGHT DAY CREAM 50ML";"0.000";"0.000";"76.800";"99.000";"28.906";"0.000";"";"0";"https://www.parashop.tn/image/cache/catalog/produits/beesline/beesline-instant-bright-day-cream-50ml-600x315w.jpg";"BEESLINE INSTANT BRIGHT DAY CREAM disponible au meilleur prix chez votre parapharmacie parashop tunisie. Livraison gratuite dès 99DT";"";"visage";"0.000";"-25%";"";"";"";"https://www.parashop.tn/visage/beesline-instant-bright-day-cream-50ml"
"PS-BEESLINE-INSTANT-BRIGHT--F5B478";"";"BEESLINE INSTANT BRIGHT EAU MICELLAIRE 400ML";"0.000";"0.000";"44.400";"99.000";"122.973";"0.000";"";"0";"https://www.parashop.tn/image/cache/catalog/produits/beesline/beesline-instant-bright-eau-micellaire-400ml-600x315w.jpg";"BEESLINE INSTANT BRIGHT EAU MICELLAIRE est disponible au meilleur prix chez votre parapharmacie parashop tunisie. Livraison gratuite dès 99DT";"";"visage";"99.032";"-25%";"";"";"";"https://www.parashop.tn/visage/beesline-instant-bright-eau-micellaire-400ml"
"PS-BEESLINE-INSTANT-BRIGHT--F82E68";"";"BEESLINE INSTANT BRIGHT FACIAL TONER 200ML";"0.000";"0.000";"40.800";"99.000";"142.647";"0.000";"";"0";"https://www.parashop.tn/image/cache/catalog/produits/beesline/beesline-instant-bright-facial-toner-200ml-600x315w.jpg";"BEESLINE INSTANT BRIGHT FACIAL TONER disponible au meilleur prix chez votre parapharmacie parashop tunisie. Livraison gratuite dès 99DT";"";"visage";"0.000";"-25%";"";"";"";"https://www.parashop.tn/visage/beesline-instant-bright-facial-toner-200ml"
"PS-BEESLINE-INSTANT-BRIGHT--257C6C";"";"BEESLINE INSTANT BRIGHT GLOW SERUM 30ML";"0.000";"0.000";"61.200";"99.000";"61.765";"0.000";"";"0";"https://www.parashop.tn/image/cache/catalog/produits/beesline/beesline-instant-bright-glow-serum-30ml-600x315w.jpg";"BEESLINE INSTANT BRIGHT GLOW SERUM disponible au meilleur prix chez votre parapharmacie parashop tunisie. Livraison gratuite dès 99DT";"";"visage";"0.000";"-25%";"";"";"";"https://www.parashop.tn/visage/beesline-instant-bright-glow-serum-30ml"
"PS-BEESLINE-MASQUE-LIFTING--52E541";"";"BEESLINE Masque Lifting 25G";"0.000";"0.000";"7.202";"8.570";"18.995";"0.000";"";"0";"https://www.parashop.tn/image/cache/catalog/produits/beesline/beesline-masque-lifting-25ml-600x315w.jpg";"BEESLINE Masque Lifting  est disponible au meilleur prix chez parashop tunisie";"";"visage";"18.792";"-25%";"";"";"";"https://www.parashop.tn/visage/beesline-masque-lifting-25ml"
"PS-BEESLINE-MASQUE-LUXURY-S-AAD9EA";"";"BEESLINE Masque Luxury Saphir Blanc 30G";"0.000";"0.000";"13.800";"99.000";"617.391";"0.000";"";"0";"https://www.parashop.tn/image/cache/catalog/produits/beesline/beesline-masque-luxury-saphir-blanc-25ml-600x315w.jpg";"Commander BEESLINE Masque Luxury Saphir Blanc à bas prix en tunisie sur parashop votre parapharmacie en ligne. Livraison gratuite dès 99DT";"";"visage";"0.000";"-25%";"";"";"";"https://www.parashop.tn/visage/beesline-masque-luxury-saphir-blanc-25ml"
"PS-BEESLINE-MASQUE-POINTS-N-0E7D27";"";"BEESLINE Masque Points Noirs 25G";"0.000";"0.000";"7.202";"99.000";"1274.618";"0.000";"";"0";"https://www.parashop.tn/image/cache/catalog/produits/beesline/beesline-masque-points-noirs-25ml-600x315w.jpg";"Commander BEESLINE Masque Points Noirs à bas prix en tunisie sur parashop votre parapharmacie en ligne. Livraison gratuite dès 99DT";"";"visage";"0.000";"-25%";"";"";"";"https://www.parashop.tn/visage/beesline-masque-points-noirs-25ml"
"PS-BEESLINE-UNIFYING-BRIGHT-8FD28B";"";"BEESLINE UNIFYING BRIGHTENING SERUM 30ML";"0.000";"0.000";"65.966";"99.000";"50.077";"0.000";"";"0";"https://www.parashop.tn/image/cache/catalog/produits/beesline/beesline-unifying-brightening-serum-30ml-600x315w.jpg";"BEESLINE UNIFYING BRIGHTENING SERUM est disponible au meilleur prix chez votre parapharmacie parashop tunisie. Livraison gratuite dès 99DT";"";"visage";"0.000";"-25%";"";"";"";"https://www.parashop.tn/visage/beesline-unifying-brightening-serum-30ml"
"PS-BEURER-FC-41-NETTOYEUR-D-1DC1FB";"";"BEURER FC 41 Nettoyeur de Pores";"0.000";"0.000";"91.298";"99.000";"8.436";"0.000";"";"0";"https://www.parashop.tn/image/cache/catalog/produits/beurer/beurer-fc-41-nettoyeur-de-pores-600x315w.jpg";"Commander BEURER FC 41 Nettoyeur de Pores à bas prix en tunisie sur parashop votre parapharmacie en ligne. Livraison gratuite dès 99DT";"";"visage";"120.720";"-25%";"";"";"";"https://www.parashop.tn/visage/beurer-fc-41-nettoyeur-de-pores"
"PS-BEURER-6CC3F7";"";"beurer";"0.000";"0.000";"82.991";"88.800";"7.000";"0.000";"";"0";"https://www.parashop.tn/image/cache/data/marques/beurer-logo-min-600x315w.jpg";"";"beurer BEURER BC 28 Tensiometre au poignet BEURER BC 28 Tensiometre au poignetBEURER BC 28 Tensiomètre au poignet est un";"marque";"185.778";"-25%";"";"";"";"https://www.parashop.tn/beurer"
"PS-BEURER-RASOIR-VISAGE-HL--33F7DF";"";"BEURER HL 16 Rasoir Visage";"0.000";"0.000";"69.272";"99.000";"42.915";"0.000";"";"0";"https://www.parashop.tn/image/cache/catalog/produits/beurer/beurer-rasoir-visage-hl-16-600x315w.jpg";"BEURER HL 16 Rasoir Visage est disponible au meilleur prix chez votre parapharmacie parashop tunisie. Livraison gratuite dès 99DT";"";"visage";"0.000";"-25%";"";"";"";"https://www.parashop.tn/visage/beurer-rasoir-visage-hl-16"
"PS-BIO-OIL-GEL-PEAUX-SECHES-8E40EB";"";"BIO OIL Gel Peaux Seches 100ML";"0.000";"0.000";"21.513";"25.600";"18.998";"0.000";"";"0";"https://www.parashop.tn/image/cache/catalog/produits/bio-oil/bio-oil-gel-peaux-seches-100ml-600x315w.jpg";"BIO OIL Gel Peaux Seches ralentie le vieillissement cutané et améliore à l’élasticité de la peau. Au meilleur prix chez parashop tunisie";"";"visage";"36.000";"-25%";"";"";"";"https://www.parashop.tn/visage/bio-oil-gel-peaux-seches-100ml"
"PS-BIO-OIL-GEL-PEAUX-SECHES-9C586C";"";"BIO OIL Gel Peaux Seches 200ML";"0.000";"0.000";"34.958";"41.600";"19.000";"0.000";"";"0";"https://www.parashop.tn/image/cache/catalog/produits/bio-oil/bio-oil-gel-peaux-seches-200ml-600x315w.jpg";"La formule Bi Oil est une combinaison de vitamines A et E, aux vertus anti-oxydantes, qui ralentissent le vieillissement cutané et améliore à l’élasticité.";"";"visage";"43.717";"-25%";"";"";"";"https://www.parashop.tn/visage/bio-oil-gel-peaux-seches-200ml"
"PS-BIO-OIL-GEL-PEAUX-SECHES-7A0C7F";"";"BIO OIL Gel Peaux Seches 50ML";"0.000";"0.000";"12.101";"14.400";"18.998";"0.000";"";"0";"https://www.parashop.tn/image/cache/catalog/produits/bio-oil/bio-oil-gel-peaux-seches-50ml-600x315w.jpg";"BIO OIL Gel Peaux Sèches adoucit et raffermit la peau,il forme une barrière protectrice. Au meilleur prix chez parashop tunisie";"";"visage";"18.792";"-25%";"";"";"";"https://www.parashop.tn/visage/bio-oil-gel-peaux-seches-50ml"
"PS-BIO-OIL-HUILE-DE-SOIN-SP-C777E9";"";"BIO OIL HUILE DE SOIN 200ML";"0.000";"0.000";"50.718";"60.354";"18.999";"0.000";"";"0";"https://www.parashop.tn/image/cache/catalog/produits/bio-oil/bio-oil-huile-de-soin-200ml-600x315w.jpg";"BIO OIL HUILE DE SOIN assure l’absorption par la peau dees vitamines et les extraits de plantes. Au meilleur prix chez parashop tunisie";"";"visage";"113.000";"-25%";"";"";"";"https://www.parashop.tn/visage/bio-oil-huile-de-soin-specialisee-200ml"
"PS-BIO-OIL-8B57A3";"";"Bio-Oil";"0.000";"0.000";"21.513";"25.600";"18.998";"0.000";"";"0";"https://www.parashop.tn/image/cache/catalog/marques/bio-oil-logo-600x315w.jpg";"";"Bio-Oil BIO OIL Gel Peaux Seches 100ML BIO OIL Gel Peaux Seches 100ML - Bio oil Dry Skin GelLe Gel de soin de Bio Oil co";"marque";"41.600";"-25%";"";"";"";"https://www.parashop.tn/bio-oil"
"PS-BIO-OIL-HUILE-DE-SOIN-NA-071986";"";"BIO OIL HUILE DE SOIN NATURELLE 125ML";"0.000";"0.000";"41.083";"48.889";"19.001";"0.000";"";"0";"https://www.parashop.tn/image/cache/catalog/produits/bio-oil/bio-oil-huile-de-soin-naturelle-125-ml-600x315w.jpg";"BIO OIL Skincare Oil Natural ou Bio oil huile de soin naturelle aide à maintenir l";"";"visage";"61.773";"-25%";"";"";"";"https://www.parashop.tn/visage/bio-oil-huile-de-soin-naturelle-125ml"
"PS-BIO-OIL-HUILE-DE-SOIN-NA-143584";"";"BIO OIL HUILE DE SOIN NATURELLE 200ML";"0.000";"0.000";"57.442";"68.356";"19.000";"0.000";"";"0";"https://www.parashop.tn/image/cache/catalog/produits/bio-oil/bio-oil-huile-de-soin-naturelle-200ml-600x315w.jpg";"bio oil skincare oil natural ou bio oil huile de soin naturelle réduit les vergetures pendant la grossesse, à prix bas prix chez parahop tunisie";"";"visage";"76.900";"-25%";"";"";"";"https://www.parashop.tn/visage/bio-oil-huile-de-soin-naturelle-200ml"
"PS-BIO-OIL-SKINCARE-OIL-NAT-9AA77A";"";"BIO OIL HUILE DE SOIN NATURELLE 25ML";"0.000";"0.000";"16.358";"99.000";"505.208";"0.000";"";"0";"https://www.parashop.tn/image/cache/catalog/produits/bio-oil/bio-oil-skincare-oil-natural-25ml-600x315w.jpg";"BIO OIL Skincare Oil Natural ou Bio oil huile de soin naturelle à bas prix en tunisie sur parashop votre parapharmacie en ligne. Livraison gratuite dès 99DT";"";"visage";"0.000";"-25%";"";"";"";"https://www.parashop.tn/visage/bio-oil-skincare-oil-natural-25ml"
"PS-BIO-OIL-HUILE-DE-SOIN-NA-86A0C6";"";"BIO OIL HUILE DE SOIN NATURELLE 60ML";"0.000";"0.000";"27.637";"99.000";"258.215";"0.000";"";"0";"https://www.parashop.tn/image/cache/catalog/produits/bio-oil/bio-oil-huile-de-soin-naturelle-60ml-600x315w.jpg";"Commander BIO OIL HUILE DE SOIN NATURELLE à bas prix en tunisie sur parashop votre parapharmacie en ligne. Livraison gratuite dès 99DT";"";"visage";"0.000";"-25%";"";"";"";"https://www.parashop.tn/visage/bio-oil-huile-de-soin-naturelle-60ml"
"PS-BIO-OIL-HUILE-DE-SOIN-SP-BA5BEB";"";"BIO OIL HUILE DE SOIN Specialisee 125ML";"0.000";"0.000";"33.986";"40.444";"19.002";"0.000";"";"0";"https://www.parashop.tn/image/cache/catalog/produits/bio-oil/bio-oil-huile-de-soin-specialisee-125ml-600x315w.jpg";"BIO OIL HUILE DE SOIN Specialisee est une combinaison d’extraits de plantes et de vitamines. Au meilleur prix chez parashop tunisie";"";"visage";"43.717";"-25%";"";"";"";"https://www.parashop.tn/visage/bio-oil-huile-de-soin-specialisee-125ml"
"PS-BIO-OIL-HUILE-DE-SOIN-SP-DD3F0A";"";"BIO OIL HUILE DE SOIN Specialisee 25ML";"0.000";"0.000";"11.578";"99.000";"755.070";"0.000";"";"0";"https://www.parashop.tn/image/cache/catalog/produits/bio-oil/bio-oil-huile-de-soin-specialisee-25ml-600x315w.jpg";"BIO OIL HUILE DE SOIN accelere le processus de  cicatrisation naturelle à bas prix en tunisie sur parashop votre parapharmacie en ligne. Livraison gratuite dès 99DT";"";"visage";"0.000";"-25%";"";"";"";"https://www.parashop.tn/visage/bio-oil-huile-de-soin-specialisee-25ml"
"PS-BIO-OIL-HUILE-DE-SOIN-SP-DEFDC1";"";"BIO OIL HUILE DE SOIN Specialisee 60ML";"0.000";"0.000";"27.562";"32.799";"19.001";"0.000";"";"0";"https://www.parashop.tn/image/cache/catalog/produits/bio-oil/bio-oil-huile-de-soin-specialisee-60ml-600x315w.jpg";"Afin de rééquilibrer la production inégale de mélanine appliquez BIO-OIL HUILE DE SOIN, à prix bas chez parashop tunisie";"";"visage";"35.021";"-25%";"";"";"";"https://www.parashop.tn/visage/bio-oil-huile-de-soin-specialisee-60ml"
"PS-BIO-ORIENT-PRO-ACTIF-COL-8C4A9C";"";"BIO ORIENT PRO ACTIF COLLAGENE 10ML";"0.000";"0.000";"13.287";"15.812";"19.004";"0.000";"";"0";"https://www.parashop.tn/image/cache/catalog/produits/bioorient/bio-orient-pro-actif-collagene-10ml-600x315w.jpg";"BIO ORIENT PRO ACTIF COLLAGENE actif idéal pour adoucir les peaux sèches, déshydratées et matures. A prix bas chez parashop tunisie";"";"visage";"22.589";"-25%";"";"";"";"https://www.parashop.tn/visage/bio-orient-pro-actif-collagene-10ml"
"PS-BIO-ORIENT-PRO-ACTIF-PRO-A7EF79";"";"BIO ORIENT PRO ACTIF PRO VITAMINE B5 10ML";"0.000";"0.000";"11.162";"13.283";"19.002";"0.000";"";"0";"https://www.parashop.tn/image/cache/catalog/produits/bioorient/bio-orient-pro-actif-pro-vitamine-b5-10ml-600x315w.jpg";"BIO ORIENT PRO ACTIF PRO VITAMINE B5 un soin hydratant qui lutte contre les effets du vieillissement sur la peau. A prix bas chez parashop tunisie";"";"visage";"18.976";"-25%";"";"";"";"https://www.parashop.tn/visage/bio-orient-pro-actif-pro-vitamine-b5-10ml"
"PS-BIO-ORIENT-PRO-ACTIF-VIT-4B7FE5";"";"BIO ORIENT PRO ACTIF VITAMINE E 10ML";"0.000";"0.000";"9.032";"10.748";"18.999";"0.000";"";"0";"https://www.parashop.tn/image/cache/catalog/produits/bioorient/bio-orient-pro-actif-vitamine-e-10ml-600x315w.jpg";"BIO ORIENT PRO ACTIF VITAMINE E restaure l";"";"visage";"15.353";"-25%";"";"";"";"https://www.parashop.tn/visage/bio-orient-pro-actif-vitamine-e-10ml"
"PS-BIO-ORIENT-SAVON-LHUILE--B957AC";"";"BIO ORIENT SAVON À L";"0.000";"0.000";"4.195";"4.992";"18.999";"0.000";"";"0";"https://www.parashop.tn/image/cache/catalog/produits/bioorient/bio-orient-savon-lhuile-noisette-600x315w.jpg";"BIO ORIENT SAVON À L";"";"visage";"7.132";"-25%";"";"";"";"https://www.parashop.tn/visage/bio-orient-savon-lhuile-noisette"
"PS-BIO-TACHES-MASQUE-PELLIC-27F703";"";"BIO TACHES MASQUE PELLICULABLE DEPIGMENTANT 100ML";"0.000";"0.000";"51.261";"61.000";"18.999";"0.000";"";"0";"https://www.parashop.tn/image/cache/catalog/produits/biotaches/bio-taches-masque-pelliculable-depigmentant-100ml-600x315w.jpg";"BIO TACHES MASQUE donne une exfoliation douce et élimine les cellules mortes en excès; à prix bas chez parashop tunisie";"";"visage";"67.116";"-25%";"";"";"";"https://www.parashop.tn/visage/bio-taches-masque-pelliculable-depigmentant-100ml"
"PS-BIODERMA-ATODERM-HUILE-D-848271";"";"BIODERMA Atoderm Huile de Douche 200ML";"0.000";"0.000";"28.800";"34.272";"19.000";"0.000";"";"0";"https://www.parashop.tn/image/cache/data/images_produits/BIODERMA/ATODERM/bioderma-atoderm-huile-douche-confort-200ml-600x315w.jpg";"BIODERMA Atoderm Huile de Douche est adaptée aux peaux sensibles sujettes de sécheresse cutanée ou d";"";"visage";"54.621";"-25%";"";"";"";"https://www.parashop.tn/visage/bioderma-atoderm-huile-douche-confort-200ml"
"PS-BIODERMA-ATODERM-INTENSI-B49863";"";"BIODERMA Atoderm Intensive Baume 200ML";"0.000";"0.000";"44.400";"52.836";"19.000";"0.000";"";"0";"https://www.parashop.tn/image/cache/catalog/produits/bioderma/bioderma-atoderm-intensive-baume-200ml-600x315w.jpg";"Apaiser les demangeaisons des peaux atopiques avec BIODERMA Atoderm Intensive Baume disponible chez parashop tunisie à bas prix";"";"visage";"70.844";"-25%";"";"";"";"https://www.parashop.tn/visage/bioderma-atoderm-intensive-baume-200ml"
"PS-BIODERMA-ATODERM-INTENSI-DEDEE6";"";"BIODERMA Atoderm Intensive Baume 500ML";"0.000";"0.000";"58.824";"70.001";"19.001";"0.000";"";"0";"https://www.parashop.tn/image/cache/catalog/produits/bioderma/bioderma-atoderm-intensive-baume-500-ml-600x315w.jpg";"Apaiser les demangeaisons des peaux atopiques avec BIODERMA Atoderm Intensive Baume 500ML disponible chez parashop tunisie à bas prix";"";"visage";"85.402";"-25%";"";"";"";"https://www.parashop.tn/visage/bioderma-atoderm-intensive-baume-500ml"
"PS-BIODERMA-ATODERM-INTENSI-EF6D2B";"";"BIODERMA Atoderm Intensive Baume 75ML";"0.000";"0.000";"33.600";"99.000";"194.643";"0.000";"";"0";"https://www.parashop.tn/image/cache/catalog/produits/bioderma/bioderma-atoderm-intensive-baume-75-ml-600x315w.jpg";"BIODERMA Atoderm Intensive Baume à bas prix en tunisie sur parashop votre parapharmacie en ligne. Livraison gratuite dès 99DT";"";"visage";"0.000";"-25%";"";"";"";"https://www.parashop.tn/visage/bioderma-atoderm-intensive-baume-75ml"
"PS-BIODERMA-ATODERM-INTENSI-DCD5E6";"";"BIODERMA Atoderm Intensive Gel Moussant 1L";"0.000";"0.000";"48.000";"57.120";"19.000";"0.000";"";"0";"https://www.parashop.tn/image/cache/catalog/produits/bioderma/bioderma-atoderm-intensive-gel-moussant-1-l-600x315w.jpg";"BIODERMA Atoderm Intensive Gel Moussant respecte l’équilibre cutané et garantit une excellente tolérance. A prix bas chez parashop tunisie";"";"visage";"115.800";"-25%";"";"";"";"https://www.parashop.tn/visage/bioderma-atoderm-intensive-gel-moussant-1l"
"PS-BIODERMA-ATODERM-INTENSI-FD71E9";"";"BIODERMA Atoderm Intensive Gel Moussant 500ML";"0.000";"0.000";"43.200";"99.000";"129.167";"0.000";"";"0";"https://www.parashop.tn/image/cache/catalog/produits/bioderma/bioderma-atoderm-intensive-gel-moussant-500ml-600x315w.jpg";"BIODERMA Atoderm Intensive Gel Moussant à bas prix en tunisie sur parashop votre parapharmacie en ligne. Livraison gratuite dès 99DT";"";"visage";"0.000";"-25%";"";"";"";"https://www.parashop.tn/visage/bioderma-atoderm-intensive-gel-moussant-500ml"
"PS-BIODERMA-ATODERM-PAIN-SU-3BB264";"";"Bioderma Atoderm Intensive pain 150gr";"0.000";"0.000";"28.800";"34.272";"19.000";"0.000";"";"0";"https://www.parashop.tn/image/cache/catalog/produits/bioderma/bioderma-atoderm-intensive-pain-150gr-600x315w.jpg";"Bioderma Atoderm Intensive pain en cas de sécheresses cutanées sévères et récidivantes et pour les peaux sèches et réactives.";"";"visage";"38.842";"-25%";"";"";"";"https://www.parashop.tn/visage/bioderma-atoderm-pain-surgras-150-gr"
"PS-BIODERMA-ATODERM-LEVRES--754425";"";"Bioderma Atoderm Lèvres Baume Réparateur 15ML";"0.000";"0.000";"20.400";"24.276";"19.000";"0.000";"";"0";"https://www.parashop.tn/image/cache/catalog/produits/bioderma/bioderma-atoderm-levres-baume-reparateur-15ml-600x315w.jpg";"Bioderma Atoderm Lèvres est un baume ultra nutitif recommendé pour les levres sevèrement abimées. A prix bas chez parashop tunisie";"";"visage";"40.200";"-25%";"";"";"";"https://www.parashop.tn/visage/bioderma-atoderm-levres-baume-reparateur-15ml"
"PS-BIODERMA-ATODERM-NUTRITI-9D951F";"";"BIODERMA ATODERM NUTRITIVE 40ML";"0.000";"0.000";"24.000";"28.560";"19.000";"0.000";"";"0";"https://www.parashop.tn/image/cache/catalog/produits/bioderma/bioderma-atoderm-nutritive-40ml-600x315w.jpg";"Bioderma Atoderm Nutritive pour protèger et réparer intensément les peaux séches, déshydratées et sensibles. A prix bas chez parahop tunisie";"";"visage";"49.008";"-25%";"";"";"";"https://www.parashop.tn/visage/bioderma-atoderm-nutritive-40ml"
"PS-BIODERMA-ATODERM-STICK-L-CE0811";"";"BIODERMA Atoderm Stick Levres 4GR";"0.000";"0.000";"14.400";"99.000";"587.500";"0.000";"";"0";"https://www.parashop.tn/image/cache/catalog/produits/bioderma/bioderma-atoderm-stick-levres-4gr-600x315w.jpg";"BIODERMA Atoderm Stick Levres est disponible au meilleur prix chez votre parapharmacie parashop tunisie. Livraison gratuite dès 99DT";"";"visage";"0.000";"-25%";"";"";"";"https://www.parashop.tn/visage/bioderma-atoderm-stick-levres-4gr"
"PS-BIODERMA-CICABIO-ARNICA--03E2CB";"";"BIODERMA CICABIO ARNICA+ 40ML";"0.000";"0.000";"30.000";"35.700";"19.000";"0.000";"";"0";"https://www.parashop.tn/image/cache/catalog/produits/bioderma/bioderma-cicabio-arnica-40ml-600x315w.jpg";"BIODERMA CICABIO ARNICA calme rapidement les sensations d";"";"visage";"65.688";"-25%";"";"";"";"https://www.parashop.tn/visage/bioderma-cicabio-arnica-40ml"
"PS-BIODERMA-CICABIO-CREME-S-66048C";"";"BIODERMA CICABIO CREME+ SOIN ULTRA REPARATEUR APAISANT 40ML";"0.000";"0.000";"27.605";"99.000";"258.631";"0.000";"";"0";"https://www.parashop.tn/image/cache/catalog/produits/bioderma/bioderma-cicabio-creme-soin-ultra-reparateur-apaisant-40ml-600x315w.jpg";"BIODERMA CICABIO CREME+ SOIN ULTRA REPARATEUR APAISANT à bas prix en tunisie sur parashop votre parapharmacie en ligne. Livraison gratuite dès 99DT";"";"visage";"0.000";"-25%";"";"";"";"https://www.parashop.tn/visage/bioderma-cicabio-creme-soin-ultra-reparateur-apaisant-40ml"
"PS-BIODERMA-CICABIO-POMMADE-12FF13";"";"BIODERMA CICABIO POMMADE 40ML";"0.000";"0.000";"27.600";"32.844";"19.000";"0.000";"";"0";"https://www.parashop.tn/image/cache/data/images_produits/BIODERMA/CICABIO/bioderma-cicabio-pommade-soin-reparateur-40-ml2-600x315w.jpg";"BIODERMA CICABIO POMMADE est un soin réparateur qui apaise et agit pour la reconstruction épidermique. A prix bas chez parahop tunisie";"";"visage";"35.700";"-25%";"";"";"";"https://www.parashop.tn/visage/bioderma-cicabio-pommade-soin-reparateur-40-ml"
"PS-BIODERMA-DS-GEL-MOUSSANT-8910CF";"";"BIODERMA CREALINE DS+ GEL MOUSSANT 200ML";"0.000";"0.000";"38.125";"45.369";"19.001";"0.000";"";"0";"https://www.parashop.tn/image/cache/catalog/produits/bioderma/bioderma-crealine-ds-gel-moussant-200ml-600x315w.jpg";"BIODERMA CREALINE DS GEL MOUSSANT un gel doux et assainissant des peaux sensibles. Au meilleur prix chez parashop tunisie";"";"visage";"52.836";"-25%";"";"";"";"https://www.parashop.tn/visage/bioderma-ds-gel-moussant-nettoyant-apaisant-200-ml"
"PS-BIODERMA-HYDRABIO-CREME--3B5516";"";"BIODERMA Hydrabio Creme 50ML";"0.000";"0.000";"44.400";"52.836";"19.000";"0.000";"";"0";"https://www.parashop.tn/image/cache/data/images_produits/BIODERMA/HYDRABIO/bioderma-hydrabio-creme-50ml-600x315w.jpg";"Bioderma Hydrabio Creme est Le soin onctueux générateur d";"";"visage";"53.325";"-25%";"";"";"";"https://www.parashop.tn/visage/bioderma-hydrabio-creme-50ml"
"PS-BIODERMA-HYDRABIO-GEL-CR-2B5E75";"";"BIODERMA HYDRABIO Gel Creme 40ML";"0.000";"0.000";"42.000";"49.980";"19.000";"0.000";"";"0";"https://www.parashop.tn/image/cache/catalog/produits/bioderma/bioderma-hydrabio-gel-creme-40ml-600x315w.jpg";"Biodrema hydrabio Gel Creme Lisse le grain de peau En éliminant les cellules mortes, et réduisant. A prix bas chez parashop tunisie";"";"visage";"99.000";"-25%";"";"";"";"https://www.parashop.tn/visage/bioderma-hydrabio-gel-creme-50ml"
"PS-BIODERMA-HYDRABIO-H2O-EA-8C0176";"";"BIODERMA Hydrabio H2O Eau micellaire 100ML";"0.000";"0.000";"24.000";"28.560";"19.000";"0.000";"";"0";"https://www.parashop.tn/image/cache/catalog/produits/bioderma/bioderma-hydrabio-h2o-eau-micellaire-demaquillante-100ml-600x315w.jpg";"BIODERMA Hydrabio H2O Eau micellaire démaquillante hydratante au meilleur prix chez parashop tunisie";"";"visage";"52.800";"-25%";"";"";"";"https://www.parashop.tn/visage/bioderma-hydrabio-h2o-eau-micellaire-demaquillante-100ml"
"PS-BIODERMA-HYDRABIO-H2O-EA-BB52E9";"";"BIODERMA Hydrabio H2O Eau micellaire 250ML";"0.000";"0.000";"29.400";"34.986";"19.000";"0.000";"";"0";"https://www.parashop.tn/image/cache/data/images_produits/BIODERMA/HYDRABIO/bioderma-hydrabio-h2o-eau-micellaire-demaquillante-hydratante-250ml-600x315w.jpg";"BIODERMA Hydrabio H2O Eau micellaire démaquille les peaux déshydratées et sensibles avec un teint terne. A prix bas chez parahop tunisie";"";"visage";"47.050";"-25%";"";"";"";"https://www.parashop.tn/visage/bioderma-hydrabio-h2o-eau-micellaire-demaquillante-hydratante-250ml"
"PS-BIODERMA-HYDRABIO-HYALU--6EB722";"";"BIODERMA Hydrabio Hyalu+ Serum 30ML";"0.000";"0.000";"69.600";"99.000";"42.241";"0.000";"";"0";"https://www.parashop.tn/image/cache/catalog/produits/bioderma/bioderma-hydrabio-hyalu-serum-30ml-600x315w.jpg";"BIODERMA Hydrabio Hyalu+ Serum est disponible au meilleur prix chez votre parapharmacie parashop tunisie. Livraison gratuite dès 99DT";"";"visage";"111.000";"-25%";"";"";"";"https://www.parashop.tn/visage/bioderma-hydrabio-hyalu-serum-30ml"
"PS-BIODERMA-HYDRABIO-PERFEC-6B83BD";"";"Bioderma Hydrabio Perfecteur SPF30 40ML";"0.000";"0.000";"47.400";"56.406";"19.000";"0.000";"";"0";"https://www.parashop.tn/image/cache/catalog/produits/bioderma/bioderma-hydrabio-perfecteur-spf-30-600x315w.jpg";"Bioderma hydrabio perfecteur Prévient le vieillissement cutané, et anti-UV et floute les imperfections. A prix bas chez parashop tunisie";"";"visage";"127.572";"-25%";"";"";"";"https://www.parashop.tn/visage/bioderma-hydrabio-perfecteur-spf30-40ml"
"PS-BIODERMA-PIGMENTBIO-C-CO-28FEF7";"";"BIODERMA PIGMENTBIO C-CONCENTRATE 15ML";"0.000";"0.000";"68.400";"81.396";"19.000";"0.000";"";"0";"https://www.parashop.tn/image/cache/data/images_produits/BIODERMA/Pigmentbio/bioderma-pigmentbio-c-concentrate-15ml-600x315w.jpg";"Enrichi en Vitamine C fraîche et active, BIODERMA PIGMENTBIO C CONCENTRATE réduit visuellement les taches. A prix bas chez parashop tunisie";"";"visage";"99.000";"-25%";"";"";"";"https://www.parashop.tn/visage/bioderma-pigmentbio-c-concentrate-15ml"
"PS-BIODERMA-PIGMENTBIO-CREM-2E247D";"";"BIODERMA PIGMENTBIO FOAMING CREAM 200ML";"0.000";"0.000";"42.000";"49.980";"19.000";"0.000";"";"0";"https://www.parashop.tn/image/cache/data/images_produits/BIODERMA/Pigmentbio/bioderma-pigmentbio-creme-moussante-exfoliante-200ml-600x315w.jpg";"BIODERMA PIGMENTBIO FOAMING CREAM favorise la disparition des taches brunes et évite leur réapparition. A prix bas chez parashop tunisie";"";"visage";"63.900";"-25%";"";"";"";"https://www.parashop.tn/visage/bioderma-pigmentbio-creme-moussante-exfoliante-200ml"
"PS-BIODERMA-PIGMENTBIO-FOAM-D71642";"";"BIODERMA PIGMENTBIO FOAMING CREAM 500ML";"0.000";"0.000";"84.000";"99.960";"19.000";"0.000";"";"0";"https://www.parashop.tn/image/cache/catalog/produits/bioderma/bioderma-pigmentbio-foaming-cream-500ml-600x315w.jpg";"BIODERMA PIGMENTBIO FOAMING CREAM 500ML favorise la disparition des taches brunes et évite leur réapparition. A prix bas chez parashop tunisie";"";"visage";"120.573";"-25%";"";"";"";"https://www.parashop.tn/visage/bioderma-pigmentbio-foaming-cream-500ml"
"PS-BIODERMA-PIGMENTBIO-H2O--C7D510";"";"BIODERMA PIGMENTBIO H2O EAU MICELLAIRE ECLAIRCISSANTE 250ML";"0.000";"0.000";"29.400";"34.986";"19.000";"0.000";"";"0";"https://www.parashop.tn/image/cache/data/images_produits/BIODERMA/Pigmentbio/bioderma-pigmentbio-h2o-eau-micellaire-eclaircissante-250ml-600x315w.jpg";"BIODERMA PIGMENTBIO H2O EAU MICELLAIRE est formulée pour la peau avec problèmes de pigmentation, à prix bas chez parashop tunisie";"";"visage";"38.913";"-25%";"";"";"";"https://www.parashop.tn/visage/bioderma-pigmentbio-h2o-eau-micellaire-eclaircissante-250ml"
"PS-BIODERMA-SEBIUM-GOMMANT--803B27";"";"BIODERMA SEBIUM GEL GOMMANT 100ML";"0.000";"0.000";"30.000";"35.700";"19.000";"0.000";"";"0";"https://www.parashop.tn/image/cache/catalog/produits/bioderma/bioderma-sebium-gommant-tube-100ml-600x315w.jpg";"BIODERMA SEBIUM GOMMANT élimine les cellules mortes et les impuretés et favorise le renouvellement cellulaire. A prix bas chez parashop tunisie";"";"visage";"48.178";"-25%";"";"";"";"https://www.parashop.tn/visage/bioderma-sebium-gommant-tube-100ml"
"PS-BIODERMA-SEBIUM-GEL-MOUS-E5D5EF";"";"BIODERMA SEBIUM GEL MOUSSANT 100ML";"0.000";"0.000";"25.200";"29.988";"19.000";"0.000";"";"0";"https://www.parashop.tn/image/cache/data/images_produits/BIODERMA/SEBIUM/bioderma-sebium-gel-moussant-tube-100ml-600x315w.png";"BIODERMA SEBIUM GEL MOUSSANT Un des produits de soins les plus appréciés pour la peau mixte et grasse. A prix bas chez parashop tunisie";"";"visage";"45.696";"-25%";"";"";"";"https://www.parashop.tn/visage/bioderma-sebium-gel-moussant-tube-100ml"
"PS-BIODERMA-SEBIUM-GEL-MOUS-FF39F3";"";"BIODERMA SEBIUM GEL MOUSSANT 200ML";"0.000";"0.000";"30.000";"35.700";"19.000";"0.000";"";"0";"https://www.parashop.tn/image/cache/catalog/produits/bioderma/bioderma-sebium-gel-moussant-flacon-200ml-600x315w.jpg";"BIODERMA SEBIUM GEL MOUSSANT permet le démaquillage du visage et des yeux. Au meilleur prix chez parashop tunisie";"";"visage";"43.467";"-25%";"";"";"";"https://www.parashop.tn/visage/bioderma-sebium-gel-moussant-flacon-200ml"
"PS-BIODERMA-SEBIUM-GEL-MOUS-298076";"";"BIODERMA SEBIUM GEL MOUSSANT 500ML";"0.000";"0.000";"55.200";"65.688";"19.000";"0.000";"";"0";"https://www.parashop.tn/image/cache/catalog/produits/bioderma/bioderma-sebium-gel-moussant-500ml-600x315w.jpg";"BIODERMA SEBIUM GEL MOUSSANT est un gel moussant qui nettoie et purifie au quotidien. Au meilleur prix chez parashop tunisie";"";"visage";"111.000";"-25%";"";"";"";"https://www.parashop.tn/visage/bioderma-sebium-gel-moussant-flacon-500ml"
"PS-BIODERMA-SEBIUM-GEL-MOUS-F3ED70";"";"BIODERMA SEBIUM GEL MOUSSANT TUBE 200ML";"0.000";"0.000";"27.600";"32.844";"19.000";"0.000";"";"0";"https://www.parashop.tn/image/cache/data/images_produits/BIODERMA/SEBIUM/bioderma-sebium-gel-moussant-200ml-tube-600x315w.jpg";"BIODERMA SEBIUM GEL MOUSSANT assainit l";"";"visage";"34.956";"-25%";"";"";"";"https://www.parashop.tn/visage/bioderma-sebium-gel-moussant-tube-200ml"
"PS-BIODERMA-SEBIUM-GLOBAL-3-3906B4";"";"BIODERMA SEBIUM GLOBAL Soin Intense Purifiant 30ML";"0.000";"0.000";"39.600";"47.124";"19.000";"0.000";"";"0";"https://www.parashop.tn/image/cache/catalog/produits/bioderma/bioderma-sebium-global-30ml-600x315w.jpg";"BIODERMA SEBIUM GLOBAL Soin intensif purifiant, élimine les boutons et les points noirs. Au meilleur prix chez parashop tunisie";"";"visage";"48.790";"-25%";"";"";"";"https://www.parashop.tn/visage/bioderma-sebium-global-30ml"
"PS-BIODERMA-SEBIUM-H2O-SOLU-550C56";"";"BIODERMA SEBIUM H2O EAU MICELLAIRE 100ML";"0.000";"0.000";"23.400";"27.846";"19.000";"0.000";"";"0";"https://www.parashop.tn/image/cache/catalog/produits/bioderma/bioderma-sebium-h2o-solution-micellaire-100ml-600x315w.jpg";"BIODERMA SEBIUM H2O EAU MICELLAIRE 100ML Nettoie et purifie la peau sans rinçage. A prix bas chez parashop tunisie";"";"visage";"48.178";"-25%";"";"";"";"https://www.parashop.tn/visage/bioderma-sebium-h2o-solution-micellaire-100ml"
"PS-BIODERMA-SEBIUM-H20-SOLU-724A33";"";"BIODERMA SEBIUM H2O EAU MICELLAIRE 250ML";"0.000";"0.000";"29.400";"99.000";"236.735";"0.000";"";"0";"https://www.parashop.tn/image/cache/catalog/produits/bioderma/bioderma-sebium-h20-solution-micellaire-250ml-600x315w.jpg";"BIODERMA SEBIUM H2O EAU MICELLAIRE enrichie en actifs purifiants, à bas prix en tunisie sur parashop votre parapharmacie en ligne. Livraison gratuite dès 99DT";"";"visage";"0.000";"-25%";"";"";"";"https://www.parashop.tn/visage/bioderma-sebium-h20-solution-micellaire-250ml"
"PS-BIODERMA-SEBIUM-H2O-SOLU-8D6A5A";"";"BIODERMA SEBIUM H2O EAU MICELLAIRE 500ML";"0.000";"0.000";"38.400";"45.696";"19.000";"0.000";"";"0";"https://www.parashop.tn/image/cache/catalog/produits/bioderma/bioderma-sebium-h2o-solution-micellaire-500ml-600x315w.jpg";"BIODERMA SEBIUM H2O EAU MICELLAIRE 500ML est disponible au meilleur prix chez votre parapharmacie parashop tunisie. Livraison gratuite dès";"";"visage";"69.972";"-25%";"";"";"";"https://www.parashop.tn/visage/bioderma-sebium-h2o-solution-micellaire-500ml"
"PS-BIODERMA-SEBIUM-HYDRA-SO-0EB7AD";"";"BIODERMA SEBIUM HYDRA SOIN HYDRATANT COMPENSATEUR 40ML";"0.000";"0.000";"36.000";"42.840";"19.000";"0.000";"";"0";"https://www.parashop.tn/image/cache/catalog/produits/bioderma/bioderma-sebium-hydra-soin-compensateur-ultra-hydratant-40ml-600x315w.jpg";"BIODERMA SEBIUM HYDRA SOIN HYDRATANT COMPENSATEUR est disponible chez parashop tunisie à prix bas";"";"visage";"56.740";"-25%";"";"";"";"https://www.parashop.tn/visage/bioderma-sebium-hydra-soin-hydratant-compensateur-40ml"
"PS-BIODERMA-SEBIUM-MAT-CONT-A3DBF7";"";"Bioderma Sebium Mat Control Soin hydratant anti brillance";"0.000";"0.000";"48.200";"99.000";"105.394";"0.000";"";"0";"https://www.parashop.tn/image/cache/catalog/produits/bioderma/bioderma-sebium-mat-control-soin-hydratant-anti-brillance-30ml-600x315w.jpg";"Achetez Bioderma Sebium Mat Control Soin hydratant anti brillance pour peau mixte à bas prix en tunisie sur parashop votre parapharmacie en ligne. Livraison gratuite dès 99DT";"";"visage";"0.000";"-25%";"";"";"";"https://www.parashop.tn/visage/bioderma-sebium-mat-control-soin-hydratant-anti-brillance-30ml"
"PS-BIODERMA-SEBIUM-NIGHT-PE-070A85";"";"Bioderma Sebium Night Peel 40ML";"0.000";"0.000";"58.800";"69.972";"19.000";"0.000";"";"0";"https://www.parashop.tn/image/cache/catalog/produits/bioderma/bioderma-sebium-night-peel-40ml-600x315w.jpg";"Bioderma Sebium Soin de nuit Night Peel est un soin peeling pour les peaux mixtes et grasses à imperfections, à prix bas chez parahop tunisie,";"";"visage";"99.000";"-25%";"";"";"";"https://www.parashop.tn/visage/bioderma-sebium-night-peel-40ml"
"PS-BIODERMA-SEBIUM-SENSITIV-F202A1";"";"Bioderma Sebium Sensitive Soin Apaisant Anti Imperfections";"0.000";"0.000";"38.400";"45.696";"19.000";"0.000";"";"0";"https://www.parashop.tn/image/cache/catalog/produits/bioderma/bioderma-sebium-sensitive-soin-apaisant-600x315w.jpg";"BIODERMA Sebium Sensitive soulage la peau sensible et aide à réduire les imperfections, prévient leur apparition. A prix bas chez parashop tunisie";"";"visage";"69.972";"-25%";"";"";"";"https://www.parashop.tn/visage/bioderma-sebium-sensitive-soin-apaisant-anti-imperfections-30ml"
"PS-BIODERMA-SEBIUM-SERUM-30-0F8E08";"";"BIODERMA SEBIUM SERUM 30ML";"0.000";"0.000";"64.800";"99.000";"52.778";"0.000";"";"0";"https://www.parashop.tn/image/cache/catalog/produits/bioderma/bioderma-sebium-serum-30ml-600x315w.jpg";"BIODERMA SEBIUM SERUM est disponible au meilleur prix chez votre parapharmacie parashop tunisie. Livraison gratuite dès 99DT";"";"visage";"0.000";"-25%";"";"";"";"https://www.parashop.tn/visage/bioderma-sebium-serum-30-ml"
"PS-BIODERMA-SEBIUM-SERUM-PU-FBAE94";"";"BIODERMA SEBIUM SERUM PURIFIANT 40ML";"0.000";"0.000";"29.375";"99.000";"237.021";"0.000";"";"0";"https://www.parashop.tn/image/cache/catalog/produits/bioderma/bioderma-sebium-serum-purifiant-40ml-600x315w.jpg";"BIODERMA SEBIUM SERUM PURIFIANT PEAUX MIXTES GRASSES est disponible au meilleur prix chez votre parapharmacie parashop tunisie. Livraison gratuite dès 99DT";"";"visage";"0.000";"-25%";"";"";"";"https://www.parashop.tn/visage/bioderma-sebium-serum-purifiant-peaux-mixtesgrasses-40ml"
"PS-BIODERMA-SENSIBIO-AR-40M-EA946A";"";"Bioderma Sensibio AR+ Cream 40ML";"0.000";"0.000";"43.800";"52.122";"19.000";"0.000";"";"0";"https://www.parashop.tn/image/cache/catalog/produits/bioderma/bioderma-sensibio-ar-cream-40ml-600x315w.jpg";"Bioderma Sensibio AR+ Cream 40ML";"";"visage";"60.890";"-25%";"";"";"";"https://www.parashop.tn/visage/bioderma-sensibio-ar-40ml"
"PS-BIODERMA-SENSIBIO-DEFENS-7D470F";"";"BIODERMA SENSIBIO Defensive 40ML";"0.000";"0.000";"44.400";"99.000";"122.973";"0.000";"";"0";"https://www.parashop.tn/image/cache/catalog/produits/bioderma/bioderma-sensibio-defensive-creme-active-apaisante-40-ml-600x315w.jpg";"BIODERMA SENSIBIO Defensive est disponible au meilleur prix chez votre parapharmacie parashop tunisie. Livraison gratuite dès 99DT";"";"visage";"0.000";"-25%";"";"";"";"https://www.parashop.tn/visage/bioderma-sensibio-defensive-creme-active-apaisante-40ml"
"PS-BIODERMA-SENSIBIO-DEFENS-52770C";"";"BIODERMA SENSIBIO Defensive Rich 40ML";"0.000";"0.000";"44.400";"99.000";"122.973";"0.000";"";"0";"https://www.parashop.tn/image/cache/catalog/produits/bioderma/bioderma-sensibio-defensive-rich-creme-active-apaisante-40ml-600x315w.jpg";"BIODERMA SENSIBIO Defensive Rich est disponible au meilleur prix chez votre parapharmacie parashop tunisie. Livraison gratuite dès 99DT";"";"visage";"0.000";"-25%";"";"";"";"https://www.parashop.tn/visage/bioderma-sensibio-defensive-rich-creme-active-apaisante-40ml"
"PS-BIODERMA-SENSIBIO-DEFENS-954C38";"";"BIODERMA SENSIBIO DEFENSIVE SERUM 30ML";"0.000";"0.000";"67.193";"99.000";"47.337";"0.000";"";"0";"https://www.parashop.tn/image/cache/catalog/produits/bioderma/bioderma-sensibio-defensive-serum-30ml-600x315w.jpg";"BIODERMA SENSIBIO DEFENSIVE SERUM est disponible au meilleur prix chez votre parapharmacie parashop tunisie. Livraison gratuite dès 99DT";"";"visage";"0.000";"-25%";"";"";"";"https://www.parashop.tn/visage/bioderma-sensibio-defensive-serum-30ml"
"PS-BIODERMA-SENSIBIO-DS-CRE-240A8B";"";"BIODERMA SENSIBIO DS+ CREME 40ML";"0.000";"0.000";"42.017";"99.000";"135.619";"0.000";"";"0";"https://www.parashop.tn/image/cache/catalog/produits/bioderma/bioderma-sensibio-ds-creme-40ml-600x315w.jpg";"BIODERMA SENSIBIO DS+ CREME à bas prix en tunisie sur parashop votre parapharmacie en ligne. Livraison gratuite dès 99DT";"";"visage";"0.000";"-25%";"";"";"";"https://www.parashop.tn/visage/bioderma-sensibio-ds-creme-40ml"
"PS-BIODERMA-SENSIBIO-EYE-15-64AC0C";"";"Bioderma Sensibio Eye Gel 15ML";"0.000";"0.000";"37.800";"44.982";"19.000";"0.000";"";"0";"https://www.parashop.tn/image/cache/catalog/produits/bioderma/bioderma-sensibio-eye-gel-15ml-600x315w.jpg";"Bioderma Sensibio Eye un soin protecteur quotidien décongestionnant apaisant et hydratant. Au meilleur prix chez parashop tunisie";"";"visage";"69.300";"-25%";"";"";"";"https://www.parashop.tn/visage/bioderma-sensibio-eye-15ml"
"PS-BIODERMA-SENSIBIO-FORTE--0131FB";"";"Bioderma Sensibio Forte 40ML";"0.000";"0.000";"44.400";"52.836";"19.000";"0.000";"";"0";"https://www.parashop.tn/image/cache/data/images_produits/BIODERMA/SENSIBIO/bioderma-sensibio-forte-40-ml-600x315w.jpg";"Bioderma Sensibio Forte soulage rapidement les manifestations réactives de l’épiderme. Au meilleur prix chez parashop tunisie,";"";"visage";"99.000";"-25%";"";"";"";"https://www.parashop.tn/visage/bioderma-sensibio-forte-40ml"
"PS-BIODERMA-SENSIBIO-GEL-MO-1D7BE3";"";"BIODERMA Sensibio Gel Moussant 100ML";"0.000";"0.000";"23.750";"28.263";"19.002";"0.000";"";"0";"https://www.parashop.tn/image/cache/catalog/produits/bioderma/bioderma-sensibio-gel-moussant-100ml-600x315w.jpg";"BIODERMA Sensibio gel Moussant nettoie en douceur apaise et hydrate les peaux sensibles. Au meilleur prix chez parashop tunisie";"";"visage";"44.080";"-25%";"";"";"";"https://www.parashop.tn/visage/bioderma-sensibio-gel-moussant-100ml"
"PS-BIODERMA-SENSIBIO-GEL-MO-2B9364";"";"BIODERMA Sensibio Gel Moussant 200ML";"0.000";"0.000";"31.200";"37.128";"19.000";"0.000";"";"0";"https://www.parashop.tn/image/cache/catalog/produits/bioderma/bioderma-sensibio-gel-moussant-200-ml-600x315w.jpg";"BIODERMA Sensibio Gel Moussant se caractérise par une mousse oncteuse, au meilleur prix chez parashop tunisie";"";"visage";"37.485";"-25%";"";"";"";"https://www.parashop.tn/visage/bioderma-sensibio-gel-moussant-200ml"
"PS-BIODERMA-SENSIBIO-GEL-MO-55D9E7";"";"BIODERMA Sensibio Gel Moussant 500ML";"0.000";"0.000";"55.200";"65.688";"19.000";"0.000";"";"0";"https://www.parashop.tn/image/cache/catalog/produits/bioderma/bioderma-sensibio-gel-moussant-500ml-600x315w.jpg";"Achetez BIODERMA Sensibio Gel Moussant permet de calmer rapidement les irritations. Au meilleur prix chez parashop tunisie";"";"visage";"99.000";"-25%";"";"";"";"https://www.parashop.tn/visage/bioderma-sensibio-gel-moussant-500ml"
"PS-BIODERMA-SENSIBIO-H2O-SO-4DC76F";"";"BIODERMA SENSIBIO H2O EAU MICELLAIRE 250ML";"0.000";"0.000";"29.400";"34.986";"19.000";"0.000";"";"0";"https://www.parashop.tn/image/cache/catalog/produits/bioderma/bioderma-sensibio-h2o-eau-micellaire-250ml-600x315w.jpg";"BIODERMA SENSIBIO H2O EAU MICELLAIRE elimine les impuretés et la pollution présentes sur la peau. A prix bas chez parashop tunisie";"";"visage";"39.000";"-25%";"";"";"";"https://www.parashop.tn/visage/bioderma-sensibio-h2o-solution-micellaire-peaux-sensibles-tres-seches-250ml"
"PS-BIODERMA-SENSIBIO-H2O-SO-1AD2BF";"";"BIODERMA SENSIBIO H2O EAU MICELLAIRE 500ML";"0.000";"0.000";"38.400";"45.696";"19.000";"0.000";"";"0";"https://www.parashop.tn/image/cache/catalog/produits/bioderma/bioderma-sensibio-h2o-eau-micellaire-500ml-600x315w.jpg";"BIODERMA SENSIBIO H2O EAU MICELLAIRE 500ML elimine les impuretés et la pollution présentes sur la peau. A prix bas chez parashop tunisie";"";"visage";"57.216";"-25%";"";"";"";"https://www.parashop.tn/visage/bioderma-sensibio-h2o-solution-micellaire-500ml"
"PS-BIODERMA-SENSIBIO-H2O-SO-75C817";"";"BIODERMA SENSIBIO H2O EAU MICELLAIRE 500ML POMPE";"0.000";"0.000";"44.400";"52.836";"19.000";"0.000";"";"0";"https://www.parashop.tn/image/cache/catalog/produits/bioderma/bioderma-sensibio-h2o-solution-micellaire-seches-500ml-600x315w.jpg";"BIODERMA SENSIBIO H2O EAU MICELLAIRE Préserve l’équilibre naturel de la peau. Au meilleur prix chez parashop tunisie";"";"visage";"64.974";"-25%";"";"";"";"https://www.parashop.tn/visage/bioderma-sensibio-h2o-solution-micellaire-peaux-sensibles-tres-seches-500ml"
"PS-BIODERMA-SENSIBIO-H2O-EY-218A42";"";"BIODERMA SENSIBIO H2O EYE 125ML";"0.000";"0.000";"25.200";"99.000";"292.857";"0.000";"";"0";"https://www.parashop.tn/image/cache/catalog/produits/bioderma/bioderma-sensibio-h2o-eye-125ml-600x315w.jpg";"BIODERMA SENSIBIO H2O EYE est disponible au meilleur prix chez votre parapharmacie parashop tunisie. Livraison gratuite dès 99DT";"";"visage";"0.000";"-25%";"";"";"";"https://www.parashop.tn/visage/bioderma-sensibio-h2o-eye-125ml"
"PS-BIODERMA-SENSIBIO-HUILE--5F336C";"";"BIODERMA SENSIBIO HUILE MICELLAIRE NETTOYANTE 150ML";"0.000";"0.000";"38.400";"99.000";"157.813";"0.000";"";"0";"https://www.parashop.tn/image/cache/catalog/produits/bioderma/bioderma-sensibio-huile-micellaire-nettoyante-150ml-600x315w.jpg";"Achetez BIODERMA SENSIBIO HUILE MICELLAIRE NETTOYANTE à bas prix en tunisie sur parashop votre parapharmacie en ligne. Livraison gratuite dès 99DT";"";"visage";"0.000";"-25%";"";"";"";"https://www.parashop.tn/visage/bioderma-sensibio-huile-micellaire-nettoyante-150ml"
"PS-BIOLANE-TOPILANE-AD-CREM-270FF2";"";"BIOLANE TOPILANE AD Creme Emolliente Visage 50ML";"0.000";"0.000";"15.963";"99.000";"520.184";"0.000";"";"0";"https://www.parashop.tn/image/cache/catalog/produits/biolane/biolane-topilane-ad-creme-emolliente-visage-50ml-600x315w.jpg";"BIOLANE TOPILANE AD Creme Emolliente Visage est disponible au meilleur prix chez votre parapharmacie parashop tunisie. Livraison gratuite dès 99DT";"";"visage";"0.000";"-25%";"";"";"";"https://www.parashop.tn/visage/biolane-topilane-ad-creme-emolliente-visage-50ml"
"PS-BIOLANE-A7C70A";"";"Biolane";"0.000";"0.000";"105.800";"125.902";"19.000";"0.000";"";"0";"https://www.parashop.tn/image/cache/catalog/marques/biolane-logo-600x315w.jpg";"";"Biolane BIOLANE SAC MAMAN MATELASSE VERT BIOLANE SAC MAMAN MATELASSE VERTBIOLANE SAC MAMAN MATELASSE contient";"marque";"0.000";"-25%";"";"";"";"https://www.parashop.tn/biolane"
"PS-PHYTOACTIV-BIOWHITE-SKIN-8742B5";"";"BIOWHITE SKIN GEL NETTOYANT ECLAIRCISSANT 150ML";"0.000";"0.000";"20.700";"99.000";"378.261";"0.000";"";"0";"https://www.parashop.tn/image/cache/catalog/produits/phytoactiv-biowhite-skin-gel-nettoyant-eclaircissant-150-ml-600x315w.jpg";"Nettoyez votre peau avec BIOWHITE SKIN GEL NETTOYANT ECLAIRCISSANT à bas prix en tunisie sur parashop votre parapharmacie en ligne. Livraison gratuite dès 99DT";"";"visage";"0.000";"-25%";"";"";"";"https://www.parashop.tn/visage/phytoactiv-biowhite-skin-gel-nettoyant-eclaircissant-150ml"
"PS-BIRETIX-CLEANSER-200ML-465E65";"";"BIRETIX CLEANSER 200ML";"0.000";"0.000";"36.302";"99.000";"172.712";"0.000";"";"0";"https://www.parashop.tn/image/cache/catalog/produits/cantabria-lab/biretix-cleanser-200ml-600x315w.jpg";"BIRETIX CLEANSER est disponible au meilleur prix chez votre parapharmacie parashop tunisie. Livraison gratuite dès 99DT";"";"visage";"0.000";"-25%";"";"";"";"https://www.parashop.tn/visage/biretix-cleanser-200ml"
"PS-CANTABRIA-LABS-3AC758";"";"cantabria labs";"0.000";"0.000";"36.302";"43.199";"18.999";"0.000";"";"0";"https://www.parashop.tn/image/cache/catalog/marques/cantabria-labs-logo-600x315w.jpg";"";"cantabria labs BIRETIX CLEANSER 200ML BIRETIX CLEANSER GEL NETTOYANT PURIFIANT 200MLBIRETIX CLEANSER est un nettoyant qu";"marque";"70.400";"-25%";"";"";"";"https://www.parashop.tn/cantabria-labs"
"PS-BIRETIX-CLEANSER-400ML-628D67";"";"BIRETIX CLEANSER 400ML";"0.000";"0.000";"59.160";"99.000";"67.343";"0.000";"";"0";"https://www.parashop.tn/image/cache/catalog/produits/cantabria-lab/biretix-cleanser-400ml-600x315w.jpg";"BIRETIX CLEANSER 400ML est disponible au meilleur prix chez votre parapharmacie parashop tunisie. Livraison gratuite dès 99DT";"";"visage";"0.000";"-25%";"";"";"";"https://www.parashop.tn/visage/biretix-cleanser-400ml"
"PS-BIRETIX-CLEANSER-400ML-R-B2984D";"";"BIRETIX CLEANSER 400ML - Recharge";"0.000";"0.000";"49.748";"99.000";"99.003";"0.000";"";"0";"https://www.parashop.tn/image/cache/catalog/produits/cantabria-lab/biretix-cleanser-400ml-recharge-600x315w.jpg";"BIRETIX CLEANSER 400ML Recharge est disponible au meilleur prix chez votre parapharmacie parashop tunisie. Livraison gratuite dès 99DT";"";"visage";"0.000";"-25%";"";"";"";"https://www.parashop.tn/visage/biretix-cleanser-400ml-recharge"
"PS-BIRETIX-HYDRAMAT-FLUID-5-198C62";"";"BIRETIX Hydramat Fluid 50ML";"0.000";"0.000";"45.041";"99.000";"119.800";"0.000";"";"0";"https://www.parashop.tn/image/cache/catalog/produits/cantabria-lab/biretix-hydramat-fluid-50ml-600x315w.jpg";"BIRETIX Hydramat Fluid est disponible au meilleur prix chez votre parapharmacie parashop tunisie. Livraison gratuite dès 99DT";"";"visage";"0.000";"-25%";"";"";"";"https://www.parashop.tn/visage/biretix-hydramat-fluid-50ml"
"PS-BIRETIX-MICROPEEL-SOIN-E-62EFB3";"";"BIRETIX MICROPEEL SOIN EXFOLIANT PURIFIANT 50ML";"0.000";"0.000";"36.302";"99.000";"172.712";"0.000";"";"0";"https://www.parashop.tn/image/cache/catalog/produits/cantabria-lab/biretix-micropeel-soin-exfoliant-purifiant-50ml-600x315w.jpg";"BIRETIX MICROPEEL SOIN EXFOLIANT PURIFIANT est disponible au meilleur prix chez votre parapharmacie parashop tunisie. Livraison gratuite dès 99DT";"";"visage";"0.000";"-25%";"";"";"";"https://www.parashop.tn/visage/biretix-micropeel-soin-exfoliant-purifiant-50ml"
"PS-BIRETIX-TRI-ACTIVE-SPRAY-866EB5";"";"BIRETIX Tri Active Spray 100ML";"0.000";"0.000";"47.059";"99.000";"110.374";"0.000";"";"0";"https://www.parashop.tn/image/cache/catalog/produits/cantabria-lab/biretix-tri-active-spray-100ml-600x315w.jpg";"BIRETIX Tri Active Spray est disponible au meilleur prix chez votre parapharmacie parashop tunisie. Livraison gratuite dès 99DT";"";"visage";"168.504";"-25%";"";"";"";"https://www.parashop.tn/visage/biretix-tri-active-spray-100ml"
"PS-CAMELIA-VITAMINE-E-PURE--101A96";"";"CAMELIA Vitamine E Pure 10ML";"0.000";"0.000";"13.876";"99.000";"613.462";"0.000";"";"0";"https://www.parashop.tn/image/cache/catalog/produits/camelia/camelia-vitamine-e-pure-10ml-600x315w.jpg";"CAMELIA Vitamine E Pure est disponible au meilleur prix chez votre parapharmacie parashop tunisie. Livraison gratuite dès 99DT";"";"visage";"0.000";"-25%";"";"";"";"https://www.parashop.tn/visage/camelia-vitamine-e-pure-10ml"
"PS-CASTERA-BRUME-THERMALE-3-4D2421";"";"CASTERA BRUME THERMALE 300ML";"0.000";"0.000";"25.808";"30.712";"19.002";"0.000";"";"0";"https://www.parashop.tn/image/cache/data/images_produits/castera-brume-thermale-300ml-600x315w.jpg";"Riche en sels mineraux et oligo éléments, l";"";"visage";"114.002";"-25%";"";"";"";"https://www.parashop.tn/visage/castera-brume-thermale-300ml"
"PS-CENTIFOLIA-ECLAT-DE-ROSE-A8A128";"";"CENTIFOLIA ÉCLAT DE ROSE CRÈME RICHE 50ML";"0.000";"0.000";"60.806";"72.359";"19.000";"0.000";"";"0";"https://www.parashop.tn/image/cache/data/images_produits/CENTIFOLIA/centifolia-eclat-de-rose-creme-riche-50ml-600x315w.jpg";"CENTIFOLIA ÉCLAT DE ROSE CRÈME RICHE idéale pour les peaux normales à sèches, même sensibles. Au meilleur prix chez parashop tunisie";"";"visage";"76.160";"-25%";"";"";"";"https://www.parashop.tn/visage/centifolia-eclat-de-rose-creme-riche-50ml"
"PS-CENTIFOLIA-FRAICHEUR-THE-E921F1";"";"CENTIFOLIA FRAICHEUR DE THE FLUIDE RÉGULATEUR MATIFIANT 40ML";"0.000";"0.000";"43.664";"51.960";"19.000";"0.000";"";"0";"https://www.parashop.tn/image/cache/data/images_produits/CENTIFOLIA/centifolia-fraicheur-the-fluide-regulateur-matifiant-40ml-600x315w.jpg";"CENTIFOLIA FRAICHEUR DE THE FLUIDE RÉGULATEUR MATIFIANT hydrate, lisse, matifie et régule la sécrétion de sébum, à prix bas chez parashop tunisie";"";"visage";"107.469";"-25%";"";"";"";"https://www.parashop.tn/visage/centifolia-fraicheur-the-fluide-regulateur-matifiant-40ml"
"PS-CERAVE-CREME-HYDRATANTE--A59520";"";"CeraVe Crème Hydratante Visage Nuit 52ML";"0.000";"0.000";"51.360";"61.118";"18.999";"0.000";"";"0";"https://www.parashop.tn/image/cache/catalog/produits/cerave/cerave-creme-hydratante-visage-nuit-52ml-600x315w.jpg";"CeraVe Crème Hydratante Visage Nuit Assure l";"";"visage";"65.485";"-25%";"";"";"";"https://www.parashop.tn/visage/cerave-creme-hydratante-visage-nuit-52ml"
"PS-CERAVE-2001AA";"";"CeraVe";"0.000";"0.000";"42.600";"50.694";"19.000";"0.000";"";"0";"https://www.parashop.tn/image/cache/catalog/marques/cerave-logo-600x315w.jpg";"";"CeraVe CERAVE Baume Hydratant 177ML CERAVE Baume Hydratant 177MLCERAVE Baume Hydratant hydrate la peau en continu et aid";"marque";"71.114";"-25%";"";"";"";"https://www.parashop.tn/cerave"
"PS-CERAVE-CREME-LAVANTE-HYD-4DCC8B";"";"CeraVe Crème Lavante Hydratante 236ML";"0.000";"0.000";"37.800";"44.982";"19.000";"0.000";"";"0";"https://www.parashop.tn/image/cache/catalog/produits/cerave/cerave-creme-lavante-hydratante-236ml-600x315w.jpg";"CeraVe Crème Lavante Hydratante nettoie et hydrate en douceur, aide à renforcer la barrière protectrice. A prix bas chez parashop tunisie";"";"visage";"50.694";"-25%";"";"";"";"https://www.parashop.tn/visage/cerave-creme-lavante-hydratante-236ml"
"PS-CERAVE-CREME-LAVANTE-HYD-6BC1C6";"";"CeraVe Crème Lavante Hydratante 473ML";"0.000";"0.000";"45.000";"53.550";"19.000";"0.000";"";"0";"https://www.parashop.tn/image/cache/catalog/produits/cerave/cerave-creme-lavante-hydratante-473ml-600x315w.jpg";"CeraVe Crème Lavante Hydratante nettoieen laissant un fini de peau doux et soyeux. A prix bas chez parashop tunisie";"";"visage";"68.100";"-25%";"";"";"";"https://www.parashop.tn/visage/cerave-creme-lavante-hydratante-473ml"
"PS-CERAVE-CREME-MOUSSANTE-N-D72F43";"";"CeraVe Creme Moussante Nettoyante Hydratante 236ML";"0.000";"0.000";"37.800";"44.982";"19.000";"0.000";"";"0";"https://www.parashop.tn/image/cache/catalog/produits/cerave/cerave-creme-moussante-nettoyante-hydratante-236ml-600x315w.jpg";"CeraVe Creme Moussante Nettoyante Hydratante démaquille efficacement sans laisser de résidus, à prix bas chez parashop tunisie";"";"visage";"114.002";"-25%";"";"";"";"https://www.parashop.tn/visage/cerave-creme-moussante-nettoyante-hydratante-236ml"
"PS-CERAVE-GEL-CREME-HYDRATA-FD6384";"";"CeraVe Gel Creme Hydratant Oil Control 52ML";"0.000";"0.000";"56.400";"99.000";"75.532";"0.000";"";"0";"https://www.parashop.tn/image/cache/catalog/produits/cerave/cerave-gel-creme-hydratant-oil-control-52ml-600x315w.jpg";"CeraVe Gel Creme Hydratant Oil Control à bas prix en tunisie sur parashop votre parapharmacie en ligne. Livraison gratuite dès 99DT";"";"visage";"0.000";"-25%";"";"";"";"https://www.parashop.tn/visage/cerave-gel-creme-hydratant-oil-control-52ml"
"PS-CERAVE-GEL-MOUSSANT-ANTI-C23323";"";"CERAVE GEL MOUSSANT ANTI IMPERFECTIONS 236ML";"0.000";"0.000";"32.580";"99.000";"203.867";"0.000";"";"0";"https://www.parashop.tn/image/cache/catalog/produits/cerave/cerave-gel-moussant-anti-imperfections-236-ml-600x315w.jpg";"CERAVE GEL MOUSSANT ANTI IMPERFECTIONS est disponible au meilleur prix chez votre parapharmacie parashop tunisie. Livraison gratuite dès 99DT";"";"visage";"0.000";"-25%";"";"";"";"https://www.parashop.tn/visage/cerave-gel-moussant-anti-imperfections-236ml"
"PS-CERAVE-SA-CREME-ANTI-RUG-345690";"";"CERAVE SA Crème Anti Rugosités 177ML";"0.000";"0.000";"46.800";"55.692";"19.000";"0.000";"";"0";"https://www.parashop.tn/image/cache/catalog/produits/cerave/cerave-sa-creme-anti-rugosites-177ml-600x315w.jpg";"CERAVE SA Crème Anti Rugosités exfolie, adoucit et lisse les rugosités. Aide à restaurer la barrière cutanée. A prix bas chez parashop tunisie";"";"visage";"57.001";"-25%";"";"";"";"https://www.parashop.tn/visage/cerave-sa-creme-anti-rugosites-177ml"
"PS-CERAVE-SA-CREME-ANTI-RUG-9731F8";"";"CERAVE SA Crème Anti Rugosités 340G";"0.000";"0.000";"67.080";"79.825";"19.000";"0.000";"";"0";"https://www.parashop.tn/image/cache/catalog/produits/cerave/cerave-sa-creme-anti-rugosites-340g-600x315w.jpg";"CERAVE SA Crème Anti Rugosités nettoie en douceur et favorise l";"";"visage";"99.000";"-25%";"";"";"";"https://www.parashop.tn/visage/cerave-sa-creme-anti-rugosites-340g"
"PS-CERAVE-SA-GEL-NETTOYANT--24DC7B";"";"CERAVE SA Gel Nettoyant Anti Rugosités 236ML";"0.000";"0.000";"42.840";"50.980";"19.001";"0.000";"";"0";"https://www.parashop.tn/image/cache/catalog/produits/cerave/cerave-sa-gel-nettoyant-anti-rugosites-236ml-600x315w.jpg";"CERAVE SA Gel Nettoyant Anti Rugosités  nettoie en douceur, favorise l";"";"visage";"55.692";"-25%";"";"";"";"https://www.parashop.tn/visage/cerave-sa-gel-nettoyant-anti-rugosites-236ml"
"PS-CERAVE-SERUM-HYDRATANT-A-E46F20";"";"CERAVE SERUM HYDRATANT ACIDE HYALURONIQUE 30ML";"0.000";"0.000";"69.600";"99.000";"42.241";"0.000";"";"0";"https://www.parashop.tn/image/cache/catalog/produits/cerave/cerave-serum-hydratant-acide-hyaluronique-30ml-600x315w.jpg";"CERAVE SERUM HYDRATANT ACIDE HYALURONIQUE est disponible au meilleur prix chez votre parapharmacie parashop tunisie. Livraison gratuite dès 99DT";"";"visage";"0.000";"-25%";"";"";"";"https://www.parashop.tn/visage/cerave-serum-hydratant-acide-hyaluronique-30ml"
"PS-CERAVE-SERUM-RETINOL-ANT-A99E3E";"";"CERAVE SERUM RETINOL ANTI MARQUES 30ML";"0.000";"0.000";"73.200";"99.000";"35.246";"0.000";"";"0";"https://www.parashop.tn/image/cache/catalog/produits/cerave/cerave-serum-retinol-anti-marques-30ml-600x315w.jpg";"CERAVE SERUM RETINOL ANTI MARQUES est disponible au meilleur prix chez votre parapharmacie parashop tunisie. Livraison gratuite dès 99DT";"";"visage";"0.000";"-25%";"";"";"";"https://www.parashop.tn/visage/cerave-serum-retinol-anti-marques-30ml"
"PS-CETAPHIL-PRO-ACNE-PRONE--DAF48D";"";"CETAPHIL PRO Acne Prone Skin Foam Wash 235ML";"0.000";"0.000";"45.900";"54.621";"19.000";"0.000";"";"0";"https://www.parashop.tn/image/cache/catalog/produits/cetaphil/cetaphil-pro-acne-prone-skin-foam-wash-235ml-600x315w.jpg";"Cetaphil PRO Acne Prone Skin Foam Wash nettoyant en mousse léger et aéré nettoie en profondeur. Au meilleur prix chez parashop tunisie";"";"visage";"64.260";"-25%";"";"";"";"https://www.parashop.tn/visage/cetaphil-pro-acne-prone-skin-foam-wash-235ml"
"PS-CETAPHIL-PRO-ACNE-LOTION-383F89";"";"CETAPHIL PRO Acne-Prone Skin LOTION HYDRATANTE SPF30 120ML";"0.000";"0.000";"67.200";"79.968";"19.000";"0.000";"";"0";"https://www.parashop.tn/image/cache/data/images_produits/CETAPHIL/cetaphil-pro-acne-prone-skin-lotion-hydratante-spf30-120ml-600x315w.jpg";"CETAPHIL PRO ACNE LOTION HYDRATANTE aider à apaiser et à réduire la brillance tout en hydratant la peau. Au meilleur prix chez parashop tunisie";"";"visage";"99.960";"-25%";"";"";"";"https://www.parashop.tn/visage/cetaphil-pro-acne-lotion-hydratante-spf30-120ml"
"PS-CLINIC-WAY-CONCENTRE-PEP-D9B05F";"";"CLINIC WAY CONCENTRE PEPTIDE RAJEUNISSANT 30ML";"0.000";"0.000";"110.400";"99.000";"0.000";"0.000";"";"0";"https://www.parashop.tn/image/cache/catalog/produits/clinicway/clinic-way-concentre-peptide-rajeunissant-30ml-600x315w.jpg";"CLINIC WAY CONCENTRE PEPTIDE RAJEUNISSANT est disponible au meilleur prix chez votre parapharmacie parashop tunisie. Livraison gratuite dès 99DT";"";"visage";"131.376";"-25%";"";"";"";"https://www.parashop.tn/visage/clinic-way-concentre-peptide-rajeunissant-30ml"
"PS-CLINIC-WAY-DERMO-CAPSULE-C4FBC2";"";"CLINIC WAY Dermo Capsules Revitalisantes";"0.000";"0.000";"86.615";"103.072";"19.000";"0.000";"";"0";"https://www.parashop.tn/image/cache/catalog/produits/clinicway/clinic-way-dermo-capsules-revitalisantes-600x315w.jpg";"CLINIC WAY Dermo-capsules revitalisantes laissent la peau jeune et pleine de vitalité et activent la régénération. A prix bas chez parashop tunisie";"";"visage";"121.237";"-25%";"";"";"";"https://www.parashop.tn/visage/clinic-way-dermo-capsules-revitalisantes"
"PS-CLINIC-WAY-DERMOCREME-AN-3712E7";"";"CLINIC WAY Dermocrème anti-rides 1°+2° contour des yeux";"0.000";"0.000";"49.428";"58.819";"18.999";"0.000";"";"0";"https://www.parashop.tn/image/cache/catalog/produits/clinicway/clinic-way-dermocreme-anti-rides-1°2°-contour-des-yeux-600x315w.jpg";"CLINIC WAY Dermocrème anti-rides de jour et de nuit 1°+2° au meilleur prix chez parashop tunisie";"";"visage";"69.199";"-25%";"";"";"";"https://www.parashop.tn/visage/clinic-way-dermocreme-anti-rides-de-jour-et-de-nuit-10-20-pour-le-contour-des-yeux"
"PS-CLINIC-WAY-DERMOCREME-AN-328BA7";"";"CLINIC WAY Dermocrème anti-rides 3°+4° contour des yeux";"0.000";"0.000";"55.566";"66.124";"19.001";"0.000";"";"0";"https://www.parashop.tn/image/cache/catalog/produits/clinicway/clinic-way-dermocreme-anti-rides-3°4°-contour-des-yeux-600x315w.jpg";"CLINIC WAY Dermocrème anti-rides de jour et de nuit 3°+4° au meilleur prix chez parashop tunisie";"";"visage";"73.483";"-25%";"";"";"";"https://www.parashop.tn/visage/clinic-way-dermocreme-anti-rides-de-jour-et-de-nuit-30-40-pour-le-contour-des-yeux"
"PS-CLINIC-WAY-DERMOCREME-AN-9FBC10";"";"CLINIC WAY Dermocrème anti-rides de jour 2° SPF 15";"0.000";"0.000";"56.655";"67.419";"18.999";"0.000";"";"0";"https://www.parashop.tn/image/cache/catalog/produits/chicco/clinic-way-dermocreme-anti-rides-de-jour-2°-spf-20-600x315w.jpg";"CLINIC WAY Dermocrème anti-rides de jour 2° SPF 15 améliore la fermeté et l";"";"visage";"74.911";"-25%";"";"";"";"https://www.parashop.tn/visage/clinic-way-dermocreme-anti-rides-de-jour-20-spf-15"
"PS-CLINIC-WAY-DERMOCREME-AN-E42B11";"";"CLINIC WAY Dermocrème anti-rides de jour 3° SPF 15";"0.000";"0.000";"59.886";"71.264";"18.999";"0.000";"";"0";"https://www.parashop.tn/image/cache/catalog/produits/clinicway/clinic-way-dermocreme-anti-rides-de-jour-3-600x315w.jpg";"CLINIC WAY Dermocrème anti-rides de jour 3° SPF 15 atténue les effets des carences hormonales de la peau et améliore le tonus et la fermeté.";"";"visage";"79.183";"-25%";"";"";"";"https://www.parashop.tn/visage/clinic-way-dermocreme-anti-rides-de-jour-30-spf-15"
"PS-CLINIC-WAY-DERMOCREME-AN-289A2C";"";"CLINIC WAY Dermocrème anti-rides de jour 4° SPF 20";"0.000";"0.000";"65.772";"78.269";"19.000";"0.000";"";"0";"https://www.parashop.tn/image/cache/catalog/produits/clinicway/clinic-way-dermocreme-anti-rides-de-jour-40-spf-20-600x315w.jpg";"CLINIC WAY Dermocrème anti-rides de jour 4° SPF 20 renforce l";"";"visage";"86.965";"-25%";"";"";"";"https://www.parashop.tn/visage/clinic-way-dermocreme-anti-rides-de-jour-40-spf-20"
"PS-CLINIC-WAY-DERMOCREME-AN-5ADBC2";"";"CLINIC WAY Dermocrème anti-rides de jour 5° SPF 20";"0.000";"0.000";"69.606";"82.831";"19.000";"0.000";"";"0";"https://www.parashop.tn/image/cache/data/images_produits/CLINICWAY/clinic-way-dermocreme-anti-rides-de-jour-5°-spf-20-600x315w.jpg";"CLINIC WAY Dermocrème anti-rides de jour 5° SPF 20 combat efficacement les processus responsables de la formation des rides anisotropes.";"";"visage";"92.035";"-25%";"";"";"";"https://www.parashop.tn/visage/clinic-way-dermocreme-anti-rides-de-jour-5%C2%B0-spf-20"
"PS-CLINIC-WAY-DERMOCREME-AN-1812F5";"";"CLINIC WAY Dermocrème anti-rides de nuit 2°";"0.000";"0.000";"57.726";"68.694";"19.000";"0.000";"";"0";"https://www.parashop.tn/image/cache/catalog/produits/clinicway/clinic-way-dermocreme-anti-rides-nuit-20-600x315w.jpg";"CLINIC WAY Dermocrème anti-rides de nuit 2° stimule le régénération et lisse et améliore le teint. Au meilleur prix chez parashop tunisie";"";"visage";"76.327";"-25%";"";"";"";"https://www.parashop.tn/visage/clinic-way-dermocreme-anti-rides-de-nuit-20"
"PS-CLINIC-WAY-DERMOCREME-AN-181314";"";"CLINIC WAY Dermocrème anti-rides de nuit 3°";"0.000";"0.000";"62.046";"73.835";"19.000";"0.000";"";"0";"https://www.parashop.tn/image/cache/catalog/produits/clinicway/clinic-way-dermocreme-anti-rides-de-nuit-30-600x315w.jpg";"CLINIC WAY Dermocrème anti-rides de nuit 3°  stimule le régénération, hydrate et améliore le teint. Au meilleur prix chez parashop tunisie";"";"visage";"82.039";"-25%";"";"";"";"https://www.parashop.tn/visage/clinic-way-dermocreme-anti-rides-de-nuit-30"
"PS-CLINIC-WAY-DERMOCREME-AN-181333";"";"CLINIC WAY Dermocrème anti-rides de nuit 4°";"0.000";"0.000";"68.040";"80.968";"19.001";"0.000";"";"0";"https://www.parashop.tn/image/cache/catalog/produits/clinicway/clinic-way-dermocreme-anti-rides-de-nuit-40-600x315w.jpg";"CLINIC WAY Dermocrème anti-rides de nuit 4° stimule le réparation et renforce les structures naturelles de proteines-lipides.";"";"visage";"89.964";"-25%";"";"";"";"https://www.parashop.tn/visage/clinic-way-dermocreme-anti-rides-de-nuit-40"
"PS-COUP-DECLAT-AMPOULES-LIF-DE3613";"";"COUP D’ECLAT Ampoules Lifting 3 AMPOULES";"0.000";"0.000";"28.200";"33.558";"19.000";"0.000";"";"0";"https://www.parashop.tn/image/cache/catalog/produits/larima/coup-declat-ampoules-lifting-3-ampoules-600x315w.jpg";"COUP D’ECLAT Ampoules Lifting Beauté Corrigent l’apparence des rides et ridules, illuminent le teint et effacent les traces de fatigue.";"";"visage";"114.002";"-25%";"";"";"";"https://www.parashop.tn/visage/coup-declat-ampoules-lifting-beaute-du-teint-3-ampoules"
"PS-CCOUP-DECLAT-CONCENTRE-E-7EF6A2";"";"COUP D’ECLAT Concentré Énergétique au Collagène Marin - 12 AMPOULES";"0.000";"0.000";"40.000";"47.600";"19.000";"0.000";"";"0";"https://www.parashop.tn/image/cache/catalog/produits/larima/coup-declat-concentre-energetique-au-collagene-marin--600x315w.jpg";"COUP D’ECLAT Concentré Énergétique au Collagène Marin Cible les signes de l’âge et aide à restaurer l’éclat,au meilleur prix chez parashop tunisie";"";"visage";"114.002";"-25%";"";"";"";"https://www.parashop.tn/visage/ccoup-declat-concentre-energetique-au-collagene-marin-12-ampoules"
"PS-CYTOL-CENTELLA-CREME-APA-58EE5C";"";"CYTOLNAT CENTELLA CREME REPARATRICE 15ML";"0.000";"0.000";"8.894";"10.584";"19.002";"0.000";"";"0";"https://www.parashop.tn/image/cache/catalog/produits/cytolnat/cytol-centella-creme-apaisante-reparatrice-600x315w.jpg";"CYTOLNAT CENTELLA CREME APAISANTE REPARATRICE est un soin réparateur multi-usages. Au meilleur prix chez parashop tunisie";"";"visage";"11.760";"-25%";"";"";"";"https://www.parashop.tn/visage/cytol-centella-creme-apaisante-reparatrice-18ml"
"PS-CYTOLNAT-CENTELLA-CREME--F35D96";"";"CYTOLNAT CENTELLA CREME REPARATRICE 30ML";"0.000";"0.000";"16.793";"19.984";"19.002";"0.000";"";"0";"https://www.parashop.tn/image/cache/catalog/produits/cytolnat/cytolnat-centella-creme-reparatrice-30-ml-600x315w.jpg";"CYTOLNAT CENTELLA CREME APAISANTE REPARATRICE est un soin réparateur multi-usages. Au meilleur prix chez parashop tunisie";"";"visage";"37.763";"-25%";"";"";"";"https://www.parashop.tn/visage/cytolnat-centella-creme-reparatrice-30ml"
"PS-CYTOLNAT-4D7CD0";"";"CYTOLNAT";"0.000";"0.000";"8.894";"10.584";"19.002";"0.000";"";"0";"https://www.parashop.tn/image/cache/catalog/marques/cytolnat-logo-600x315w.jpg";"";"CYTOLNAT CYTOLNAT CENTELLA CREME REPARATRICE 15ML CYTOLNAT CENTELLA CREME APAISANTE REPARATRICE 15ML - Aapaise et réduit";"marque";"11.760";"-25%";"";"";"";"https://www.parashop.tn/cytolnat"
"PS-CYTOL-CENTELLA-CREME-APA-5AA1D0";"";"CYTOLNAT CENTELLA CREME REPARATRICE 50ML";"0.000";"0.000";"23.532";"28.003";"19.000";"0.000";"";"0";"https://www.parashop.tn/image/cache/catalog/produits/cytolnat/cytol-centella-creme-apaisante-reparatrice-50ml-600x315w.jpg";"CYTOLNAT CENTELLA CREME est un soin incontournable pour traiter les irritations cutanées et faciliter la reconstruction épidermique";"";"visage";"56.436";"-25%";"";"";"";"https://www.parashop.tn/visage/cytol-centella-creme-apaisante-reparatrice-50ml"
"PS-CYTOLNAT-CENTELLA-SPRAY--F164A6";"";"CYTOLNAT CENTELLA SPRAY ANTIBACTERIEN REPARATEUR 30ML";"0.000";"0.000";"10.939";"99.000";"805.019";"0.000";"";"0";"https://www.parashop.tn/image/cache/catalog/produits/cytolnat/cytolnat-centella-spray-antibacterien-reparateur-30ml-600x315w.jpg";"Acheter CYTOLNAT CENTELLA SPRAY ANTIBACTERIEN REPARATEUR à bas prix en tunisie sur parashop votre parapharmacie en ligne. Livraison gratuite dès 99DT";"";"visage";"0.000";"-25%";"";"";"";"https://www.parashop.tn/visage/cytolnat-centella-spray-antibacterien-reparateur-30ml"
"PS-CYTOLNAT-SELENIUM-CREME--9B87C6";"";"CYTOLNAT CYTOL SELENIUM CREME ANTI AGE 50ML";"0.000";"0.000";"41.760";"49.694";"18.999";"0.000";"";"0";"https://www.parashop.tn/image/cache/catalog/produits/cytolnat/cytolnat-selenium-creme-anti-age-50-ml-600x315w.jpg";"la crème de soin anti-âge CYTOLNAT CYTOL SELENIUM ralentit efficacement le vieillissement cutané. Au meilleur prix en tunisie";"";"visage";"82.824";"-25%";"";"";"";"https://www.parashop.tn/visage/cytolnat-selenium-creme-anti-age-50ml"
"PS-CYTOLNAT-CYTOLAC-CREME-D-3E1207";"";"CYTOLNAT CYTOLAC CREME DE SOIN SPECIFIQUE 50ML";"0.000";"0.000";"27.064";"99.000";"265.800";"0.000";"";"0";"https://www.parashop.tn/image/cache/catalog/produits/cytolnat/cytolnat-cytolac-creme-de-soin-specifique-50ml-600x315w.jpg";"CYTOLNAT CYTOLAC CREME DE SOIN SPECIFIQUE est disponible au meilleur prix chez votre parapharmacie parashop tunisie. Livraison gratuite dès 99DT";"";"visage";"0.000";"-25%";"";"";"";"https://www.parashop.tn/visage/cytolnat-cytolac-creme-de-soin-specifique-50ml"
"PS-CYTOLNAT-CYTOLCLEAN-GEL--63678A";"";"CYTOLNAT CYTOLCLEAN GEL NETTOYANT 175ML";"0.000";"0.000";"19.764";"23.519";"18.999";"0.000";"";"0";"https://www.parashop.tn/image/cache/catalog/produits/cytolnat/cytolnat-cytolclean-gel-nettoyant-175ml-new-600x315w.jpg";"Le gel moussant CYTOLCLEAN désobstrue les pores et élimine efficacement l’excès de sébum. A prix bas chez parashop tunisie";"";"visage";"26.132";"-25%";"";"";"";"https://www.parashop.tn/visage/cytolnat-cytolclean-gel-nettoyant-175ml"
"PS-CYTOLNAT-CYTOCLEAN-MOUSS-C91060";"";"CYTOLNAT CYTOLCLEAN MOUSSE NETTOYANTE PEAUX NORMALES A SECHES 150ML";"0.000";"0.000";"20.517";"99.000";"382.527";"0.000";"";"0";"https://www.parashop.tn/image/cache/catalog/produits/cytolnat/cytolnat-cytoclean-mousse-nettoyante-peaux-normales-a-seches-150ml-600x315w.jpg";"CYTOLNAT CYTOLCLEAN MOUSSE NETTOYANTE PEAUX NORMALES A SECHES est disponible au meilleur prix chez votre parapharmacie parashop tunisie. Livraison gratuite dès 99DT";"";"visage";"0.000";"-25%";"";"";"";"https://www.parashop.tn/visage/cytolnat-cytoclean-mousse-nettoyante-peaux-normales-a-seches-150ml"
"PS-CYTOLNAT-CYTOLIGHT-CREME-0D5368";"";"CYTOLNAT CYTOLIGHT CREME ANTI TACHES BRUNES 30ML";"0.000";"0.000";"38.092";"99.000";"159.897";"0.000";"";"0";"https://www.parashop.tn/image/cache/catalog/produits/cytolnat/cytolnat-cytolight-creme-anti-taches-brunes-30ml-600x315w.jpg";"CYTOLNAT CYTOLIGHT CREME ANTI TACHES BRUNES est disponible au meilleur prix chez votre parapharmacie parashop tunisie. Livraison gratuite dès 99DT";"";"visage";"0.000";"-25%";"";"";"";"https://www.parashop.tn/visage/cytolnat-cytolight-creme-anti-taches-brunes-30ml"
"PS-CYTOLNAT-CYTOLIGHT-GEL-A-FA0666";"";"CYTOLNAT Cytolight Gel Anti Taches 30ML";"0.000";"0.000";"23.213";"99.000";"326.485";"0.000";"";"0";"https://www.parashop.tn/image/cache/catalog/produits/cytolnat/cytolnat-cytolight-gel-anti-taches-30ml-600x315w.jpg";"Acheter CYTOLNAT Cytolight Gel Anti Tachesà bas prix en tunisie sur parashop votre parapharmacie en ligne. Livraison gratuite dès 99DT";"";"visage";"0.000";"-25%";"";"";"";"https://www.parashop.tn/visage/cytolnat-cytolight-gel-anti-taches-30ml"
"PS-DA-DERM-CREME-VISAGE-A-L-F7C2E8";"";"DA DERM CREME VISAGE A LA CAMOMILLE 100ML";"0.000";"0.000";"10.602";"99.000";"833.786";"0.000";"";"0";"https://www.parashop.tn/image/cache/catalog/produits/da-derm-creme-visage-a-la-camomille-100ml-600x315w.jpg";"DA DERM CREME VISAGE A LA CAMOMILLE à bas prix en tunisie sur parashop votre parapharmacie en ligne. Livraison gratuite dès 99DT";"";"visage";"0.000";"-25%";"";"";"";"https://www.parashop.tn/visage/da-derm-creme-visage-a-la-camomille-100ml"
"PS-DAHLIA-HYDRA-VASELINE-10-4F1BAD";"";"DAHLIA HYDRA VASELINE 100ML";"0.000";"0.000";"8.698";"10.351";"19.004";"0.000";"";"0";"https://www.parashop.tn/image/cache/catalog/produits/dahlia-hydra-vaseline-100-ml-600x315w.jpg";"DAHLIA HYDRA VASELINE une émulsion dermique Bio hydratante et protectrice des peaux sensibles , à prix bas chez parashop tunisie";"";"visage";"22.401";"-25%";"";"";"";"https://www.parashop.tn/visage/dahlia-hydra-vaseline-100ml"
"PS-DERMACARE-CICA-TREAT-CRE-7205A1";"";"DERMACARE CICATREAT CREME 15ML";"0.000";"0.000";"11.088";"13.195";"19.003";"0.000";"";"0";"https://www.parashop.tn/image/cache/catalog/produits/dermacare/dermacare-cica-treat-creme-15-ml-600x315w.jpg";"DERMACARE CICATREAT CREME laisse respirer la peau et la répare. Elle protège la plaie des agressions extérieures. A prix bas chez parahop tunisie";"";"visage";"16.493";"-25%";"";"";"";"https://www.parashop.tn/visage/dermacare-cica-treat-creme-15ml"
"PS-DERMACARE-CICATREAT-POMM-062659";"";"DERMACARE CICATREAT POMMADE 40ML";"0.000";"0.000";"25.500";"30.345";"19.000";"0.000";"";"0";"https://www.parashop.tn/image/cache/catalog/produits/dermacare/dermacare-cicatreat-pommade-40ml-600x315w.jpg";"DERMACARE CICATREAT POMMADE est disponible au meilleur prix chez notre parapharmacie parashop tunisie";"";"visage";"37.937";"-25%";"";"";"";"https://www.parashop.tn/visage/dermacare-cicatreat-pommade-40ml"
"PS-DERMACARE-CICA-TREAT-ZN--F25B73";"";"DERMACARE CICATREAT ZN CREME 50ML";"0.000";"0.000";"22.680";"26.989";"18.999";"0.000";"";"0";"https://www.parashop.tn/image/cache/catalog/produits/dermacare/dermacare-cica-treat-zn-creme-50-ml-600x315w.jpg";"DERMACARE CICATREAT ZN pour les brûlures et les plaies. Utile dans le quotidien et pour toute la famille. A prix bas chez parashop tunisie";"";"visage";"33.737";"-25%";"";"";"";"https://www.parashop.tn/visage/dermacare-cica-treat-zn-creme-50ml"
"PS-DERMACARE-HYDRALISS-BAUM-7C57C6";"";"DERMACARE HYDRALISS BAUME INTENSIF 200ML";"0.000";"0.000";"32.152";"38.261";"19.000";"0.000";"";"0";"https://www.parashop.tn/image/cache/catalog/produits/dermacare/dermacare-hydraliss-baume-intensif-200-ml-600x315w.jpg";"DERMACARE HYDRALISS BAUME INTENSIF 200ML rend la peau souple et élastique et neutralise l";"";"visage";"47.826";"-25%";"";"";"";"https://www.parashop.tn/visage/dermacare-hydraliss-baume-intensif-200ml"
"PS-DERMACARE-HYDRALISS-BAUM-9EA1CD";"";"DERMACARE HYDRALISS BAUME INTENSIF 500ML";"0.000";"0.000";"46.752";"55.635";"19.000";"0.000";"";"0";"https://www.parashop.tn/image/cache/catalog/produits/dermacare/dermacare-hydraliss-baume-intensif-500ml-600x315w.jpg";"DERMACARE HYDRALISS BAUME INTENSIF rend la peau souple et élastique et neutralise l";"";"visage";"69.544";"-25%";"";"";"";"https://www.parashop.tn/visage/dermacare-hydraliss-baume-intensif-visage-corps-500ml"
"PS-DERMACARE-HYDRALISS-EAU--6938DC";"";"DERMACARE Hydraliss Eau Micellaire 200ML";"0.000";"0.000";"17.920";"99.000";"452.455";"0.000";"";"0";"https://www.parashop.tn/image/cache/catalog/produits/dermacare/dermacare-hydraliss-eau-micellaire-200-ml-600x315w.jpg";"DERMACARE Hydraliss Eau Micellaire est disponible au meilleur prix chez votre parapharmacie parashop tunisie. Livraison gratuite dès 99DT";"";"visage";"114.342";"-25%";"";"";"";"https://www.parashop.tn/visage/dermacare-hydraliss-eau-micellaire-200ml"
"PS-DERMACARE-HYDRALISS-MOUS-B3B1EC";"";"DERMACARE HYDRALISS MOUSSE NETTOYANTE HYDRATANTE 150ML";"0.000";"0.000";"25.200";"29.988";"19.000";"0.000";"";"0";"https://www.parashop.tn/image/cache/catalog/produits/dermacare/dermacare-hydraliss-mousse-nettoyante-hydratante-150ml-600x315w.jpg";"DERMACARE HYDRALISS MOUSSE NETTOYANTE est formulée sans savon, pour les peaux sèches. Au meilleur prix chez parashop tunisie";"";"visage";"37.485";"-25%";"";"";"";"https://www.parashop.tn/visage/dermacare-hydraliss-mousse-nettoyante-hydratante-150ml"
"PS-DERMACARE-HYDRALISS-SAVO-1BD806";"";"DERMACARE HYDRALISS SAVON DERMATOLOGIQUE SURGRAS 130Gr";"0.000";"0.000";"12.100";"14.399";"19.000";"0.000";"";"0";"https://www.parashop.tn/image/cache/data/images_produits/DERMACARE/hydraliss/dermacare-hydraliss-savon-dermatologique-sur-gras-130gr-600x315w.jpg";"DERMACARE HYDRALISS SAVON SURGRAS protège l’épiderme du déshydratation. Au meilleur prix chez parashop tunisie";"";"visage";"17.993";"-25%";"";"";"";"https://www.parashop.tn/visage/dermacare-hydraliss-savon-dermatologique-sur-gras-130gr"
"PS-DERMACARE-KELO-TREAT-15M-DAB5A9";"";"DERMACARE KELOTREAT GEL 15ML";"0.000";"0.000";"36.855";"43.857";"18.999";"0.000";"";"0";"https://www.parashop.tn/image/cache/catalog/produits/dermacare/dermacare-kelo-treat-15ml-600x315w.jpg";"DERMACARE KELOTREAT  pour le traitement et la prévention de cicatrices hypertrophiques et chéloïdes. A prix bas chez parashop tunisie";"";"visage";"58.477";"-25%";"";"";"";"https://www.parashop.tn/visage/dermacare-kelo-treat-15ml"
"PS-DERMACARE-KELO-TREAT-50M-DC7460";"";"DERMACARE KELOTREAT GEL 50ML";"0.000";"0.000";"60.810";"72.364";"19.000";"0.000";"";"0";"https://www.parashop.tn/image/cache/catalog/produits/dermacare/dermacare-kelo-treat-50-ml-600x315w.jpg";"DERMACARE KELOTREAT Gel Réduit la cicatrice qui devient plus douce et moins visible. Au meilleur prix chez parashop tunisie";"";"visage";"96.485";"-25%";"";"";"";"https://www.parashop.tn/visage/dermacare-kelo-treat-50ml"
"PS-DERMACARE-PRURI-CALME-AN-167D58";"";"DERMACARE PRURICALME CREME CONFORT APAISANTE 50ML";"0.000";"0.000";"17.000";"20.230";"19.000";"0.000";"";"0";"https://www.parashop.tn/image/cache/catalog/produits/dermacare/dermacare-pruri-calme-anti-rougeur-50ml-600x315w.jpg";"DERMACARE PRURICALME CREME CONFORT APAISANTE  protège et hydrate les peaux sensibles qui ont des risques de rougeur. A prix bas chez parashop tunisie";"";"visage";"28.596";"-25%";"";"";"";"https://www.parashop.tn/visage/dermacare-pruri-calme-anti-rougeur-50ml"
"PS-DERMACARE-PRURICALME-GEL-2517C9";"";"DERMACARE PRURICALME Gel Apaisant 100ML";"0.000";"0.000";"19.000";"99.000";"421.053";"0.000";"";"0";"https://www.parashop.tn/image/cache/catalog/produits/dermacare/dermacare-pruricalme-gel-apaisant-100-ml-600x315w.jpg";"DERMACARE PRURICALME Gel Apaisant est disponible au meilleur prix chez votre parapharmacie parashop tunisie. Livraison gratuite dès 99DT";"";"visage";"115.800";"-25%";"";"";"";"https://www.parashop.tn/visage/dermacare-pruricalme-gel-apaisant-50ml"
"PS-DERMACARE-PURENET-SKIN-E-D8835C";"";"DERMACARE Purenet Skin Eau Micellaire 200ML";"0.000";"0.000";"19.064";"99.000";"419.303";"0.000";"";"0";"https://www.parashop.tn/image/cache/catalog/produits/dermacare/dermacare-purenet-skin-eau-micellaire-200-ml-600x315w.jpg";"DERMACARE Purenet Skin Eau Micellaire est disponible au meilleur prix chez votre parapharmacie parashop tunisie. Livraison gratuite dès 99DT";"";"visage";"0.000";"-25%";"";"";"";"https://www.parashop.tn/visage/dermacare-purenet-skin-eau-micellaire-200ml"
"PS-DERMACARE-PURENET-SKIN-M-7F60CD";"";"DERMACARE PURENET SKIN MOUSSE NETTOYANTE EXFOLIANTE 150ML";"0.000";"0.000";"27.416";"32.625";"19.000";"0.000";"";"0";"https://www.parashop.tn/image/cache/catalog/produits/dermacare/dermacare-purenet-skin-mousse-nettoyante-150-ml-600x315w.jpg";"DERMACARE PURENET SKIN MOUSSE NETTOYANTE EXFOLIANTE nettoie sans dessécher la peau, à prix bas chez parashop tunisie";"";"visage";"40.781";"-25%";"";"";"";"https://www.parashop.tn/visage/dermacare-purenet-skin-mousse-nettoyante-150ml"
"PS-DERMACEUTIC-ACTIV-RETINO-317663";"";"Dermaceutic Activ Retinol 0.5 Serum Anti Age 30ml";"0.000";"0.000";"110.400";"131.376";"19.000";"0.000";"";"0";"https://www.parashop.tn/image/cache/catalog/produits/dermaceutic/dermaceutic-activ-retinol-05-serum-anti-age-30ml-600x315w.jpg";"Dermaceutic Activ Retinol 0.5 Serum Anti Age permet de réduire et atténuer les ridules. Au meilleur prix chez parashop tunisie";"";"visage";"159.936";"-25%";"";"";"";"https://www.parashop.tn/visage/dermaceutic-activ-retinol-05-serum-anti-age-30ml"
"PS-DERMACEUTIC-ACTIV-RETINO-8938D0";"";"Dermaceutic Activ Retinol 1.0 Serum Anti Age Intensif 30ML";"0.000";"0.000";"134.400";"159.936";"19.000";"0.000";"";"0";"https://www.parashop.tn/image/cache/catalog/produits/dermaceutic/dermaceutic-activ-retinol-10-serum-anti-age-intensif-30ml-600x315w.jpg";"Dermaceutic Activ Retinol 1.0 Serum Anti Age Intensif permet de rénover la qualité de l";"";"visage";"174.216";"-25%";"";"";"";"https://www.parashop.tn/visage/dermaceutic-activ-retinol-10-serum-anti-age-intensif-30ml"
"PS-DERMACEUTIC-ACTIBIOME-CR-FE4D7F";"";"DERMACEUTIC ACTIVABIOME Creme de Nuit 40ML";"0.000";"0.000";"93.600";"99.000";"5.769";"0.000";"";"0";"https://www.parashop.tn/image/cache/catalog/produits/dermaceutic/dermaceutic-activabiome-creme-de-nuit-40ml-600x315w.jpg";"DERMACEUTIC ACTIVABIOME Creme de Nuit est disponible au meilleur prix chez votre parapharmacie parashop tunisie. Livraison gratuite dès 99DT";"";"visage";"111.384";"-25%";"";"";"";"https://www.parashop.tn/visage/dermaceutic-actibiome-creme-de-nuit-peau-tendance-acneique-40ml"
"PS-DERMACEUTIC-ADVANCED-CLE-FA1A2A";"";"DERMACEUTIC ADVANCED CLEANSER MOUSSE NETTOYANTE 150ML";"0.000";"0.000";"56.400";"67.116";"19.000";"0.000";"";"0";"https://www.parashop.tn/image/cache/catalog/produits/dermaceutic/dermaceutic-advanced-cleanser-mousse-nettoyante-experte-600x315w.jpg";"DERMACEUTIC ADVANCED CLEANSER MOUSSE NETTOYANTE permet de nettoyer, de purifier, de démaquiller, à prix bas chez parashop tunisie";"";"visage";"121.023";"-25%";"";"";"";"https://www.parashop.tn/visage/dermaceutic-advanced-cleanser-mousse-nettoyante-experte"
"PS-DERMACEUTIC-C25-CREAM-CO-14F90D";"";"DERMACEUTIC C25 CREAM CONCENTRE ANTIOXYDANT 30ML";"0.000";"0.000";"94.958";"113.000";"19.000";"0.000";"";"0";"https://www.parashop.tn/image/cache/catalog/produits/dermaceutic/dermaceutic-c25-cream-concentre-antioxydant-30ml-600x315w.jpg";"DERMACEUTIC C25 CREAM CONCENTRE ANTIOXYDANT  véritable protecteur du vieillissement cutané. A prix bas chez parashop tunisie";"";"visage";"127.092";"-25%";"";"";"";"https://www.parashop.tn/visage/dermaceutic-c25-cream-concentre-antioxydant-30ml"
"PS-DERMACEUTIC-LIFT-SERUM-L-D9DFF7";"";"DERMACEUTIC DERMA LIFT 5.0 Serum Liftant Yeux";"0.000";"0.000";"102.000";"121.380";"19.000";"0.000";"";"0";"https://www.parashop.tn/image/cache/catalog/produits/dermaceutic/dermaceutic-lift-serum-liftant-contour-des-yeux-30ml-600x315w.jpg";"Derma lift 5.0 sérum liftant contour des yeux combat les rides d";"";"visage";"159.936";"-25%";"";"";"";"https://www.parashop.tn/visage/dermaceutic-lift-serum-liftant-contour-des-yeux-30ml"
"PS-DERMACEUTIC-FOAMER-15-MO-6F92E1";"";"DERMACEUTIC FOAMER 15 MOUSSE EXFOLIANTE INTENSE 100ML";"0.000";"0.000";"80.400";"95.676";"19.000";"0.000";"";"0";"https://www.parashop.tn/image/cache/data/images_produits/DERMACEUTIC/dermaceutic-foamer-15-mousse-exfoliante-intense-100ml-600x315w.jpg";"DERMACEUTIC FOAMER 15 MOUSSE EXFOLIANTE INTENSE exfolie efficacement la peau, à prix bas chez parashop tunisie";"";"visage";"99.000";"-25%";"";"";"";"https://www.parashop.tn/visage/dermaceutic-foamer-15-mousse-exfoliante-intense-100ml"
"PS-DERMACEUTIC-FOAMER-5-MOU-313E65";"";"DERMACEUTIC FOAMER 5 Mousse Exfoliante Douce 100ML";"0.000";"0.000";"79.200";"94.248";"19.000";"0.000";"";"0";"https://www.parashop.tn/image/cache/catalog/produits/dermaceutic/dermaceutic-foamer-5-mousse-exfoliante-douce-100ml-600x315w.jpg";"DERMACEUTIC FOAMER 5 Mousse exfoliante douce sert à éliminer les impuretés et purifier la peau. A prix bas chez parashop tunisie";"";"visage";"97.905";"-25%";"";"";"";"https://www.parashop.tn/visage/dermaceutic-foamer-5-mousse-exfoliante-100ml"
"PS-DERMACEUTIC-HYAL-CEUTIC--C1F1EE";"";"DERMACEUTIC HYAL CEUTIC CREME 40ML";"0.000";"0.000";"103.200";"122.808";"19.000";"0.000";"";"0";"https://www.parashop.tn/image/cache/catalog/produits/dermaceutic/dermaceutic-hyal-ceutic-creme-40ml-600x315w.jpg";"DERMACEUTIC HYAL CEUTIC CREME prévient le vieillissement prématuré de la peau. Au meilleur prix chez parashop tunisie";"";"visage";"125.664";"-25%";"";"";"";"https://www.parashop.tn/visage/dermaceutic-hyal-ceutic-creme-40ml"
"PS-DERMACEUTIC-LIGHT-CEUTIC-A9D96E";"";"DERMACEUTIC LIGHT CEUTIC CREME DE NUIT UNIFIANTE 40ML";"0.000";"0.000";"82.800";"98.532";"19.000";"0.000";"";"0";"https://www.parashop.tn/image/cache/catalog/produits/dermaceutic/dermaceutic-light-ceutic-creme-de-nuit-unifiante-40ml-600x315w.jpg";"DERMACEUTIC LIGHT CEUTIC CREME DE NUIT UNIFIANTE un régulateur pigmentaire donnant un teint unifié. Au meilleur prix chez parashop tunisie";"";"visage";"105.672";"-25%";"";"";"";"https://www.parashop.tn/visage/dermaceutic-light-ceutic-soin-de-nuit-40ml"
"PS-DERMACEUTIC-MASK-15-POT--A40858";"";"DERMACEUTIC MASK 15 MASQUE PURIFIANT 30ML";"0.000";"0.000";"105.600";"125.664";"19.000";"0.000";"";"0";"https://www.parashop.tn/image/cache/data/images_produits/DERMACEUTIC/dermaceutic-mask-15-pot-50ml-600x315w.jpg";"DERMACEUTIC MASK 15 élimine les cellules mortes, purifie les peaux mixtes et grasses. Au meilleur prix chez parashop tunisie";"";"visage";"127.092";"-25%";"";"";"";"https://www.parashop.tn/visage/dermaceutic-mask-15-pot-de-50-ml"
"PS-DERMACEUTIC-OXYBIOME-EAU-0BD81B";"";"DERMACEUTIC OXYBIOME EAU MICELLAIRE NETTOYANTE 400ML";"0.000";"0.000";"63.600";"75.684";"19.000";"0.000";"";"0";"https://www.parashop.tn/image/cache/catalog/produits/dermaceutic/dermaceutic-oxybiome-eau-micellaire-nettoyante-400ml-600x315w.jpg";"DERMACEUTIC OXYBIOME EAU MICELLAIRE NETTOYANTE idéal pour les imperfections cutanées et rougeurs. Au meilleur prix chez parashop tunisie";"";"visage";"80.825";"-25%";"";"";"";"https://www.parashop.tn/visage/dermaceutic-oxybiome-eau-micellaire-nettoyante-400ml"
"PS-DERMACEUTIC-PANTHENOL-CE-67E1A6";"";"DERMACEUTIC Panthenol Ceutic Baume Reparateur 30G";"0.000";"0.000";"57.600";"68.544";"19.000";"0.000";"";"0";"https://www.parashop.tn/image/cache/catalog/produits/dermaceutic/dermaceutic-panthenol-ceutic-baume-reparateur-30g-600x315w.jpg";"DERMACEUTIC Panthenol Ceutic Baume Reparateur permet de restaurer l";"";"visage";"99.000";"-25%";"";"";"";"https://www.parashop.tn/visage/dermaceutic-panthenol-ceutic-baume-reparateur-30g"
"PS-DERMACEUTIC-RADIANCE-CRE-845113";"";"DERMACEUTIC RADIANCE CREME ECLAIRCISSANTE 30ML";"0.000";"0.000";"100.800";"119.952";"19.000";"0.000";"";"0";"https://www.parashop.tn/image/cache/catalog/produits/dermaceutic/dermaceutic-radiance-creme-eclaircissante-30ml-600x315w.jpg";"éclaircissez votre peau avec DERMACEUTIC RADIANCE CREME ECLAIRCISSANTE, disponible chez parashop tunisie à prix bas";"";"visage";"0.000";"-25%";"";"";"";"https://www.parashop.tn/visage/dermaceutic-radiance-creme-eclaircissante-30ml"
"PS-DERMACEUTIC-SOIN-DE-NUIT-C6616F";"";"DERMACEUTIC TURNOVER 10 CREME DE NUIT 40ML";"0.000";"0.000";"88.800";"105.672";"19.000";"0.000";"";"0";"https://www.parashop.tn/image/cache/catalog/produits/dermaceutic/dermaceutic-turnover-10-creme-de-nuit-40ml-600x315w.jpg";"DERMACEUTIC TURNOVER 10 CREME DE NUIT élimine les résidus cellulaires et les cellules mortes. Au meilleur prix chez parashop tunisie";"";"visage";"0.000";"-25%";"";"";"";"https://www.parashop.tn/visage/dermaceutic-soin-de-nuit-turnover-40ml"
"PS-DERMACEUTIC-YELLOW-CREAM-A474D3";"";"DERMACEUTIC YELLOW CREAM CORRECTEUR ANTI TACHES 15ML";"0.000";"0.000";"88.800";"105.672";"19.000";"0.000";"";"0";"https://www.parashop.tn/image/cache/catalog/produits/dermaceutic/dermaceutic-yellow-cream-15ml-600x315w.jpg";"dermaceutic yellow cream concentre anti taches est un concentré dépigmentant à indiquer lors de traitements contre les hyperpigmentations et melasma.";"";"visage";"157.547";"-25%";"";"";"";"https://www.parashop.tn/visage/dermaceutic-yellow-cream-concentre-depigmentant-15ml"
"PS-DERMAGOR-ATOPICALM-SOIN--6E828F";"";"DERMAGOR ATOPICALM CREME NOURRISSANTE CORPS 250ML";"0.000";"0.000";"43.750";"99.000";"126.286";"0.000";"";"0";"https://www.parashop.tn/image/cache/data/images_produits/DERMAGOR/dermagor-atopicalm-soin-emollient-visage-corps-250-ml-600x315w.jpg";"DERMAGOR ATOPICALM CREME NOURRISSANTE CORPS à bas prix en tunisie sur parashop votre parapharmacie en ligne. Livraison gratuite dès 99DT";"";"visage";"0.000";"-25%";"";"";"";"https://www.parashop.tn/visage/dermagor-atopicalm-soin-emollient-visage-corps-250ml"
"PS-DERMAGOR-A70FAF";"";"Dermagor";"0.000";"0.000";"43.750";"52.062";"18.999";"0.000";"";"0";"https://www.parashop.tn/image/cache/data/marques/dermagor_logo-600x315w.jpg";"";"Dermagor DERMAGOR ATOPICALM CREME NOURRISSANTE CORPS 250ML DERMAGOR ATOPICALM CREME NOURRISSANTE CORPS 250ML - POUR TOUT";"marque";"79.968";"-25%";"";"";"";"https://www.parashop.tn/dermagor"
"PS-DERMAGOR-COLD-CREAM-SOIN-F62536";"";"DERMAGOR COLD CREAM SOIN ADOUCISSANT PEAUX SECHES 40ML";"0.000";"0.000";"24.800";"29.512";"19.000";"0.000";"";"0";"https://www.parashop.tn/image/cache/catalog/produits/dermagor/dermagor-cold-cream-soin-adoucissant-peaux-seches-40ml-600x315w.jpg";"DERMAGOR COLD CREAM est riche en actifs apaisants et nutritifs. Au meilleur prix chez parashop tunisie";"";"visage";"48.889";"-25%";"";"";"";"https://www.parashop.tn/visage/dermagor-cold-cream-soin-adoucissant-peaux-seches-40ml"
"PS-DERMAGOR-ERYCALM-LOTION--1EA29A";"";"DERMAGOR ERYCALM LOTION MICELLAIRE 400ML";"0.000";"0.000";"38.240";"45.506";"19.001";"0.000";"";"0";"https://www.parashop.tn/image/cache/catalog/produits/dermagor/dermagor-erycalm-lotion-micellaire-400-ml-600x315w.jpg";"DERMAGOR ERYCALM LOTION MICELLAIRE permet de nettoyer en toute douceur les peaux sensibles. Au meilleur prix chez parashop tunisie,";"";"visage";"73.815";"-25%";"";"";"";"https://www.parashop.tn/visage/dermagor-erycalm-lotion-micellaire-400-ml"
"PS-DERMAGOR-ERYCALM-SOIN-AP-2DC5E6";"";"DERMAGOR ERYCALM SOIN APAISANT 40ML";"0.000";"0.000";"38.528";"45.848";"18.999";"0.000";"";"0";"https://www.parashop.tn/image/cache/catalog/produits/dermagor/dermagor-erycalm-soin-apaisant-peaux-reactives-40ml-600x315w.jpg";"DERMAGOR ERYCALM SOIN APAISANT enrichi en actifs anti-inflammatoires et régénérants pour peaux réactives, à prix bas chez parashop tunisie";"";"visage";"60.600";"-25%";"";"";"";"https://www.parashop.tn/visage/dermagor-erycalm-soin-apaisant-peaux-reactives-40ml"
"PS-DERMAGOR-MES-ESSENTIELS--666A29";"";"DERMAGOR MES ESSENTIELS Creme Hydratante Legere 40ML";"0.000";"0.000";"33.869";"40.304";"19.000";"0.000";"";"0";"https://www.parashop.tn/image/cache/data/images_produits/DERMAGOR/dermagor-mes-essentiels-creme-hydratante-24h-legere-40ml-600x315w.jpg";"DERMAGOR MES ESSENTIELS Crème Hydratante legere pour les peaux normales à mixtes. Au meilleur prix chez parashop tunisie";"";"visage";"54.500";"-25%";"";"";"";"https://www.parashop.tn/visage/dermagor-mes-essentiels-creme-hydratante-24h-legere-40ml"
"PS-DERMAGOR-MES-ESSENTIELS--2E4E54";"";"DERMAGOR MES ESSENTIELS Creme Hydratante Riche 40ML";"0.000";"0.000";"40.800";"48.552";"19.000";"0.000";"";"0";"https://www.parashop.tn/image/cache/data/images_produits/DERMAGOR/dermagor-mes-essentiels-creme-hydratante-24h-riche-40ml-600x315w.jpg";"DERMAGOR MES ESSENTIELS Creme Hydratante Riche protège la peau de la déshydratation cutanée et de la pollution. *A prix bas chez parashop tunisie";"";"visage";"65.974";"-25%";"";"";"";"https://www.parashop.tn/visage/dermagor-mes-essentiels-creme-hydratante-24h-riche-40ml"
"PS-DERMAGOR-REPADERM-GEL-RE-DA15D4";"";"DERMAGOR REPADERM GEL REPARATEUR DERMIQUE 20ML";"0.000";"0.000";"22.300";"26.537";"19.000";"0.000";"";"0";"https://www.parashop.tn/image/cache/catalog/produits/dermagor/dermagor-repaderm-gel-reparateur-dermique-20ml-600x315w.jpg";"DERMAGOR REPADERM GEL REPARATEUR DERMIQUE lutte contre les lésions cutanées. Au meilleur prix chez parashop tunisie";"";"visage";"33.894";"-25%";"";"";"";"https://www.parashop.tn/visage/dermagor-repaderm-gel-reparateur-dermique-20ml"
"PS-DERMAGOR-SKIN-PLAST-CREM-97BB6E";"";"DERMAGOR SKIN PLAST Crème 40ML";"0.000";"0.000";"38.100";"45.339";"19.000";"0.000";"";"0";"https://www.parashop.tn/image/cache/catalog/produits/dermagor/dermagor-skin-plast-creme-50ml-600x315w.jpg";"DERMAGOR SKIN PLAST Crème est un soin anti-âge multi-correcteur des rides profondes et la fermeté cutanée. A prix bas chez parashop tunisie";"";"visage";"99.000";"-25%";"";"";"";"https://www.parashop.tn/visage/dermagor-skin-plast-creme-50ml"
"PS-DERMAGOR-SKIN-PLAST-SERU-3E20B2";"";"DERMAGOR SKIN PLAST SERUM FERMETE 30ML";"0.000";"0.000";"67.200";"79.968";"19.000";"0.000";"";"0";"https://www.parashop.tn/image/cache/data/images_produits/DERMAGOR/dermagor-skin-plast-serum-fermete-600x315w.jpg";"DERMAGOR SKIN PLAST SERUM lisse et raffermit l’épiderme pour retrouver une peau plus souple. Au meilleur prix chez parashop tunisie";"";"visage";"82.003";"-25%";"";"";"";"https://www.parashop.tn/visage/dermagor-skin-plast-serum-fermete"
"PS-DERMEDIC-MELUMIN-COFFRET-25A5CE";"";"DERMEDIC MELUMIN COFFRET ANTI TACHE";"0.000";"0.000";"78.000";"99.000";"26.923";"0.000";"";"0";"https://www.parashop.tn/image/cache/catalog/produits/dermedic/dermedic-melumin-coffret-anti-tache-600x315w.jpg";"DERMEDIC MELUMIN COFFRET ANTI TACHE est disponible au meilleur prix chez votre parapharmacie parashop tunisie. Livraison gratuite dès 99DT";"";"visage";"0.000";"-25%";"";"";"";"https://www.parashop.tn/visage/dermedic-melumin-coffret-anti-tache"
"PS-DERMEDIC-A8D51F";"";"DERMEDIC";"0.000";"0.000";"35.300";"42.007";"19.000";"0.000";"";"0";"https://www.parashop.tn/image/cache/data/marques/dermedic-logo-min-600x315w.jpg";"";"DERMEDIC DERMEDIC SUNBRELLA Creme Peaux Mixtes à Grasses SPF50+ DERMEDIC SUNBRELLA Peaux Mixtes à Grasses et SPF50+La Cr";"marque";"49.420";"-25%";"";"";"";"https://www.parashop.tn/dermedic"
"PS-DERMEDIC-MELUMIN-MOUSSE--F39391";"";"DERMEDIC MELUMIN MOUSSE NETTOYANTE ANTI AGE 170ML";"0.000";"0.000";"32.280";"99.000";"206.691";"0.000";"";"0";"https://www.parashop.tn/image/cache/catalog/produits/dermedic/dermedic-melumin-mousse-nettoyante-anti-age-170-ml-600x315w.jpg";"DERMEDIC MELUMIN MOUSSE NETTOYANTE ANTI AGE est disponible au meilleur prix chez votre parapharmacie parashop tunisie. Livraison gratuite dès 99DT";"";"visage";"0.000";"-25%";"";"";"";"https://www.parashop.tn/visage/dermedic-melumin-mousse-nettoyante-anti-age-170ml"
"PS-DERMEDIC-MELUMIN-SERUM-D-D3E707";"";"DERMEDIC MELUMIN SERUM DEPIGMENTANT ANTI AGE 30ML";"0.000";"0.000";"81.480";"99.000";"21.502";"0.000";"";"0";"https://www.parashop.tn/image/cache/catalog/produits/dermedic/dermedic-melumin-serum-depigmentant-anti-age-30ml-600x315w.jpg";"DERMEDIC MELUMIN SERUM DEPIGMENTANT ANTI AGE est disponible au meilleur prix chez votre parapharmacie parashop tunisie. Livraison gratuite dès 99DT";"";"visage";"0.000";"-25%";"";"";"";"https://www.parashop.tn/visage/dermedic-melumin-serum-depigmentant-anti-age-30ml"
"PS-DERMEDIC-NORMACNE-GEL-NE-87252B";"";"DERMEDIC NORMACNE Gel Nettoyant 200ML";"0.000";"0.000";"23.256";"27.675";"19.002";"0.000";"";"0";"https://www.parashop.tn/image/cache/data/images_produits/Dermedic/dermedic-normacne-gel-nettoyant-antibacterien-200ml-600x315w.jpg";"DERMEDIC NORMACNE Gel Nettoyant antibactérien pour le nettoyage quotidien des peaux mixtes et grasses, à prix bas chez parashop tunisie";"";"visage";"32.558";"-25%";"";"";"";"https://www.parashop.tn/visage/dermedic-normacne-gel-nettoyant-antibacterien-200ml"
"PS-DERMEDIC-NORMACNE-GEL-NE-B16BAE";"";"DERMEDIC NORMACNE Gel Nettoyant 500ML";"0.000";"0.000";"40.698";"48.431";"19.001";"0.000";"";"0";"https://www.parashop.tn/image/cache/catalog/produits/dermedic/dermedic-normacne-gel-nettoyant-antibacterien-500ml-600x315w.jpg";"DERMEDIC NORMACNE Gel Nettoyant pour le nettoyage quotidien des peaux mixtes et grasses. Au meilleur prix chez parashop tunisie";"";"visage";"56.977";"-25%";"";"";"";"https://www.parashop.tn/visage/dermedic-normacne-gel-nettoyant-antibacterien-500ml"
"PS-DERMEDIC-NORMACNE-MOUSSE-3B95BA";"";"DERMEDIC NORMACNE MOUSSE NETTOYANTE ANTI IMPERFECTIONS 170ML";"0.000";"0.000";"31.500";"99.000";"214.286";"0.000";"";"0";"https://www.parashop.tn/image/cache/catalog/produits/dermedic/dermedic-normacne-mousse-anti-imperfections-170-ml-600x315w.jpg";"DERMEDIC NORMACNE MOUSSE ANTI IMPERFECTIONS est disponible au meilleur prix chez votre parapharmacie parashop tunisie. Livraison gratuite dès 99DT";"";"visage";"120.573";"-25%";"";"";"";"https://www.parashop.tn/visage/dermedic-normacne-mousse-anti-imperfections-170ml"
"PS-DERMEDIC-OILAGE-ANTI-AGE-FDA3DA";"";"DERMEDIC OILAGE Anti Ageing Serum Antioxydant 30ML";"0.000";"0.000";"64.872";"77.198";"19.000";"0.000";"";"0";"https://www.parashop.tn/image/cache/catalog/produits/dermedic/dermedic-oilage-anti-ageing-serum-antioxydant-30ml-600x315w.jpg";"DERMEDIC OILAGE Anti-Ageing Serum Antioxydant stimule la régénération des cellules de la peau, au meilleur prix chez parashop tunisie";"";"visage";"90.821";"-25%";"";"";"";"https://www.parashop.tn/visage/dermedic-oilage-anti-ageing-serum-antioxydant-30ml"
"PS-DERMEDIC-OILAGE-ANTI-AGE-B310E0";"";"DERMEDIC OILAGE Creme Anti Rides Contour des Yeux";"0.000";"0.000";"27.438";"32.651";"18.999";"0.000";"";"0";"https://www.parashop.tn/image/cache/catalog/produits/dermedic/dermedic-oilage-anti-ageing-creme-anti-rides-yeux-15ml-600x315w.jpg";"DERMEDIC OILAGE Creme Anti rides Contour des Yeux revitalise la peau, réduit les cernes sous les yeux, lisse même les rides profondes.";"";"visage";"38.413";"-25%";"";"";"";"https://www.parashop.tn/visage/dermedic-oilage-anti-ageing-creme-anti-rides-yeux"
"PS-DERMEDIC-OILAGE-ANTI-AGE-9AFB12";"";"DERMEDIC OILAGE Creme de Jour Nourrissante Anti Age 50ML";"0.000";"0.000";"66.198";"78.776";"19.001";"0.000";"";"0";"https://www.parashop.tn/image/cache/catalog/produits/dermedic/dermedic-oilage-creme-jour-nourrissante-repulpante-50ml-600x315w.jpg";"DERMEDIC OILAGE Creme de Jour pour rides d";"";"visage";"92.677";"-25%";"";"";"";"https://www.parashop.tn/visage/dermedic-oilage-Anti-ageing-creme-jour-nourrissante-repulpante-50ml"
"PS-DERMEDIC-OILAGE-ANTI-AGE-4DB76B";"";"DERMEDIC OILAGE Creme de Nuit Reparatrice Anti Age 50ML";"0.000";"0.000";"65.224";"77.616";"18.999";"0.000";"";"0";"https://www.parashop.tn/image/cache/catalog/produits/dermedic/dermedic-oilage-anti-ageing-creme-nuit-reparatrice-repulpante-50ml-600x315w.jpg";"DERMEDIC OILAGE Creme de nuit restaure fermeté, hydratation, densité, épaisseur, élasticité et douceur. A prix bas chez parashop tunisie";"";"visage";"91.313";"-25%";"";"";"";"https://www.parashop.tn/visage/dermedic-oilage-anti-ageing-creme-nuit-reparatrice-repulpante-50ml"
"PS-DERMEDIC-OILAGE-ANTI-AGE-C9230A";"";"DERMEDIC OILAGE Syndet Huileux Nettoyant Anti-age 200ML";"0.000";"0.000";"38.250";"45.518";"19.001";"0.000";"";"0";"https://www.parashop.tn/image/cache/catalog/produits/dermedic/dermedic-oilage-syndet-huileux-nettoyant-anti-age-300ml-600x315w.jpg";"DERMEDIC OILAGE Syndet Huileux Nettoyant Anti Age régénére l";"";"visage";"53.550";"-25%";"";"";"";"https://www.parashop.tn/visage/dermedic-oilage-anti-Ageing-syndet-huileux-nettoyant-anti-age-300ml"
"PS-DUCRAY-DEXYANE-BAUME-EMO-26466F";"";"DUCRAY DEXYANE BAUME EMOLLIENT ANTI GRATTAGE 200ML";"0.000";"0.000";"43.950";"52.300";"18.999";"0.000";"";"0";"https://www.parashop.tn/image/cache/catalog/produits/ducray/ducray-dexyane-baume-emollient-anti-grattage-200ml-600x315w.jpg";"ducray dexyane baume émollient anti grattage le soin quotidien idéal pour les peaux très sèches avec eczéma atopique. a prix bas tunisie chez parashop";"";"visage";"56.712";"-25%";"";"";"";"https://www.parashop.tn/visage/ducray-dexyane-baume-emollient-anti-grattage-200ml"
"PS-DUCRAY-DEXYANE-GEL-NETTO-6754C7";"";"DUCRAY DEXYANE GEL NETTOYANT SURGRAS 400ML";"0.000";"0.000";"45.597";"54.260";"18.999";"0.000";"";"0";"https://www.parashop.tn/image/cache/catalog/produits/ducray/ducray-dexyane-gel-nettoyant-surgras-400ml-600x315w.jpg";"DUCRAY DEXYANE GEL NETTOYANT SURGRAS est un gel riche, rinçable, anti-irritant et apaisant. Disponible au meilleur prix chez parashop tunisie";"";"visage";"58.846";"-25%";"";"";"";"https://www.parashop.tn/visage/ducray-dexyane-gel-nettoyant-surgras-400ml"
"PS-DUCRAY-DEXYANE-MED-PALPE-D6C684";"";"DUCRAY DEXYANE MED Palpébral Eczéma des paupières 15ML";"0.000";"0.000";"29.506";"35.112";"19.000";"0.000";"";"0";"https://www.parashop.tn/image/cache/catalog/produits/ducray/ducray-dexyane-med-palpebral-15-ml-600x315w.jpg";"DUCRAY DEXYANE MED Palpébral Eczéma des paupières calme les lésions inflammatoires d’eczéma des paupières. Au meilleur prix tunisie chez parashop";"";"visage";"72.314";"-25%";"";"";"";"https://www.parashop.tn/visage/ducray-dexyane-med-palpebral"
"PS-DUCRAY-ICTYANE-CREME-EMO-4BC55D";"";"DUCRAY ICTYANE CREME EMOLLIENTE NUTRITIVE 200ML";"0.000";"0.000";"38.155";"99.000";"159.468";"0.000";"";"0";"https://www.parashop.tn/image/cache/catalog/produits/ducray/ducray-ictyane-creme-emolliente-nutritive-200ml-600x315w.jpg";"DUCRAY ICTYANE CREME EMOLLIENTE NUTRITIVE est disponible au meilleur prix chez votre parapharmacie parashop tunisie. Livraison gratuite dès 99DT";"";"visage";"0.000";"-25%";"";"";"";"https://www.parashop.tn/visage/ducray-ictyane-creme-emolliente-nutritive-200ml"
"PS-DUCRAY-KELUAL-DS-CREME-A-1A8A1B";"";"DUCRAY KELUAL DS Creme Apaisante 40ML";"0.000";"0.000";"29.804";"35.467";"19.001";"0.000";"";"0";"https://www.parashop.tn/image/cache/catalog/produits/ducray/ducray-kelual-ds-creme-apaisante-40ml-600x315w.jpg";"DUCRAY KELUAL DS Creme Apaisante pour les peaux irritées présentant des rougeurs et des squames. Au meilleur prix chez parashop tunisie";"";"visage";"36.271";"-25%";"";"";"";"https://www.parashop.tn/visage/ducray-kelual-ds-creme-apaisante-40ml"
"PS-DUCRAY-KELUAL-DS-GEL-NET-43AF1E";"";"DUCRAY KELUAL DS GEL NETTOYANT ANTI SQUAMES 200ML";"0.000";"0.000";"41.531";"99.000";"138.376";"0.000";"";"0";"https://www.parashop.tn/image/cache/catalog/produits/ducray/ducray-kelual-ds-gel-nettoyant-anti-squames-200ml-600x315w.jpg";"DUCRAY KELUAL DS GEL NETTOYANT ANTI-SQUAMES à bas prix en tunisie sur parashop votre parapharmacie en ligne. Livraison gratuite dès 99DT";"";"visage";"118.488";"-25%";"";"";"";"https://www.parashop.tn/visage/ducray-kelual-ds-gel-nettoyant-anti-squames-200ml"
"PS-DUCRAY-KERACNYL-PP-CREME-41EFF8";"";"DUCRAY KERACNYL PP+ Soin Anti Imperfections 30ML";"0.000";"0.000";"37.580";"44.720";"18.999";"0.000";"";"0";"https://www.parashop.tn/image/cache/catalog/produits/ducray/ducray-keracnyl-pp-soin-anti-imperfections-30ml-600x315w.jpg";"ducray keracnyl pp+ favorise la diminution des boutons enflammés et la tolérance des traitements médicamenteux. a prix bas tunisie chez parashop";"";"visage";"49.688";"-25%";"";"";"";"https://www.parashop.tn/visage/ducray-keracnyl-pp-creme-apaisante-anti-imperfections-30ml"
"PS-DUCRAY-MELASCREEN-CONCEN-9135B2";"";"DUCRAY MELASCREEN Concentre anti taches 30ML";"0.000";"0.000";"100.616";"99.000";"0.000";"0.000";"";"0";"https://www.parashop.tn/image/cache/catalog/produits/ducray/ducray-melascreen-concentre-antitaches-30ml-600x315w.jpg";"DUCRAY MELASCREEN Concentre anti taches est disponible au meilleur prix chez votre parapharmacie parashop tunisie. Livraison gratuite dès 99DT";"";"visage";"119.733";"-25%";"";"";"";"https://www.parashop.tn/visage/ducray-melascreen-concentre-antitaches-30ml"
"PS-DUCRAY-MELASCREEN-CONTOU-C28088";"";"DUCRAY MELASCREEN Contour des yeux anti taches 15ML";"0.000";"0.000";"92.400";"99.000";"7.143";"0.000";"";"0";"https://www.parashop.tn/image/cache/catalog/produits/ducray/ducray-melascreen-contour-yeux-antitaches-15ml-600x315w.jpg";"DUCRAY MELASCREEN Contour des yeux anti taches est disponible au meilleur prix chez votre parapharmacie parashop tunisie. Livraison gratuite dès 99DT";"";"visage";"109.956";"-25%";"";"";"";"https://www.parashop.tn/visage/ducray-melascreen-contour-yeux-antitaches-15ml"
"PS-DUCRAY-MELASCREEN-CREME--F3832F";"";"DUCRAY MELASCREEN Creme anti taches SPF50+ 50ML";"0.000";"0.000";"45.905";"99.000";"115.663";"0.000";"";"0";"https://www.parashop.tn/image/cache/catalog/produits/ducray/ducray-melascreen-creme-antitaches-protectrice-spf50-50ml-600x315w.jpg";"DUCRAY MELASCREEN Creme anti taches SPF50+ 50ML à bas prix en tunisie sur parashop votre parapharmacie en ligne. Livraison gratuite dès 99DT";"";"visage";"0.000";"-25%";"";"";"";"https://www.parashop.tn/visage/ducray-melascreen-creme-antitaches-protectrice-spf50-50ml"
"PS-DUCRAY-MELASCREEN-SERUM--A1AFF8";"";"DUCRAY MELASCREEN SERUM ANTI TACHES ECLAT 40ML";"0.000";"0.000";"98.152";"99.000";"0.864";"0.000";"";"0";"https://www.parashop.tn/image/cache/catalog/produits/ducray/ducray-melascreen-serum-antitaches-eclat-40ml-600x315w.jpg";"DUCRAY MELASCREEN SERUM ANTI TACHES ECLAT est disponible au meilleur prix chez votre parapharmacie parashop tunisie. Livraison gratuite dès 99DT";"";"visage";"116.801";"-25%";"";"";"";"https://www.parashop.tn/visage/ducray-melascreen-serum-antitaches-eclat-40ml"
"PS-ECRINAL-GEL-FORTIFIANT-C-2B5B0C";"";"ECRINAL GEL FORTIFIANT CILS et SOURCILS A L’ANP 2+";"0.000";"0.000";"35.753";"42.546";"19.000";"0.000";"";"0";"https://www.parashop.tn/image/cache/data/images_produits/ECRINAL/ecrinal-gel-fortifiant-cils-et-sourcils-lanp-2-600x315w.jpg";"ECRINAL GEL FORTIFIANT CILS et SOURCILS est recomandé aux cils et sourcils trop courts ou déficients. A prix bas chez parashop tunisie";"";"visage";"118.810";"-25%";"";"";"";"https://www.parashop.tn/visage/ecrinal-gel-fortifiant-cils-et-sourcils-lanp-2"
"PS-ENDOCARE-AQUAFOAM-MOUSSE-A9AD32";"";"ENDOCARE AQUAFOAM MOUSSE 125ML";"0.000";"0.000";"34.958";"99.000";"183.197";"0.000";"";"0";"https://www.parashop.tn/image/cache/catalog/produits/cantabria-lab/endocare-aquafoam-mousse-125ml-600x315w.jpg";"ENDOCARE AQUAFOAM MOUSSE est disponible au meilleur prix chez votre parapharmacie parashop tunisie. Livraison gratuite dès 99DT";"";"visage";"0.000";"-25%";"";"";"";"https://www.parashop.tn/visage/endocare-aquafoam-mousse-125ml"
"PS-ENDOCARE-ENDOCARE-HYDRAC-C47B42";"";"ENDOCARE HYDRACTIVE Solution Micellaraire 400ML";"0.000";"0.000";"32.269";"99.000";"206.796";"0.000";"";"0";"https://www.parashop.tn/image/cache/catalog/produits/cantabria-lab/endocare-endocare-hydractive-solution-micellaraire-400ml-600x315w.jpg";"ENDOCARE HYDRACTIVE Solution Micellaraire est disponible au meilleur prix chez votre parapharmacie parashop tunisie. Livraison gratuite dès 99DT";"";"visage";"0.000";"-25%";"";"";"";"https://www.parashop.tn/visage/endocare-endocare-hydractive-solution-micellaraire-400ml"
"PS-ENDOCARE-RADIANCE-CONTOU-7C14A6";"";"ENDOCARE RADIANCE CONTOUR YEUX 15ML";"0.000";"0.000";"86.050";"99.000";"15.049";"0.000";"";"0";"https://www.parashop.tn/image/cache/catalog/produits/cantabria-lab/endocare-radiance-contour-yeux-15ml-600x315w.jpg";"Commander ENDOCARE RADIANCE CONTOUR YEUX à bas prix en tunisie sur parashop votre parapharmacie en ligne. Livraison gratuite dès 99DT";"";"visage";"102.400";"-25%";"";"";"";"https://www.parashop.tn/visage/endocare-radiance-contour-yeux-15ml"
"PS-ENDOCARE-TENSAGE-CREAM-5-DA0AAB";"";"ENDOCARE TENSAGE CREAM 50ML";"0.000";"0.000";"70.588";"99.000";"40.250";"0.000";"";"0";"https://www.parashop.tn/image/cache/catalog/produits/cantabria-lab/endocare-tensage-cream-50ml-600x315w.jpg";"ENDOCARE TENSAGE CREAM est disponible au meilleur prix chez votre parapharmacie parashop tunisie. Livraison gratuite dès 99DT";"";"visage";"103.639";"-25%";"";"";"";"https://www.parashop.tn/visage/endocare-tensage-cream-50ml"
"PS-ENDOCARE-TENSAGE-SERUM-3-627937";"";"ENDOCARE TENSAGE SERUM 30ML";"0.000";"0.000";"67.227";"99.000";"47.262";"0.000";"";"0";"https://www.parashop.tn/image/cache/catalog/produits/cantabria-lab/endocare-tensage-serum-30ml-600x315w.jpg";"ENDOCARE TENSAGE SERUM est disponible au meilleur prix chez votre parapharmacie parashop tunisie. Livraison gratuite dès 99DT";"";"visage";"113.670";"-25%";"";"";"";"https://www.parashop.tn/visage/endocare-tensage-serum-30ml"
"PS-ENEOMEY-DAYLIGHT-C20-30M-DABBF6";"";"ENEOMEY DAYLIGHT C20 30ML";"0.000";"0.000";"155.193";"184.680";"19.000";"0.000";"";"0";"https://www.parashop.tn/image/cache/catalog/produits/eneomey/eneomey-daylight-c20-30ml-600x315w.jpg";"Donnez un véritable coup d";"";"visage";"0.000";"-25%";"";"";"";"https://www.parashop.tn/visage/eneomey-daylight-c20-30ml"
"PS-ENEOMEY-HYALURONIC-MASQU-88FD38";"";"ENEOMEY HYALURONIC MASQUE";"0.000";"0.000";"33.630";"99.000";"194.380";"0.000";"";"0";"https://www.parashop.tn/image/cache/catalog/produits/eneomey/eneomey-hyaluronic-masque-600x315w.jpg";"ENEOMEY HYALURONIC MASQUE est disponible au meilleur prix chez votre parapharmacie parashop tunisie. Livraison gratuite dès 99DT";"";"visage";"142.475";"-25%";"";"";"";"https://www.parashop.tn/visage/eneomey-hyaluronic-masque"
"PS-ENEOMEY-575204";"";"ENEOMEY";"0.000";"0.000";"144.000";"171.360";"19.000";"0.000";"";"0";"https://www.parashop.tn/image/cache/catalog/marques/eneomey-logo-min-600x315w.jpg";"";"ENEOMEY ENEOMEY TROUSSE DUO HYDRATANT ET NOURRISSANT ENEOMEY TROUSSE DUO HYDRATANT ET NOURRISSANTENEOMEY TROUSSE DUO HYD";"marque";"214.200";"-25%";"";"";"";"https://www.parashop.tn/eneomey"
"PS-ENEOMEY-LIGHT-RENEW-GEL--FC9D77";"";"ENEOMEY LIGHT RENEW GEL 30ML";"0.000";"0.000";"137.143";"163.200";"19.000";"0.000";"";"0";"https://www.parashop.tn/image/cache/catalog/produits/eneomey/eneomey-light-renew-gel-30ml-600x315w.jpg";"Bénéficiez de résultats visibles sur votre peau dès 3 semaines avec ENEOMEY LIGHT RENEW GEL. Disponible chez parashop tunisie à prix bas";"";"visage";"184.680";"-25%";"";"";"";"https://www.parashop.tn/visage/eneomey-light-renew-gel-30ml"
"PS-ENEOMEY-PURIFY-MASQUE-10-8FCB36";"";"ENEOMEY PURIFY MASQUE 10 50ML";"0.000";"0.000";"102.504";"121.980";"19.000";"0.000";"";"0";"https://www.parashop.tn/image/cache/catalog/produits/eneomey/eneomey-purify-masque-10-50-ml-600x315w.jpg";"Purifiez votre peau en seulement 2 minutes avec ENEOMEY PURIFY MASQUE 10, disponible au meileur prix tunisie chez parashop";"";"visage";"184.680";"-25%";"";"";"";"https://www.parashop.tn/visage/eneomey-purify-masque-10-50ml"
"PS-ENEOMEY-REPAIR-CREAM-50M-CC0380";"";"ENEOMEY REPAIR CREAM 50ML";"0.000";"0.000";"53.506";"99.000";"85.026";"0.000";"";"0";"https://www.parashop.tn/image/cache/catalog/produits/eneomey/eneomey-repair-cream-50ml-600x315w.jpg";"ENEOMEY REPAIR CREAM est disponible au meilleur prix chez votre parapharmacie parashop tunisie. Livraison gratuite dès 99DT";"";"visage";"131.302";"-25%";"";"";"";"https://www.parashop.tn/visage/eneomey-repair-cream-50ml"
"PS-ENEOMEY-STIM-RENEW-15-50-D44DC0";"";"ENEOMEY STIM RENEW 15 50ML";"0.000";"0.000";"145.916";"173.640";"19.000";"0.000";"";"0";"https://www.parashop.tn/image/cache/catalog/produits/eneomey/eneomey-stim-renew-15-50ml-600x315w.jpg";"Reduire les signes de vieillissement cutane avec ENEOMEY STIM RENEW 15 disponible au meilleur prix en tunisie chez parashop";"";"visage";"184.680";"-25%";"";"";"";"https://www.parashop.tn/visage/eneomey-stim-renew-15-50ml"
"PS-ESTHELLE-CICAPLAIE-A2-CR-34655B";"";"ESTHELLE CICAPLAIE A2 CREME CICATRISANTE 15G";"0.000";"0.000";"12.701";"99.000";"679.466";"0.000";"";"0";"https://www.parashop.tn/image/cache/catalog/produits/esthelle/esthelle-cicaplaie-a2-creme-cicatrisante-15-g-600x315w.jpg";"ESTHELLE CICAPLAIE A2 CREME CICATRISANTE 15 est disponible au meilleur prix chez votre parapharmacie parashop tunisie. Livraison gratuite dès 99DT";"";"visage";"0.000";"-25%";"";"";"";"https://www.parashop.tn/visage/esthelle-cicaplaie-a2-creme-cicatrisante-15-g"
"PS-ESTHELLE-CICAPLAIE-A2-CR-41DE2C";"";"ESTHELLE CICAPLAIE A2 CREME CICATRISATION ET BRULURE 50G";"0.000";"0.000";"27.269";"99.000";"263.050";"0.000";"";"0";"https://www.parashop.tn/image/cache/catalog/produits/esthelle/esthelle-cicaplaie-a2-creme-cicatrisation-et-brulure-50g-600x315w.jpg";"ESTHELLE CICAPLAIE A2 CREME CICATRISATION ET BRULURE  est disponible au meilleur prix chez votre parapharmacie parashop tunisie. Livraison gratuite dès 99DT";"";"visage";"0.000";"-25%";"";"";"";"https://www.parashop.tn/visage/esthelle-cicaplaie-a2-creme-cicatrisation-et-brulure-50g"
"PS-ESTHELLE-CICAPLAIE-CREME-A6B211";"";"ESTHELLE CICAPLAIE CREME CICATRISANTE SPF50+ 20G";"0.000";"0.000";"21.772";"99.000";"354.712";"0.000";"";"0";"https://www.parashop.tn/image/cache/catalog/produits/esthelle/esthelle-cicaplaie-creme-cicatrisante-spf50-20g-600x315w.jpg";"Protegez votre peau irritée avec ESTHELLE CICAPLAIE CREME CICATRISANTE SPF50+ à bas prix en tunisie sur parashop votre parapharmacie en ligne. Livraison gratuite dès 99DT";"";"visage";"0.000";"-25%";"";"";"";"https://www.parashop.tn/visage/esthelle-cicaplaie-creme-cicatrisante-spf50-20g"
"PS-ESTHELLE-CLARYTEINT-C-MA-AAA73F";"";"ESTHELLE CLARYTEINT C MASQUE DEPIGMENTANT 50Gr";"0.000";"0.000";"53.026";"99.000";"86.701";"0.000";"";"0";"https://www.parashop.tn/image/cache/catalog/produits/esthelle/esthelle-claryteint-c-masque-50gr-600x315w.jpg";"ESTHELLE CLARYTEINT C MASQUE DEPIGMENTANT  est disponible au meilleur prix chez votre parapharmacie parashop tunisie. Livraison gratuite dès 99DT";"";"visage";"214.200";"-25%";"";"";"";"https://www.parashop.tn/visage/esthelle-claryteint-c-masque-depigmentant-50gr"
"PS-ESTHELLE-CLARYTEINT-C-SE-0E8671";"";"ESTHELLE CLARYTEINT C-SERUM DEPIGMENTANT 30GR";"0.000";"0.000";"48.480";"99.000";"104.208";"0.000";"";"0";"https://www.parashop.tn/image/cache/catalog/produits/esthelle/esthelle-claryteint-c-serum-depigmentant-30gr-600x315w.jpg";"ESTHELLE CLARYTEINT C-SERUM DEPIGMENTANT est disponible au meilleur prix chez votre parapharmacie parashop tunisie. Livraison gratuite dès 99DT";"";"visage";"0.000";"-25%";"";"";"";"https://www.parashop.tn/visage/esthelle-claryteint-c-serum-depigmentant-30gr"
"PS-ESTHELLE-DERMIXA-A2-0D02AD";"";"ESTHELLE DERMIXA Gel Brulures et Cicatrices";"0.000";"0.000";"43.545";"51.819";"19.001";"0.000";"";"0";"https://www.parashop.tn/image/cache/catalog/produits/esthelle/esthelle-dermixa-gel-600x315w.jpg";"ESTH";"";"visage";"73.815";"-25%";"";"";"";"https://www.parashop.tn/visage/esthelle-dermixa-a2"
"PS-EUCERIN-ANTI-PIGMENT-COR-6C8055";"";"EUCERIN ANTI PIGMENT Correcteur de taches";"0.000";"0.000";"72.410";"86.168";"19.000";"0.000";"";"0";"https://www.parashop.tn/image/cache/catalog/produits/eucerin/eucerin-anti-pigment-correcteur-taches-600x315w.jpg";"Eucerin Anti Pigment correcteur de taches Réduit efficacement les taches et empêche leur réapparition. Disponible au meilleur prix chez parashop tunisie";"";"visage";"103.673";"-25%";"";"";"";"https://www.parashop.tn/visage/eucerin-anti-pigment-correcteur-de-taches"
"PS-EUCERIN-ANTI-PIGMENT-GEL-95456D";"";"EUCERIN ANTI PIGMENT GEL NETTOYANT 200ML";"0.000";"0.000";"45.785";"99.000";"116.228";"0.000";"";"0";"https://www.parashop.tn/image/cache/catalog/produits/eucerin/eucerin-anti-pigment-gel-nettoyant-200ml-600x315w.jpg";"EUCERIN ANTI PIGMENT GEL NETTOYANT est disponible au meilleur prix chez votre parapharmacie parashop tunisie. Livraison gratuite dès 99DT";"";"visage";"120.720";"-25%";"";"";"";"https://www.parashop.tn/visage/eucerin-anti-pigment-gel-nettoyant-200ml"
"PS-EUCERIN-2896DB";"";"EUCERIN";"0.000";"0.000";"72.410";"86.168";"19.000";"0.000";"";"0";"https://www.parashop.tn/image/cache/data/marques/eucerin-logo-min-600x315w.jpg";"";"EUCERIN EUCERIN ANTI PIGMENT Correcteur de taches EUCERIN ANTI PIGMENT Correcteur de taches Eucerin Anti Pigment Le corr";"marque";"216.692";"-25%";"";"";"";"https://www.parashop.tn/eucerin"
"PS-EUCERIN-ANTI-PIGMENT-SER-81402B";"";"EUCERIN ANTI PIGMENT Sérum Duo";"0.000";"0.000";"182.094";"216.692";"19.000";"0.000";"";"0";"https://www.parashop.tn/image/cache/catalog/produits/eucerin/eucerin-anti-pigment-serum-duo-600x315w.jpg";"Eucerin Anti Pigment le Serum Duo double action pour une peau uniforme et éclatante. Dispobible au meilleur prix chez parashop tunisie";"";"visage";"0.000";"-25%";"";"";"";"https://www.parashop.tn/visage/eucerin-anti-pigment-serum-duo"
"PS-EUCERIN-ANTI-PIGMENT-SER-0013FB";"";"EUCERIN ANTI PIGMENT SERUM ECLAT 30ML";"0.000";"0.000";"127.872";"152.168";"19.000";"0.000";"";"0";"https://www.parashop.tn/image/cache/catalog/produits/eucerin/eucerin-anti-pigment-serum-eclat-30-ml-600x315w.jpg";"EUCERIN ANTI PIGMENT SERUM ECLAT pour favoriser l";"";"visage";"0.000";"-25%";"";"";"";"https://www.parashop.tn/visage/eucerin-anti-pigment-serum-eclat-30ml"
"PS-EUCERIN-ANTI-PIGMENT-SOI-C806E5";"";"EUCERIN ANTI PIGMENT Soin Contour des Yeux 15ML";"0.000";"0.000";"114.233";"99.000";"0.000";"0.000";"";"0";"https://www.parashop.tn/image/cache/catalog/produits/eucerin/eucerin-anti-pigment-soin-contour-des-yeux-15-ml-600x315w.jpg";"EUCERIN ANTI PIGMENT Soin Contour des Yeux est disponible au meilleur prix chez votre parapharmacie parashop tunisie. Livraison gratuite dès 99DT";"";"visage";"135.937";"-25%";"";"";"";"https://www.parashop.tn/visage/eucerin-anti-pigment-soin-contour-des-yeux-15ml"
"PS-EUCERIN-ANTI-PIGMENT-SOI-D1F719";"";"EUCERIN ANTI PIGMENT Soin de Jour SPF30 50ML";"0.000";"0.000";"91.477";"108.858";"19.000";"0.000";"";"0";"https://www.parashop.tn/image/cache/catalog/produits/eucerin/eucerin-anti-pigment-soin-de-jour-spf30-50ml-600x315w.jpg";"Eucerin ANTI-PIGMENT Soin de Jour SPF30 Une crème hydratante avec protection UVA/UVB pour une peau uniforme. Au meilleur prix chez parashop tunisie";"";"visage";"216.692";"-25%";"";"";"";"https://www.parashop.tn/visage/eucerin-anti-pigment-soin-de-jour-spf30"
"PS-EUCERIN-ANTI-PIGMENT-SOI-7053F0";"";"EUCERIN ANTI PIGMENT Soin de Nuit";"0.000";"0.000";"95.946";"114.176";"19.000";"0.000";"";"0";"https://www.parashop.tn/image/cache/catalog/produits/eucerin/eucerin-anti-pigment-soin-de-nuit-50ml-600x315w.jpg";"Eucerin Anti Pigment soin de nuit Réduit les taches brunes et empêche leur réapparition, disponible chez parashop tunisie au meilur prix";"";"visage";"0.000";"-25%";"";"";"";"https://www.parashop.tn/visage/eucerin-anti-pigment-soin-de-nuit"
"PS-EUCERIN-AQUAPHOR-REPARAT-B347B1";"";"Eucerin Aquaphor Réparateur Lèvres SOS";"0.000";"0.000";"19.693";"23.435";"19.002";"0.000";"";"0";"https://www.parashop.tn/image/cache/data/images_produits/EUCERIN/eucerin-aquaphor-reparateur-levres-sos-600x315w.jpg";"Eucerin Aquaphor Réparateur Lèvres SOS apaise et protège les lèvres sèches, crevassées et gercées. Disponible au meillur prix che parashop tunisie";"";"visage";"54.264";"-25%";"";"";"";"https://www.parashop.tn/visage/eucerin-aquaphor-reparateur-levres-sos"
"PS-EUCERIN-DERMATOCLEAN-HYA-49055A";"";"Eucerin DermatoCLEAN HYALURON Eau Micellaire 3en1 200ML";"0.000";"0.000";"24.316";"28.936";"19.000";"0.000";"";"0";"https://www.parashop.tn/image/cache/catalog/produits/eucerin/eucerin-dermatoclean-hyaluron-eau-micellaire-3en1-600x315w.jpg";"Eucerin DermatoClean Hyaluron Eau Micellaire 3en1 élimine les impuretés et le maquillage waterproof. Disponible chez parashop tunisie à prix bas";"";"visage";"113.000";"-25%";"";"";"";"https://www.parashop.tn/visage/eucerin-dermatoclean-hyaluron-eau-micellaire-3en1-200ml"
"PS-EUCERIN-DERMATOCLEAN-HYA-659593";"";"Eucerin DermatoCLEAN HYALURON Mousse Micellaire 150ML";"0.000";"0.000";"29.332";"34.905";"19.000";"0.000";"";"0";"https://www.parashop.tn/image/cache/catalog/produits/eucerin/eucerin-dermatoclean-hyaluron-mousse-micellaire-150ml-600x315w.jpg";"vous aimez un nettoyant qui hydrate la peau, eucerin dermatoclean hyaluron mousse micellaire nettoie la peau en douceur. chez parashop tunisie à prix bas";"";"visage";"80.919";"-25%";"";"";"";"https://www.parashop.tn/visage/eucerin-dermatoclean-hyaluron-mousse-micellaire-150ml"
"PS-EUCERIN-DERMOPURE-GEL-NE-5302FB";"";"EUCERIN DERMOPURE CLINICAL Gel Nettoyant 200ML";"0.000";"0.000";"36.189";"43.065";"19.000";"0.000";"";"0";"https://www.parashop.tn/image/cache/catalog/produits/eucerin/eucerin-dermopure-clinical-gel-nettoyant-200ml-600x315w.jpg";"EUCERIN DERMOPURE CLINICAL Gel Nettoyant élimine en douceur l";"";"visage";"65.485";"-25%";"";"";"";"https://www.parashop.tn/visage/eucerin-dermopure-gel-nettoyant-200ml"
"PS-EUCERIN-DERMOPURE-CLINIC-33F4E6";"";"EUCERIN DERMOPURE CLINICAL GEL NETTOYANT CORRECTEUR 150ML";"0.000";"0.000";"36.293";"99.000";"172.780";"0.000";"";"0";"https://www.parashop.tn/image/cache/catalog/produits/eucerin/eucerin-dermopure-clinical-gel-nettoyant-correcteur-150ml-600x315w.jpg";"Commandez EUCERIN DERMOPURE CLINICAL GEL NETTOYANT CORRECTEUR à bas prix en tunisie sur parashop votre parapharmacie en ligne. Livraison gratuite dès 99DT";"";"visage";"0.000";"-25%";"";"";"";"https://www.parashop.tn/visage/eucerin-dermopure-clinical-gel-nettoyant-correcteur-150ml"
"PS-EUCERIN-DERMOPURE-GEL-NE-E1D28D";"";"EUCERIN DERMOPURE GEL NETTOYANT TRIPLE ACTION 150ML";"0.000";"0.000";"34.241";"99.000";"189.127";"0.000";"";"0";"https://www.parashop.tn/image/cache/catalog/produits/eucerin/eucerin-dermopure-gel-nettoyant-triple-action-150ml-600x315w.jpg";"EUCERIN DERMOPURE GEL NETTOYANT TRIPLE ACTION est disponible au meilleur prix chez votre parapharmacie parashop tunisie. Livraison gratuite dès 99DT";"";"visage";"0.000";"-25%";"";"";"";"https://www.parashop.tn/visage/eucerin-dermopure-gel-nettoyant-triple-action-150ml"
"PS-EUCERIN-DERMOPURE-GOMMAG-40F507";"";"EUCERIN DermoPure Gommage - 100ML";"0.000";"0.000";"34.241";"40.747";"19.001";"0.000";"";"0";"https://www.parashop.tn/image/cache/catalog/produits/eucerin/eucerin-dermopure-gommage-100ml-600x315w.jpg";"Eucerin DermoPure Gommage pour peau à tendance acnéique enrichi en microparticules qui affinent les pores, au meilleur prix tunisie chez parashop";"";"visage";"86.168";"-25%";"";"";"";"https://www.parashop.tn/visage/eucerin-dermopure-gommage"
"PS-EUCERIN-DERMOPURE-HYDRA--75299A";"";"EUCERIN DermoPure HYDRA Crème Compensatrice Apaisante";"0.000";"0.000";"48.206";"57.366";"19.002";"0.000";"";"0";"https://www.parashop.tn/image/cache/catalog/produits/eucerin/eucerin-dermopure-hydra-creme-compensatrice-apaisante-600x315w.jpg";"EUCERIN DermoPure HYDRA Crème Compensatrice Apaisante Atténue les effets secondaires des traitements desséchants, au meilleur prix tunisie";"";"visage";"91.479";"-25%";"";"";"";"https://www.parashop.tn/visage/eucerin-dermopure-hydra-creme-compensatrice-apaisante"
"PS-EUCERIN-DERMOPURE-K10-SO-62937D";"";"EUCERIN DermoPure K10 Soin Rénovateur Cutané";"0.000";"0.000";"43.469";"51.728";"19.000";"0.000";"";"0";"https://www.parashop.tn/image/cache/catalog/produits/eucerin/eucerin-dermopure-k10-soin-renovateur-600x315w.jpg";"EUCERIN DermoPure K10 Soin Rénovateur Cutané Concentré pour les peaux à tendance acnéique. Disponible au meilleur prix chez parashop tunisie";"";"visage";"128.377";"-25%";"";"";"";"https://www.parashop.tn/visage/eucerin-dermopure-k10-soin-renovateur-cutane"
"PS-EUCERIN-DERMOPURE-MAT-FL-CD42A6";"";"EUCERIN DermoPure MAT Fluide Matifiant";"0.000";"0.000";"35.539";"42.291";"18.999";"0.000";"";"0";"https://www.parashop.tn/image/cache/catalog/produits/eucerin/eucerin-dermopure-mat-fluide-matifiant-600x315w.jpg";"EUCERIN DermoPure MAT Fluide Matifiant offre un effet anti-brillance et aide à lutter contre les imperfections. Disponible au meilleur prix chez parashop";"";"visage";"43.065";"-25%";"";"";"";"https://www.parashop.tn/visage/eucerin-dermopure-mat-fluide-matifiant"
"PS-EUCERIN-HYALURON-3XEFFEC-8B371B";"";"EUCERIN HYALURON 3X EFFECT SPRAY 150ML";"0.000";"0.000";"19.900";"23.681";"19.000";"0.000";"";"0";"https://www.parashop.tn/image/cache/catalog/produits/eucerin/eucerin-hyaluron-3xeffect-spray-150ml-600x315w.jpg";"EUCERIN HYALURON 3X EFFECT SPRAY est une brume faciale hydratante pour rafraîchir et apaiser votre peau sèche, Au meileur prix chez parashop tunisie";"";"visage";"36.615";"-25%";"";"";"";"https://www.parashop.tn/visage/eucerin-hyaluron-3xeffect-spray-150ml"
"PS-EUCERIN-HYALURON-FILLER--003028";"";"EUCERIN HYALURON-FILLER  3X EFFECT Soin de Nuit";"0.000";"0.000";"95.005";"113.056";"19.000";"0.000";"";"0";"https://www.parashop.tn/image/cache/catalog/produits/eucerin/eucerin-hyaluron-filler-3x-effect-soin-de-nuit-600x315w.jpg";"EUCERIN HYALURON-FILLER Soin de Nuit Soin de nuit anti-ride lutte contre les rides, même profondes. Disponible au meilleur prix chez parashop tunisie";"";"visage";"120.720";"-25%";"";"";"";"https://www.parashop.tn/visage/eucerin-hyaluron-filler-soin-de-nuit"
"PS-EUCERIN-HYALURON-FILLER--65998D";"";"EUCERIN HYALURON-FILLER + 3x EFFECT Soin de Nuit Booster d";"0.000";"0.000";"87.629";"104.279";"19.001";"0.000";"";"0";"https://www.parashop.tn/image/cache/catalog/produits/eucerin/eucerin-hyaluron-filler-3x-effect-soin-de-nuit-booster-dhydratation-600x315w.jpg";"EUCERIN HYALURON-FILLER + 3x EFFECT Soin de Nuit Booster d";"";"visage";"0.000";"-25%";"";"";"";"https://www.parashop.tn/visage/eucerin-hyaluron-filler-3x-effect-soin-de-nuit-booster-dhydratation"
"PS-EUCERIN-HYALURON-FILLER--41C8B5";"";"EUCERIN HYALURON-FILLER + ELASTICITY Soin de Jour SPF 15";"0.000";"0.000";"105.551";"125.605";"18.999";"0.000";"";"0";"https://www.parashop.tn/image/cache/catalog/produits/eucerin/eucerin-hyaluron-filler-elasticity-jour-spf-15-600x315w.jpg";"eucerin hyaluron filler elasticity soin de jour renforce la structure de la peau en améliorant son élasticité. Disponible chez parashop tunisie à prix bas";"";"visage";"0.000";"-25%";"";"";"";"https://www.parashop.tn/visage/eucerin-hyaluron-filler-elasticity-soin-de-jour-spf-15"
"PS-EUCERIN-HYALURON-FILLER--44DD10";"";"EUCERIN HYALURON-FILLER + ELASTICITY Soin de Nuit";"0.000";"0.000";"95.955";"114.186";"19.000";"0.000";"";"0";"https://www.parashop.tn/image/cache/catalog/produits/eucerin/eucerin-hyaluron-filler-elasticity-nuit-600x315w.jpg";"Eucerin Hyaluron Filler elasticity soin de nuit riche qui fournit de multiples bénéfices anti-âge. Disponible chez parashop tunisie à prix bas";"";"visage";"125.605";"-25%";"";"";"";"https://www.parashop.tn/visage/eucerin-hyaluron-filler-elasticity-soin-de-nuit"
"PS-EUCERIN-HYALURON-FILLER--FF82B7";"";"EUCERIN HYALURON-FILLER + VOLUME-LIFT Soin de Nuit";"0.000";"0.000";"90.700";"107.933";"19.000";"0.000";"";"0";"https://www.parashop.tn/image/cache/catalog/produits/eucerin/eucerin-hyaluron-filler-volume-lift-nuit-600x315w.jpg";"eucerin hyaluron filler volume lift soin de nuit pour traiter les différentes causes de la perte de volume cutané. au meilleur prix tunisie chez parashop";"";"visage";"0.000";"-25%";"";"";"";"https://www.parashop.tn/visage/eucerin-hyaluron-filler-volume-lift-soin-de-nuit"
"PS-EUCERIN-HYALURON-FILLER--E6EC90";"";"EUCERIN HYALURON-FILLER +VOLUME-LIFT Soin de Jour Peau Sèche";"0.000";"0.000";"90.700";"107.933";"19.000";"0.000";"";"0";"https://www.parashop.tn/image/cache/catalog/produits/eucerin/eucerin-hyaluron-filler-volume-lift-jour-600x315w.jpg";"eucerin hyaluron filler volume lift lutte contre les causes responsables de la perte de volume pour peaux sèches. au meilleur prix chez parashop tunisie";"";"visage";"216.937";"-25%";"";"";"";"https://www.parashop.tn/visage/eucerin-hyaluron-filler-volume-lift-soin-de-jour-peau-seche"
"PS-EUCERIN-HYALURON-FILLER--ED7F14";"";"EUCERIN HYALURON-FILLER CC Cream Light";"0.000";"0.000";"76.873";"91.479";"19.000";"0.000";"";"0";"https://www.parashop.tn/image/cache/catalog/produits/eucerin/eucerin-hyaluron-filler-cc-cream-light-600x315w.jpg";"EUCERIN HYALURON-FILLER CC Cream Light est un correcteur de teint permet d";"";"visage";"114.186";"-25%";"";"";"";"https://www.parashop.tn/visage/eucerin-hyaluron-filler-cc-cream-light"
"PS-EUCERIN-HYALURON-FILLER--3D8537";"";"EUCERIN HYALURON-FILLER CC Cream Medium";"0.000";"0.000";"76.900";"91.511";"19.000";"0.000";"";"0";"https://www.parashop.tn/image/cache/catalog/produits/eucerin/eucerin-hyaluron-filler-cc-cream-medium-600x315w.jpg";"EUCERIN HYALURON-FILLER CC Cream Medium un correcteur de teint aux dominantes beige rosées uniformise le teint. Au meilleur prix tunisie chez parashop";"";"visage";"216.692";"-25%";"";"";"";"https://www.parashop.tn/visage/eucerin-hyaluron-filler-cc-cream-medium"
"PS-EUCERIN-HYALURON-FILLER--DF73D3";"";"EUCERIN HYALURON-FILLER Contour des Yeux SPF15";"0.000";"0.000";"71.033";"84.529";"19.000";"0.000";"";"0";"https://www.parashop.tn/image/cache/catalog/produits/eucerin/eucerin-hyaluron-filler-contour-des-yeux-600x315w.jpg";"EUCERIN HYALURON-FILLER Contour des Yeuxr cible les rides des pattes d";"";"visage";"216.692";"-25%";"";"";"";"https://www.parashop.tn/visage/eucerin-hyaluron-filler-contour-des-yeux-spf15"
"PS-EUCERIN-HYALURON-FILLER--E2D804";"";"EUCERIN HYALURON-FILLER PEELING & SÉRUM NUIT";"0.000";"0.000";"182.300";"216.937";"19.000";"0.000";"";"0";"https://www.parashop.tn/image/cache/data/images_produits/EUCERIN/eucerin-hyaluron-filler-peeling-and-serum-nuit-30ml-600x315w.jpg";"Eucerin Hyaluron-Filler Peeling & Sérum Nuit avec double efficacité d";"";"visage";"0.000";"-25%";"";"";"";"https://www.parashop.tn/visage/eucerin-hyaluron-filler-peeling-serum-nuit"
"PS-EUCERIN-HYALURON-FILLER--121E7F";"";"EUCERIN HYALURON-FILLER SOIN DE JOUR 3X EFFECT SPF15 PEAU SECHE";"0.000";"0.000";"95.005";"113.056";"19.000";"0.000";"";"0";"https://www.parashop.tn/image/cache/catalog/produits/eucerin/eucerin-hyaluron-filler-soin-de-jour-peau-seche-50ml-600x315w.jpg";"Eucerin Hyaluron Filler Soin de jour anti-rides pour peaux sèches comble toutes les rides, même les plus profondes.  Au meilleur prix tunisie chez parashop";"";"visage";"0.000";"-25%";"";"";"";"https://www.parashop.tn/visage/eucerin-hyaluron-filler-soin-de-jour-peau-seche"
"PS-EUCERIN-HYALURON-FILLER--B56723";"";"EUCERIN HYALURON-FILLER Soin de Jour Peau Normale à Mixte";"0.000";"0.000";"81.467";"96.946";"19.000";"0.000";"";"0";"https://www.parashop.tn/image/cache/catalog/produits/eucerin/eucerin-hyaluron-filler-jour-peau-normale-mixte-600x315w.jpg";"EUCERIN HYALURON-FILLER Soin de Jour Peau Normale à Mixte cible et agit sur les signes de l";"";"visage";"115.800";"-25%";"";"";"";"https://www.parashop.tn/visage/eucerin-hyaluron-filler-soin-de-jour-peau-normale-a-mixte"
"PS-EUCERIN-HYALURON-FILLER--E82D0C";"";"EUCERIN HYALURON-FILLER VITAMINE C BOOSTER 8ML";"0.000";"0.000";"67.519";"80.348";"19.001";"0.000";"";"0";"https://www.parashop.tn/image/cache/data/images_produits/EUCERIN/eucerin-hyaluron-filler-vitamine-c-booster-8ml-600x315w.jpg";"Lissant et raffermissant, EUCERIN HYALURON FILLER VITAMINE C BOOSTER procure une sensation d";"";"visage";"125.664";"-25%";"";"";"";"https://www.parashop.tn/visage/eucerin-hyaluron-filler-vitamine-c-booster-8ml"
"PS-EUCERIN-UREAREPAIR-PLUS--34420A";"";"EUCERIN UreaRepair Creme Visage 5% Uree";"0.000";"0.000";"30.769";"36.615";"19.000";"0.000";"";"0";"https://www.parashop.tn/image/cache/catalog/produits/eucerin/eucerin-urearepair-creme-visage-5-uree-600x315w.jpg";"EUCERIN UreaRepair Creme Visage légère destinée aux peaux sèches à très sèches hydrate, apaise les tiraillements et laisse la peau douce et souple.";"";"visage";"114.176";"-25%";"";"";"";"https://www.parashop.tn/visage/eucerin-urearepair-plus-creme-visage-5-uree"
"PS-EYE-CARE-CREME-ANTI-CERN-D5AD2C";"";"EYE CARE CREME ANTI CERNES CONTOUR DES YEUX";"0.000";"0.000";"51.168";"60.890";"19.000";"0.000";"";"0";"https://www.parashop.tn/image/cache/catalog/produits/eye-care/eye-care-creme-anti-cernes-contour-des-yeux-600x315w.jpg";"EYE CARE CREME ANTI CERNES CONTOUR DES YEUX une crème fraiche et légère, confortable et ultra-pénétrante, à prix bas chez parashop tunisie";"";"visage";"114.002";"-25%";"";"";"";"https://www.parashop.tn/visage/eye-care-creme-anti-cernes-contour-des-yeux"
"PS-EYE-CARE-CREME-ANTI-POCH-D256E6";"";"EYE CARE CREME ANTI POCHES CONTOUR DES YEUX";"0.000";"0.000";"50.000";"59.500";"19.000";"0.000";"";"0";"https://www.parashop.tn/image/cache/catalog/produits/eye-care/eye-care-creme-anti-poches-contour-des-yeux-600x315w.jpg";"EYE CARE CRÈME ANTI POCHES CONTOUR DES YEUX au meilleure prix chez parashop tunisie";"";"visage";"99.000";"-25%";"";"";"";"https://www.parashop.tn/visage/eye-care-creme-anti-poches-contour-des-yeux"
"PS-EYE-CARE-CREME-ANTI-RIDE-BB4260";"";"EYE CARE CRÈME ANTI RIDES 30ML";"0.000";"0.000";"69.170";"82.312";"19.000";"0.000";"";"0";"https://www.parashop.tn/image/cache/catalog/produits/eye-care/eye-care-creme-anti-rides-30ml-600x315w.jpg";"EYE CARE CRÈME ANTI RIDES lisse le visage et donne une peau jeune. Au meilleur prix chez parashop tunisie";"";"visage";"82.480";"-25%";"";"";"";"https://www.parashop.tn/visage/eye-care-creme-anti-rides-30ml"
"PS-EYE-CARE-CREME-DEPIGMENT-EBBEB5";"";"Eye Care CREME DEPIGMENTANTE UNIFIANTE 30ML";"0.000";"0.000";"44.300";"52.717";"19.000";"0.000";"";"0";"https://www.parashop.tn/image/cache/catalog/produits/eye-care/eye-care-creme-depigmentante-unifiante-30ml-600x315w.jpg";"Eye Care creme depigmentante unifiante atténue les taches brunes localisées ou étendues, à prix bas chez parashop tunisie";"";"visage";"60.333";"-25%";"";"";"";"https://www.parashop.tn/visage/eye-care-creme-depigmentante-unifiante-30ml"
"PS-EYE-CARE-DEMAQUILLANT-2--167DE5";"";"EYE CARE DeMAQUILLANT 2 EN 1 EXPRESS 150ML";"0.000";"0.000";"37.080";"44.125";"18.999";"0.000";"";"0";"https://www.parashop.tn/image/cache/catalog/produits/eye-care/eye-care-demaquillant-2-en-1-express-150ml-600x315w.jpg";"La solution démaquillante biphasique Eye Care permet de démaquiller tous les types de maquillage, même waterproof, à prix bas chez parashop tunisie";"";"visage";"66.800";"-25%";"";"";"";"https://www.parashop.tn/visage/eye-care-demaquillant-2-en-1-express-150ml"
"PS-EYE-CARE-EYELINER-FEUTRE-CB1CC4";"";"EYE CARE EYELINER FEUTRE";"0.000";"0.000";"41.088";"48.895";"19.001";"0.000";"";"0";"https://www.parashop.tn/image/cache/catalog/produits/eye-care/eye-care-eyeliner-feutre-0-8ml-600x315w.jpg";"EYE CARE EYELINER FEUTRE  haute tolérance permet de souligner ou modifier la forme de l’œil. A prix bas chez parashop tunisie";"";"visage";"120.166";"-25%";"";"";"";"https://www.parashop.tn/visage/eye-care-eyeliner-feutre-0-8ml"
"PS-EYE-CARE-EYELINER-FEUTRE-2AC797";"";"EYE CARE EYELINER FEUTRE BLEU - 323";"0.000";"0.000";"41.087";"99.000";"140.952";"0.000";"";"0";"https://www.parashop.tn/image/cache/catalog/produits/eye-care/eye-care-eyeliner-feutre-bleu-323-600x315w.jpg";"EYE CARE EYELINER FEUTRE BLEU - 323 à bas prix en tunisie sur parashop votre parapharmacie en ligne. Livraison gratuite dès 99DT";"";"visage";"0.000";"-25%";"";"";"";"https://www.parashop.tn/visage/eye-care-eyeliner-feutre-bleu-323"
"PS-EYE-CARE-INFINI-CILS-F5933D";"";"EYE CARE INFINI-CILS MASCARA ET LINER";"0.000";"0.000";"58.404";"69.501";"19.000";"0.000";"";"0";"https://www.parashop.tn/image/cache/catalog/produits/eye-care/eye-care-infini-cils-600x315w.jpg";"Eye Care Infini cils se distingue par une formule haute tolérance unique, au meilleur prix chez parashop tunisie";"";"visage";"99.000";"-25%";"";"";"";"https://www.parashop.tn/visage/eye-care-infini-cils"
"PS-EYE-CARE-INTENSE-MASCARA-902B2E";"";"EYE CARE INTENSE MASCARA 10GR - BRUN";"0.000";"0.000";"59.609";"99.000";"66.082";"0.000";"";"0";"https://www.parashop.tn/image/cache/catalog/produits/eye-care/eye-care-intense-mascara-10gr-600x315w.jpg";"Pour un regard intense commander EYE CARE INTENSE MASCARA 10GR BRUN à bas prix en tunisie sur parashop votre parapharmacie en ligne. Livraison gratuite dès 99DT";"";"visage";"0.000";"-25%";"";"";"";"https://www.parashop.tn/visage/eye-care-intense-mascara-10gr-brun"
"PS-EYE-CARE-LINER-CONTOUR-D-56D4A6";"";"EYE CARE Liner contour des yeux";"0.000";"0.000";"21.758";"25.892";"19.000";"0.000";"";"0";"https://www.parashop.tn/image/cache/catalog/produits/eye-care/eye-care-liner-contour-des-yeux-600x315w.jpg";"Eye care liner contour des yeux souligne les yeux et intensifie le regard, avec un choix très étudié de nombreuses teintes. A prix bas tunisie";"";"visage";"30.903";"-25%";"";"";"";"https://www.parashop.tn/visage/eye-care-liner-contour-des-yeux"
"PS-EYE-CARE-LOTION-DEMAQUIL-C4E650";"";"EYE CARE LOTION DEMAQUILLANTE YEUX 125ML";"0.000";"0.000";"33.450";"99.000";"195.964";"0.000";"";"0";"https://www.parashop.tn/image/cache/catalog/produits/eye-care/eye-care-lotion-demaquillante-yeux-125ml-600x315w.jpg";"Nettoyez vos yeux avec EYE CARE LOTION DEMAQUILLANTE YEUX à bas prix en tunisie sur parashop votre parapharmacie en ligne. Livraison gratuite dès 99DT";"";"visage";"0.000";"-25%";"";"";"";"https://www.parashop.tn/visage/eye-care-lotion-demaquillante-yeux-125ml"
"PS-EYE-CARE-MASCARA-ALLONGE-A84B3A";"";"EYE CARE MASCARA ALLONGEANT 6g";"0.000";"0.000";"55.536";"66.088";"19.000";"0.000";"";"0";"https://www.parashop.tn/image/cache/catalog/produits/eye-care/eye-care-mascara-allongeant-6g-600x315w.jpg";"EYE CARE MASCARA ALLONGEANT est formulé pour allonger et donner du volumeaux cils, à prix bas chez parashop tunisie";"";"visage";"69.501";"-25%";"";"";"";"https://www.parashop.tn/visage/eye-care-mascara-allongeant-6g"
"PS-EYE-CARE-MASCARA-HAUTE-T-6E0412";"";"EYE CARE MASCARA HAUTE TOLÉRANCE";"0.000";"0.000";"42.840";"50.980";"19.001";"0.000";"";"0";"https://www.parashop.tn/image/cache/catalog/produits/eye-care/eye-care-mascara-haute-tolerance-600x315w.jpg";"EYE CARE MASCARA HAUTE TOLÉRANCE pour le maquillage des yeux sensibles, allergiques ou porteurs de lentilles. A prix bas chez parashop tunisie";"";"visage";"99.960";"-25%";"";"";"";"https://www.parashop.tn/visage/eye-care-mascara-haute-tolerance"
"PS-EYE-CARE-MASCARA-VOLUMAT-5C85DC";"";"EYE CARE MASCARA VOLUMATEUR 9G";"0.000";"0.000";"57.984";"69.001";"19.000";"0.000";"";"0";"https://www.parashop.tn/image/cache/catalog/produits/eye-care/eye-care-mascara-volumateur-pure-black-600x315w.jpg";"EYE CARE MASCARA VOLUMATEUR est formulé pour un maquillage des yeux sensibles, à prix bas chez parashop tunisie";"";"visage";"99.000";"-25%";"";"";"";"https://www.parashop.tn/visage/eye-care-mascara-volumateur-9g"
"PS-EYE-CARE-MASCARA-VOLUMAT-CBAB1B";"";"EYE CARE MASCARA VOLUMATEUR WATERPROOF 11G";"0.000";"0.000";"60.540";"72.043";"19.001";"0.000";"";"0";"https://www.parashop.tn/image/cache/catalog/produits/eye-care/eye-care-mascara-volumateur-waterproof-600x315w.jpg";"Eye Care Mascara Volumateur un mascara résistant à l";"";"visage";"72.201";"-25%";"";"";"";"https://www.parashop.tn/visage/eye-care-mascara-volumateur-waterproof"
"PS-EYE-CARE-PHARMA-SOUPLES--15B9E4";"";"Eye Care Pharma souples Solution Lentilles 360ML";"0.000";"0.000";"29.519";"35.128";"19.001";"0.000";"";"0";"https://www.parashop.tn/image/cache/catalog/produits/eye-care/eye-care-pharma-souples-solution-lentilles-600x315w.jpg";"Eye Care Pharma souples Solution lentilles pour nettoyer, décontaminer, conserver et hydrater les lentilles. A prix bas chez parashop tunisie";"";"visage";"38.013";"-25%";"";"";"";"https://www.parashop.tn/visage/eye-care-pharma-souples-solution-lentilles"
"PS-EYE-CARE-POUDRE-LIBRE-DEF746";"";"EYE CARE POUDRE LIBRE BEIGE - 898";"0.000";"0.000";"46.308";"55.107";"19.001";"0.000";"";"0";"https://www.parashop.tn/image/cache/catalog/produits/eye-care/eye-care-poudre-libre-600x315w.jpg";"Eye are La poudre Libre est formulée avec des pigments et du talc ultra micronisés, au meilleur prix chez parashop tunisie";"";"visage";"114.002";"-25%";"";"";"";"https://www.parashop.tn/visage/eye-care-poudre-libre"
"PS-EYE-CARE-SOIN-CREME-PALP-51DAD5";"";"EYE CARE SOIN CREME PALPEBRAL 10G";"0.000";"0.000";"48.600";"99.000";"103.704";"0.000";"";"0";"https://www.parashop.tn/image/cache/catalog/produits/eye-care/eye-care-soin-creme-palpebral-10g-600x315w.jpg";"Acheter EYE CARE SOIN CREME PALPEBRAL à bas prix en tunisie sur parashop votre parapharmacie en ligne. Livraison gratuite dès 99DT";"";"visage";"0.000";"-25%";"";"";"";"https://www.parashop.tn/visage/eye-care-soin-creme-palpebral-10g"
"PS-EYE-CARE-SOURCILS-LINER--486DF5";"";"EYE CARE SOURCILS LINER WATERPROOF 1.2G";"0.000";"0.000";"27.922";"33.227";"18.999";"0.000";"";"0";"https://www.parashop.tn/image/cache/catalog/produits/eye-care/eye-care-sourcils-liner-waterproof-1-2g-600x315w.jpg";"Sourcils liner waterproof haute tolérance pour le maquillage des sourcils des yeux sensibles ou allergiques. A prix bas chez parashop tunisie";"";"visage";"99.000";"-25%";"";"";"";"https://www.parashop.tn/visage/eye-care-sourcils-liner-waterproof-1-2g"
"PS-EYE-CARE-TAILLE-CRAYON-C-D2D12C";"";"EYE CARE TAILLE CRAYON COSMÉTIQUE JUMBO";"0.000";"0.000";"10.000";"11.900";"19.000";"0.000";"";"0";"https://www.parashop.tn/image/cache/catalog/produits/eye-care/eye-care-taille-crayon-cosmetique-jumbo-600x315w.jpg";"Eye care taille vos crayons disponible chez parashop tunisie au meilleur prix";"";"visage";"48.250";"-25%";"";"";"";"https://www.parashop.tn/visage/eye-care-taille-crayon-cosmetique-jumbo"
"PS-EYE-CARE-ULTRA-SERUM-CON-C9C0E3";"";"EYE CARE ULTRA SERUM CONTOUR DES YEUX 15ML";"0.000";"0.000";"66.480";"99.000";"48.917";"0.000";"";"0";"https://www.parashop.tn/image/cache/catalog/produits/eye-care/eye-care-ultra-serum-contour-des-yeux-15ml-600x315w.jpg";"Acheter EYE CARE ULTRA SERUM CONTOUR DES YEUX à bas prix en tunisie sur parashop votre parapharmacie en ligne. Livraison gratuite dès 99DT";"";"visage";"137.000";"-25%";"";"";"";"https://www.parashop.tn/visage/eye-care-ultra-serum-contour-des-yeux-15ml"
"PS-EYE-CARE-UNIFLOW-GOUTTES-BBC691";"";"EYE CARE UNIFLOW GOUTTES OCULAIRES D’HYDRATATION 10ML";"0.000";"0.000";"22.838";"27.178";"19.003";"0.000";"";"0";"https://www.parashop.tn/image/cache/data/images_produits/eye%20care/eye-care-uniflow-gouttes-oculaires-dhydratation-10ml-600x315w.jpg";"EYE CARE UNIFLOW GOUTTES OCULAIRES D’HYDRATATION calme les sensations de fatigue et de sècheresse. A prix bas chez parashop tunisie";"";"visage";"69.300";"-25%";"";"";"";"https://www.parashop.tn/visage/eye-care-uniflow-gouttes-oculaires-dhydratation-10ml"
"PS-FIDERMA-GEL-NETTOYANT-PU-D97215";"";"FIDERMA ACNEFID GEL NETTOYANT PURIFIANT 200ML";"0.000";"0.000";"49.032";"58.348";"19.000";"0.000";"";"0";"https://www.parashop.tn/image/cache/data/images_produits/FIDERMA/fiderma-gel-nettoyant-purifiant-200-ml-600x315w.jpg";"FIDERMA GEL NETTOYANT PURIFIANT  nettoie les peaux grasses à imperfections et régule la sécrétion de sébum. A prix bas chez parashop tunisie";"";"visage";"64.831";"-25%";"";"";"";"https://www.parashop.tn/visage/fiderma-gel-nettoyant-purifiant-200ml"
"PS-FIDERMA-ACNEFID-SOIN-INT-D6878E";"";"FIDERMA ACNEFID SOIN INTENSIF PEAUX MIXTES A GRASSES 50ML";"0.000";"0.000";"56.052";"66.702";"19.000";"0.000";"";"0";"https://www.parashop.tn/image/cache/catalog/produits/fiderma/fiderma-acnefid-soin-intensif-peaux-mixtes-a-grasses-600x315w.jpg";"FIDERMA ACNEFID SOIN INTENSIF PEAUX MIXTES A GRASSES régule la production de sébum. Au meilleur prix chez parashop tunisie";"";"visage";"74.113";"-25%";"";"";"";"https://www.parashop.tn/visage/fiderma-acnefid-soin-intensif-peaux-mixtes-a-grasses"
"PS-FIDERMA-CLARIFID-CREME-D-D36E78";"";"FIDERMA CLARIFID CREME DEPIGMENTANTE JOUR 50ML";"0.000";"0.000";"79.200";"99.000";"25.000";"0.000";"";"0";"https://www.parashop.tn/image/cache/catalog/produits/fiderma/fiderma-clarifid-creme-depigmentante-jour-50ml-600x315w.jpg";"FIDERMA CLARIFID CREME DEPIGMENTANTE JOUR est disponible au meilleur prix chez votre parapharmacie parashop tunisie. Livraison gratuite dès 99DT";"";"visage";"0.000";"-25%";"";"";"";"https://www.parashop.tn/visage/fiderma-clarifid-creme-depigmentante-jour-50ml"
"PS-FIDERMA-6E4E78";"";"FIDERMA";"0.000";"0.000";"163.320";"194.351";"19.000";"0.000";"";"0";"https://www.parashop.tn/image/cache/catalog/marques/fiderma-logo-new-600x315w.jpg";"";"FIDERMA FIDERMA PACK CLARIFID SERUM NUIT + CREME DEPIGMENTANTE JOUR + HYDRAFID GEL NETTOYANT GRATUIT FIDERMA PACK CLARIF";"marque";"245.259";"-25%";"";"";"";"https://www.parashop.tn/FIDERMA"
"PS-FIDERMA-CLARIFID-GEL-NET-54638A";"";"FIDERMA CLARIFID GEL NETTOYANT DEPIGMENTANT 150ML";"0.000";"0.000";"45.630";"99.000";"116.963";"0.000";"";"0";"https://www.parashop.tn/image/cache/catalog/produits/roge-cavailles/fiderma-clarifid-gel-nettoyant-depigmentant-150ml-600x315w.jpg";"FIDERMA CLARIFID GEL NETTOYANT DEPIGMENTANT est disponible au meilleur prix chez votre parapharmacie parashop tunisie. Livraison gratuite dès 99DT";"";"visage";"0.000";"-25%";"";"";"";"https://www.parashop.tn/visage/fiderma-clarifid-gel-nettoyant-depigmentant-150ml"
"PS-FIDERMA-SERUM-DEPIGMENTA-5DB7CC";"";"FIDERMA CLARIFID SERUM NUIT 30ML";"0.000";"0.000";"90.600";"107.814";"19.000";"0.000";"";"0";"https://www.parashop.tn/image/cache/data/images_produits/FIDERMA/fiderma-serum-depigmentant-nuit-30-ml-600x315w.jpg";"FIDERMA CLARIFID SERUM NUIT pour les hyperpigmentations de la peau qui inhibe la production excessive de mélanine. A prix bas tunisie";"";"visage";"0.000";"-25%";"";"";"";"https://www.parashop.tn/visage/fiderma-serum-depigmentant-nuit-30ml"
"PS-FIDERMA-HYDRAFID-CREME-H-A4711B";"";"FIDERMA HYDRAFID CREME HYDRATANTE VISAGE PEAUX SECHES 50ML";"0.000";"0.000";"51.180";"99.000";"93.435";"0.000";"";"0";"https://www.parashop.tn/image/cache/catalog/produits/fiderma/fiderma-hydrafid-hydratant-visage-50ml-600x315w.jpg";"FIDERMA HYDRAFID CREME HYDRATANTE est disponible au meilleur prix chez votre parapharmacie parashop tunisie. Livraison gratuite dès 99DT";"";"visage";"0.000";"-25%";"";"";"";"https://www.parashop.tn/visage/fiderma-hydrafid-creme-hydratante-50ml"
"PS-FIDERMA-GEL-NETTOYANT-PE-B32680";"";"FIDERMA HYDRAFID GEL NETTOYANT PEAU SECHE ET SENSIBLE 200ML";"0.000";"0.000";"44.520";"52.979";"19.000";"0.000";"";"0";"https://www.parashop.tn/image/cache/data/images_produits/FIDERMA/fiderma-gel-nettoyant-peaux-seches-sensible-200ml-600x315w.jpg";"FIDERMA GEL NETTOYANT pour l’hygiène des peaux sèches, très sèches et sensibles. A meilleur prix chez parashop tunisie";"";"visage";"120.720";"-25%";"";"";"";"https://www.parashop.tn/visage/fiderma-gel-nettoyant-peaux-seches-sensible-200ml"
"PS-FIDERMA-VIT-GO-50ML-D041C2";"";"FIDERMA VIT GO CREME REGULATRICE DE LA DEPIGMENTATION 50ML";"0.000";"0.000";"90.240";"107.386";"19.000";"0.000";"";"0";"https://www.parashop.tn/image/cache/data/images_produits/FIDERMA/fiderma-vit-go-50ml-600x315w.jpg";"FIDERMA VIT GO est la crème régulatrice de la dépigmentation idéale pour traiter les zones hypopigmentées du visage. A prix bas tunisie";"";"visage";"0.000";"-25%";"";"";"";"https://www.parashop.tn/visage/fiderma-vit-go-50ml"
"PS-FILORGA-COFFRET-PROTOCOL-B738C6";"";"FILORGA Coffret Protocole Repulpant";"0.000";"0.000";"120.043";"99.000";"0.000";"0.000";"";"0";"https://www.parashop.tn/image/cache/catalog/produits/filorga/filorga-coffret-protocole-repulpant-600x315w.jpg";"FILORGA Coffret Protocole Repulpant à bas prix en tunisie sur parashop votre parapharmacie en ligne. Livraison gratuite dès 99DT";"";"visage";"142.851";"-25%";"";"";"";"https://www.parashop.tn/visage/filorga-coffret-protocole-repulpant"
"PS-FILORGA-CREME-UNIVERSELL-50C457";"";"Filorga Creme Universelle 100ML";"0.000";"0.000";"68.067";"81.000";"19.000";"0.000";"";"0";"https://www.parashop.tn/image/cache/data/images_produits/Filorga/filorga-creme-universelle-100-ml-600x315w.jpg";"Filorga Crème Universelle  permet d";"";"visage";"88.930";"-25%";"";"";"";"https://www.parashop.tn/visage/filorga-creme-universelle-100ml"
"PS-FILORGA-GLOBAL-REPAIR-AD-F2FD8D";"";"FILORGA GLOBAL REPAIR ADVANCED CREAM 50ML";"0.000";"0.000";"213.639";"99.000";"0.000";"0.000";"";"0";"https://www.parashop.tn/image/cache/catalog/produits/filorga/filorga-global-repair-advanced-cream-50ml-600x315w.jpg";"FILORGA GLOBAL REPAIR ADVANCED CREAM est disponible au meilleur prix chez votre parapharmacie parashop tunisie. Livraison gratuite dès 99DT";"";"visage";"254.230";"-25%";"";"";"";"https://www.parashop.tn/visage/filorga-global-repair-advanced-cream-50ml"
"PS-FILORGA-GLOBAL-REPAIR-EY-8A7AD2";"";"FILORGA GLOBAL REPAIR EYES & LIPS 15ML";"0.000";"0.000";"193.025";"99.000";"0.000";"0.000";"";"0";"https://www.parashop.tn/image/cache/catalog/produits/filorga/filorga-global-repair-eyes-and-lips-15ml-600x315w.jpg";"FILORGA GLOBAL REPAIR EYES LIPS est disponible au meilleur prix chez votre parapharmacie parashop tunisie. Livraison gratuite dès 99DT";"";"visage";"229.700";"-25%";"";"";"";"https://www.parashop.tn/visage/filorga-global-repair-eyes-and-lips-15ml"
"PS-FILORGA-GLOBAL-REPAIR-IN-DECE64";"";"FILORGA GLOBAL REPAIR INTENSIVE SERUM 30ML";"0.000";"0.000";"255.491";"304.034";"19.000";"0.000";"";"0";"https://www.parashop.tn/image/cache/data/images_produits/Filorga/global-repair/filorga-global-repair-intensive-serum-30ml-600x315w.jpg";"FILORGA GLOBAL REPAIR INTENSIVE Serum est un sérum concentré nutri-Jeunesse et multi-Revitalisant. Disponible chez parashop tunisie à prix bas";"";"visage";"0.000";"-25%";"";"";"";"https://www.parashop.tn/visage/filorga-global-repair-intensive-serum-30ml"
"PS-FILORGA-HYALU-FILLER-CRE-8E1555";"";"FILORGA HYALU FILLER CREME 50ML";"0.000";"0.000";"133.941";"99.000";"0.000";"0.000";"";"0";"https://www.parashop.tn/image/cache/catalog/produits/filorga/filorga-hyalu-filler-creme-50ml-600x315w.jpg";"Combler vos rides avec FILORGA HYALU FILLER CREME à bas prix en tunisie sur parashop votre parapharmacie en ligne. Livraison gratuite dès 99DT";"";"visage";"159.390";"-25%";"";"";"";"https://www.parashop.tn/visage/filorga-hyalu-filler-creme-50ml"
"PS-FILORGA-HYALU-FILLER-SER-F281CD";"";"FILORGA HYALU FILLER SERUM 30ML";"0.000";"0.000";"133.941";"99.000";"0.000";"0.000";"";"0";"https://www.parashop.tn/image/cache/catalog/produits/filorga/filorga-hyalu-filler-serum-30ml-600x315w.jpg";"Combler vos ride avec FILORGA HYALU FILLER SERUM à bas prix en tunisie sur parashop votre parapharmacie en ligne. Livraison gratuite dès 99DT";"";"visage";"159.390";"-25%";"";"";"";"https://www.parashop.tn/visage/filorga-hyalu-filler-serum-30ml"
"PS-FILORGA-HYDRA-HYAL-CREME-6089C7";"";"FILORGA HYDRA HYAL CREME GEL HYDRATANTE REPULPANTE 50ML";"0.000";"0.000";"113.739";"99.000";"0.000";"0.000";"";"0";"https://www.parashop.tn/image/cache/catalog/produits/filorga/filorga-hydra-hyal-creme-gel-hydratante-repulpante-50ml-600x315w.jpg";"FILORGA HYDRA HYAL CREME GEL HYDRATANTE REPULPANTE est disponible au meilleur prix chez votre parapharmacie parashop tunisie. Livraison gratuite dès 99DT";"";"visage";"135.350";"-25%";"";"";"";"https://www.parashop.tn/visage/filorga-hydra-hyal-creme-gel-hydratante-repulpante-50ml"
"PS-FILORGA-HYDRA-HYAL-CREME-3643E8";"";"FILORGA HYDRA HYAL CREME HYDRATANTE REPULPANTE 50ML";"0.000";"0.000";"113.739";"99.000";"0.000";"0.000";"";"0";"https://www.parashop.tn/image/cache/catalog/produits/filorga/filorga-hydra-hyal-creme-hydratante-repulpante-50ml-600x315w.jpg";"FILORGA HYDRA HYAL CREME HYDRATANTE REPULPANTE à bas prix en tunisie sur parashop votre parapharmacie en ligne. Livraison gratuite dès 99DT";"";"visage";"135.350";"-25%";"";"";"";"https://www.parashop.tn/visage/filorga-hydra-hyal-creme-hydratante-repulpante-50ml"
"PS-FILORGA-HYDRA-HYAL-SERUM-D23A84";"";"FILORGA HYDRA HYAL Serum Hydratant Repulpant 30ML";"0.000";"0.000";"114.328";"99.000";"0.000";"0.000";"";"0";"https://www.parashop.tn/image/cache/catalog/produits/filorga/filorga-hydra-hyal-serum-hydratant-repulpant-30ml-600x315w.jpg";"FILORGA HYDRA HYAL Sérum hydratant repulpant est disponible au meilleur prix chez votre parapharmacie parashop tunisie. Livraison gratuite dès 99DT";"";"visage";"136.050";"-25%";"";"";"";"https://www.parashop.tn/visage/filorga-hydra-hyal-serum-hydratant-repulpant-30ml"
"PS-FILORGA-LIFT-DESIGNER-30-9D2E89";"";"FILORGA LIFT DESIGNER SERUM ULTRA LIFTANT 30ML";"0.000";"0.000";"165.336";"99.000";"0.000";"0.000";"";"0";"https://www.parashop.tn/image/cache/data/images_produits/Filorga/filorga-lift-designer-tenseur-intensif-30ml-600x315w.jpg";"FILORGA LIFT DESIGNER SERUM ULTRA LIFTANT à bas prix en tunisie sur parashop votre parapharmacie en ligne. Livraison gratuite dès 99DT";"";"visage";"196.750";"-25%";"";"";"";"https://www.parashop.tn/visage/filorga-lift-designer-30ml"
"PS-FILORGA-MESO-MASK-NCEF-5-95E15C";"";"FILORGA MESO MASK NCEF 50ML";"0.000";"0.000";"101.017";"99.000";"0.000";"0.000";"";"0";"https://www.parashop.tn/image/cache/catalog/produits/filorga/filorga-meso-mask-ncef-50ml-600x315w.jpg";"Revitaliser votre visage avec FILORGA MESO MASK NCEF à bas prix en tunisie sur parashop votre parapharmacie en ligne. Livraison gratuite dès 99DT";"";"visage";"120.210";"-25%";"";"";"";"https://www.parashop.tn/visage/filorga-meso-mask-ncef-50ml"
"PS-FILORGA-NCEF-REVITALIZE--084632";"";"FILORGA NCEF REVITALIZE CREME 50ML";"0.000";"0.000";"216.128";"99.000";"0.000";"0.000";"";"0";"https://www.parashop.tn/image/cache/catalog/produits/filorga/filorga-ncef-revitalize-creme-polyrevitalisante-raffermissante-50ml-600x315w.jpg";"FILORGA NCEF REVITALIZE CREME est disponible au meilleur prix chez votre parapharmacie parashop tunisie. Livraison gratuite dès 99DT";"";"visage";"257.193";"-25%";"";"";"";"https://www.parashop.tn/visage/filorga-ncef-revitalize-creme-polyrevitalisante-raffermissante-50ml"
"PS-FILORGA-NCEF-REVITALIZE--9F1F46";"";"FILORGA NCEF REVITALIZE EYES 15ML";"0.000";"0.000";"151.094";"99.000";"0.000";"0.000";"";"0";"https://www.parashop.tn/image/cache/catalog/produits/filorga/filorga-ncef-reverse-eyes-15ml-600x315w.jpg";"Commander FILORGA NCEF REVITALIZE EYES à bas prix en tunisie sur parashop votre parapharmacie en ligne. Livraison gratuite dès 99DT";"";"visage";"179.802";"-25%";"";"";"";"https://www.parashop.tn/visage/filorga-ncef-revitalize-eyes-15ml"
"PS-FILORGA-NCEF-REVITALIZE--3C79F4";"";"FILORGA NCEF REVITALIZE MASK 20ML";"0.000";"0.000";"24.000";"99.000";"312.500";"0.000";"";"0";"https://www.parashop.tn/image/cache/catalog/produits/filorga/filorga-ncef-revitalize-mask-600x315w.jpg";"FILORGA NCEF REVITALIZE MASK est disponible au meilleur prix chez votre parapharmacie parashop tunisie. Livraison gratuite dès 99DT";"";"visage";"111.000";"-25%";"";"";"";"https://www.parashop.tn/visage/filorga-ncef-revitalize-mask"
"PS-FILORGA-NCEF-REVITALIZE--5F7317";"";"FILORGA NCEF REVITALIZE NIGHT 50ML";"0.000";"0.000";"161.679";"99.000";"0.000";"0.000";"";"0";"https://www.parashop.tn/image/cache/catalog/produits/filorga/filorga-ncef-revitalize-night-50ml-600x315w.jpg";"Commander FILORGA NCEF REVITALIZE NIGHT à bas prix en tunisie sur parashop votre parapharmacie en ligne. Livraison gratuite dès 99DT";"";"visage";"192.398";"-25%";"";"";"";"https://www.parashop.tn/visage/filorga-ncef-revitalize-night-50ml"
"PS-FILORGA-NCEF-REVITALIZE--280779";"";"FILORGA NCEF REVITALIZE SERUM 30ML";"0.000";"0.000";"182.689";"99.000";"0.000";"0.000";"";"0";"https://www.parashop.tn/image/cache/catalog/produits/filorga/filorga-ncef-revitalize-serum-30ml-600x315w.jpg";"FILORGA NCEF REVITALIZE SERUM est disponible au meilleur prix chez votre parapharmacie parashop tunisie. Livraison gratuite dès 99DT";"";"visage";"217.400";"-25%";"";"";"";"https://www.parashop.tn/visage/filorga-ncef-revitalize-serum-30ml"
"PS-FILORGA-NUTRI-FILLER-CRE-FD3DCB";"";"FILORGA NUTRI FILLER CREME NUTRI RECONSTITUANTE 50ML";"0.000";"0.000";"131.597";"156.600";"19.000";"0.000";"";"0";"https://www.parashop.tn/image/cache/data/images_produits/Filorga/filorga-nutri-filler-creme-50-ml-600x315w.jpg";"Régénèrez votre peau et redessinez votre contour du visage avec FILORGA NUTRI FILLER CREME. Disponible chez parashop tunisie au meilleur prix";"";"visage";"172.292";"-25%";"";"";"";"https://www.parashop.tn/visage/filorga-nutri-filler-creme-nutri-reconstituante-50-ml"
"PS-FILORGA-NUTRI-FILLER-LIP-5F68A3";"";"FILORGA NUTRI FILLER LIPS BAUME LEVRES REPULPANT 4G";"0.000";"0.000";"53.782";"64.000";"18.999";"0.000";"";"0";"https://www.parashop.tn/image/cache/data/images_produits/Filorga/filorga-nutri-filler-lips-baume-levres-600x315w.jpg";"FILORGA NUTRI FILLER LIPS  pour réconforter les lèvres sèches et leur apporter rébond et éclat naturels. Disponible chez parashop tunisie à prix bas";"";"visage";"70.456";"-25%";"";"";"";"https://www.parashop.tn/visage/filorga-nutri-filler-lips-baume-levres-nutri-repulpant-4g"
"PS-FILORGA-OXYGEN-GLOW-CC-C-BCA141";"";"FILORGA OXYGEN GLOW CC CREME 40ML";"0.000";"0.000";"83.445";"99.000";"18.641";"0.000";"";"0";"https://www.parashop.tn/image/cache/catalog/produits/filorga/filorga-oxygen-glow-cc-creme-600x315w.jpg";"FILORGA OXYGEN GLOW CC CREME est disponible au meilleur prix chez votre parapharmacie parashop tunisie. Livraison gratuite dès 99DT";"";"visage";"99.300";"-25%";"";"";"";"https://www.parashop.tn/visage/filorga-oxygen-glow-cc-creme"
"PS-FILORGA-SKIN-PREP-CREME--7511B4";"";"FILORGA SKIN PREP Creme Exfoliante Enzymatique 75ML";"0.000";"0.000";"59.496";"99.000";"66.398";"0.000";"";"0";"https://www.parashop.tn/image/cache/catalog/produits/filorga/filorga-skin-prep-creme-exfoliante-enzymatique-75ml-600x315w.jpg";"FILORGA SKIN-PREP Creme Exfoliante Enzymatique est disponible au meilleur prix chez votre parapharmacie parashop tunisie. Livraison gratuite dès 99DT";"";"visage";"0.000";"-25%";"";"";"";"https://www.parashop.tn/visage/filorga-skin-prep-creme-exfoliante-enzymatique-75ml"
"PS-FILORGA-SKIN-PREP-GEL-NE-3251AC";"";"FILORGA SKIN PREP Gel Nettoyant aux AHA 150ML";"0.000";"0.000";"53.992";"99.000";"83.360";"0.000";"";"0";"https://www.parashop.tn/image/cache/catalog/produits/filorga/filorga-skin-prep-gel-nettoyant-aux-aha-150ml-600x315w.jpg";"FILORGA SKIN-PREP Gel Nettoyant aux AHA est disponible au meilleur prix chez votre parapharmacie parashop tunisie. Livraison gratuite dès 99DT";"";"visage";"112.850";"-25%";"";"";"";"https://www.parashop.tn/visage/filorga-skin-prep-gel-nettoyant-aux-aha-150ml"
"PS-FILORGA-SKIN-PREP-HUILE--5900B0";"";"FILORGA SKIN PREP Huile Demaquillante Perfectrice 150ML";"0.000";"0.000";"59.496";"99.000";"66.398";"0.000";"";"0";"https://www.parashop.tn/image/cache/catalog/produits/filorga/filorga-skin-prep-huile-demaquillante-perfectrice-150ml-600x315w.jpg";"FILORGA SKIN-PREP Huile Demaquillante Perfectrice est disponible au meilleur prix chez votre parapharmacie parashop tunisie. Livraison gratuite dès 99DT";"";"visage";"142.800";"-25%";"";"";"";"https://www.parashop.tn/visage/filorga-skin-prep-huile-demaquillante-perfectrice-150ml"
"PS-FILORGA-SKIN-PREP-MOUSSE-89CDBE";"";"FILORGA SKIN PREP Mousse Nettoyante Enzymatique 150ML";"0.000";"0.000";"58.824";"99.000";"68.299";"0.000";"";"0";"https://www.parashop.tn/image/cache/catalog/produits/filorga/filorga-skin-prep-mousse-nettoyante-enzymatique-150ml-600x315w.jpg";"FILORGA SKIN PREP Mousse Nettoyante est disponible au meilleur prix chez votre parapharmacie parashop tunisie. Livraison gratuite dès 99DT";"";"visage";"120.573";"-25%";"";"";"";"https://www.parashop.tn/visage/filorga-skin-prep-mousse-nettoyante-enzymatique-150ml"
"PS-FILORGA-SKIN-PREP-SOLUTI-5F7A16";"";"FILORGA SKIN PREP Solution Micellaire 400ML";"0.000";"0.000";"50.630";"99.000";"95.536";"0.000";"";"0";"https://www.parashop.tn/image/cache/catalog/produits/filorga/filorga-skin-prep-solution-micellaire-400ml-600x315w.jpg";"FILORGA SKIN PREP Solution Micellaire est disponible au meilleur prix chez votre parapharmacie parashop tunisie. Livraison gratuite dès 99DT";"";"visage";"0.000";"-25%";"";"";"";"https://www.parashop.tn/visage/filorga-skin-prep-solution-micellaire-400ml"
"PS-FILORGA-SKIN-UNIFY-RADIA-A106E0";"";"FILORGA SKIN UNIFY RADIANCE 15ML";"0.000";"0.000";"66.963";"79.686";"19.000";"0.000";"";"0";"https://www.parashop.tn/image/cache/catalog/produits/filorga/filorga-skin-unify-radiance-15ml-600x315w.jpg";"FILORGA SKIN-UNIFY RADIANCE est un nouveau rituel de soin pour transformer l";"";"visage";"113.837";"-25%";"";"";"";"https://www.parashop.tn/visage/filorga-skin-unify-radiance-15ml"
"PS-FILORGA-SLEEP-AND-PEEL-4-D313F5";"";"FILORGA SLEEP & PEEL 4.5 CREME MICRO PEELING NUIT";"0.000";"0.000";"101.084";"99.000";"0.000";"0.000";"";"0";"https://www.parashop.tn/image/cache/catalog/produits/filorga/filorga-sleep-and-peel-45-creme-micro-peeling-nuit-600x315w.jpg";"FILORGA SLEEP & PEEL 4.5 est disponible au meilleur prix chez votre parapharmacie parashop tunisie. Livraison gratuite dès 99DT";"";"visage";"120.290";"-25%";"";"";"";"https://www.parashop.tn/visage/filorga-sleep-and-peel-45-creme-micro-peeling-nuit"
"PS-FILORGA-TIME-FILLER-5XP--B7F678";"";"FILORGA TIME FILLER 5XP CREME CORRECTION TOUS TYPES DE RIDES 30ML";"0.000";"0.000";"63.513";"99.000";"55.874";"0.000";"";"0";"https://www.parashop.tn/image/cache/catalog/produits/filorga/filorga-time-filler-5xp-creme-correction-tous-types-de-rides-30ml-600x315w.jpg";"FILORGA TIME FILLER 5XP CREME CORRECTION TOUS TYPES DE RIDES est disponible au meilleur prix chez votre parapharmacie parashop tunisie. Livraison gratuite dès 99DT";"";"visage";"99.960";"-25%";"";"";"";"https://www.parashop.tn/visage/filorga-time-filler-5xp-creme-correction-tous-types-de-rides-30ml"
"PS-FILORGA-TIME-FILLER-INTE-DD1C76";"";"FILORGA TIME FILLER INTENSIVE 5XP 30ML";"0.000";"0.000";"146.218";"99.000";"0.000";"0.000";"";"0";"https://www.parashop.tn/image/cache/catalog/produits/filorga/filorga-time-filler-intensive-5xp-30ml-600x315w.jpg";"FILORGA TIME FILLER INTENSIVE 5XP est disponible au meilleur prix chez votre parapharmacie parashop tunisie. Livraison gratuite dès 99DT";"";"visage";"174.000";"-25%";"";"";"";"https://www.parashop.tn/visage/filorga-time-filler-intensive-5xp-30ml"
"PS-FILORGA-TIME-FILLER-5XP--F1572C";"";"FILORGA TIME FILLER SHOT 5XP 15ML";"0.000";"0.000";"127.731";"99.000";"0.000";"0.000";"";"0";"https://www.parashop.tn/image/cache/catalog/produits/filorga/filorga-time-filler-5xp-shot-15ml-600x315w.jpg";"FILORGA TIME FILLER SHOT 5XP est disponible au meilleur prix chez votre parapharmacie parashop tunisie. Livraison gratuite dès 99DT";"";"visage";"152.000";"-25%";"";"";"";"https://www.parashop.tn/visage/filorga-time-filler-5xp-shot-15ml"
"PS-PACK-ACM-DUOLYS-RICHE-IS-EC933F";"";"FLASH DEAL PACK ACM DUOLYS RICHE + ISDIN Solution Micellaire 400ML + GAMARDE Lait Nettoyant 200ML OFFERT";"0.000";"0.000";"86.400";"102.816";"19.000";"0.000";"";"0";"https://www.parashop.tn/image/cache/catalog/produits/acm/pack-acm-duolys-riche-isdin-solution-micellaire-400ml-gamarde-lait-nettoyant-200ml-offert-new-600x315w.jpg";"PACK ACM DUOLYS RICHE + ISDIN Solution Micellaire 400ML + GAMARDE Lait Nettoyant 200ML OFFERT";"";"visage";"161.364";"-25%";"";"";"";"https://www.parashop.tn/visage/pack-acm-duolys-riche-isdin-solution-micellaire-400ml-gamarde-lait-nettoyant-200ml-offert"
"PS-FLORESSANCE-HUILE-VEGETA-E28B3A";"";"FLORESSANCE HUILE VEGETALE COCO BIO 50ML";"0.000";"0.000";"23.171";"99.000";"327.258";"0.000";"";"0";"https://www.parashop.tn/image/cache/catalog/produits/floressance/floressance-huile-vegetale-coco-bio-50ml-600x315w.jpg";"FLORESSANCE HUILE VEGETALE COCO BIO est disponible au meilleur prix chez votre parapharmacie parashop tunisie. Livraison gratuite dès 99DT";"";"visage";"0.000";"-25%";"";"";"";"https://www.parashop.tn/visage/floressance-huile-vegetale-coco-bio-50ml"
"PS-LEA-NATURE-C77036";"";"LEA NATURE";"0.000";"0.000";"36.464";"43.392";"19.000";"0.000";"";"0";"https://www.parashop.tn/image/cache/data/marques/lea-nature-min-600x315w.jpg";"";"LEA NATURE FLORESSANCE APRES SHAMPOOING FEUILLES DE TILLEUL 200ML FLORESSANCE APRÈS-SHAMPOOING FEUILLES DE TILLEUL FLORE";"marque";"62.279";"-25%";"";"";"";"https://www.parashop.tn/lea-nature"
"PS-FLORESSANCE-HUILE-VEGETA-B8B304";"";"FLORESSANCE HUILE VEGETALE JOJOBA 50ML";"0.000";"0.000";"42.151";"99.000";"134.870";"0.000";"";"0";"https://www.parashop.tn/image/cache/catalog/produits/floressance/floressance-huile-vegetale-jojoba-50ml-600x315w.jpg";"FLORESSANCE HUILE VEGETALE JOJOBA est disponible au meilleur prix chez votre parapharmacie parashop tunisie. Livraison gratuite dès 99DT";"";"visage";"0.000";"-25%";"";"";"";"https://www.parashop.tn/visage/floressance-huile-vegetale-jojoba-50ml"
"PS-FLOXIA-DISCO-LAIT-UNIFIA-33639A";"";"FLOXIA Disco Lait Unifiant Hydratant 200ML";"0.000";"0.000";"47.100";"56.049";"19.000";"0.000";"";"0";"https://www.parashop.tn/image/cache/catalog/produits/floxia/floxia-disco-lait-unifiant-hydratant-200ml-600x315w.jpg";"FLOXIA Lait Unifiant Hydratant réconforte les peaux desséchées, les hydrate immédiatement, au meilleur prix chez parashop tunisie";"";"visage";"99.000";"-25%";"";"";"";"https://www.parashop.tn/visage/floxia-disco-lait-unifiant-hydratant-200ml"
"PS-FLOXIA-DISCO-SAVON-DERMO-1FA809";"";"FLOXIA Disco Savon Dermocosmetique Exfoliant 125 G";"0.000";"0.000";"17.314";"20.603";"18.996";"0.000";"";"0";"https://www.parashop.tn/image/cache/catalog/produits/floxia/floxia-disco-savon-dermocosmetique-exfoliant-125-g-600x315w.jpg";"FLOXIA Disco Savon Dermocosmétique Exfoliant unifie la peau et efface les taches pigmentaires brunes ou rouges. A prix bas chez parashop tunisie";"";"visage";"26.717";"-25%";"";"";"";"https://www.parashop.tn/visage/floxia-disco-savon-dermocosmetique-exfoliant-125-g"
"PS-FLOXIA-A027B1";"";"Floxia";"0.000";"0.000";"37.600";"44.744";"19.000";"0.000";"";"0";"https://www.parashop.tn/image/cache/data/marques/floxia-logo-min-600x315w.jpg";"";"Floxia FLOXIA Complement Alimentaire Cheveux et Ongles 42 comprimes FLOXIA Complement Alimentaire Cheveux et Ongles 42 c";"marque";"100.938";"-25%";"";"";"";"https://www.parashop.tn/floxia"
"PS-FLOXIA-GEL-NETTOYANT-DOU-EF1676";"";"FLOXIA GEL NETTOYANT DOUCEUR PEAUX AGRESSEES 200ML";"0.000";"0.000";"36.727";"99.000";"169.556";"0.000";"";"0";"https://www.parashop.tn/image/cache/catalog/produits/floxia/floxia-gel-nettoyant-douceur-peaux-agressees-200ml-600x315w.jpg";"FLOXIA GEL NETTOYANT DOUCEUR PEAUX AGRESSEES à bas prix en tunisie sur parashop votre parapharmacie en ligne. Livraison gratuite dès 99DT";"";"visage";"0.000";"-25%";"";"";"";"https://www.parashop.tn/visage/floxia-gel-nettoyant-douceur-peaux-agressees-200ml"
"PS-FLOXIA-MOUSSE-PURIFIANTE-1EA7E0";"";"FLOXIA MOUSSE PURIFIANTE SANS SAVON 150ML";"0.000";"0.000";"35.649";"99.000";"177.708";"0.000";"";"0";"https://www.parashop.tn/image/cache/catalog/produits/floxia/floxia-mousse-purifiante-sans-savon-150ml-600x315w.jpg";"FLOXIA MOUSSE PURIFIANTE SANS SAVON est disponible au meilleur prix chez votre parapharmacie parashop tunisie. Livraison gratuite dès 99DT";"";"visage";"0.000";"-25%";"";"";"";"https://www.parashop.tn/visage/floxia-mousse-purifiante-sans-savon-150ml"
"PS-FLOXIA-SAVON-EXFOLIANT-P-709ECE";"";"FLOXIA SAVON EXFOLIANT PURIFIANT SEBOREGULATEUR 125 G";"0.000";"0.000";"18.352";"99.000";"439.451";"0.000";"";"0";"https://www.parashop.tn/image/cache/catalog/produits/floxia/floxia-savon-exfoliant-purifiant-seboregulateur-125-g-600x315w.jpg";"FLOXIA SAVON EXFOLIANT PURIFIANT SEBOREGULATEUR est disponible au meilleur prix chez votre parapharmacie parashop tunisie. Livraison gratuite dès 99DT";"";"visage";"0.000";"-25%";"";"";"";"https://www.parashop.tn/visage/floxia-savon-exfoliant-purifiant-seboregulateur-125-g"
"PS-GAMARDE-BAUME-LEVRES-10M-6BD87B";"";"GAMARDE BAUME A LEVRES 10ML";"0.000";"0.000";"18.000";"99.000";"450.000";"0.000";"";"0";"https://www.parashop.tn/image/cache/catalog/produits/gamarde/gamarde-baume-levres-10ml-600x315w.jpg";"GAMARDE BAUME A LEVRES est disponible au meilleur prix chez votre parapharmacie parashop tunisie. Livraison gratuite dès 99DT";"";"visage";"142.800";"-25%";"";"";"";"https://www.parashop.tn/visage/gamarde-baume-levres-10ml"
"PS-GAMARDE-5F39DB";"";"GAMARDE";"0.000";"0.000";"18.000";"21.420";"19.000";"0.000";"";"0";"https://www.parashop.tn/image/cache/catalog/marques/gamarde-logo-600x315w.png";"";"GAMARDE GAMARDE BAUME A LEVRES 10ML GAMARDE BAUME A LEVRES 10MLGAMARDE BAUME A LEVRES possède une formule riche en actif";"marque";"64.260";"-25%";"";"";"";"https://www.parashop.tn/gamarde"
"PS-GAMARDE-BB-CREAM-PEAUX-C-0AA410";"";"GAMARDE BB Cream Peaux Claires - Light";"0.000";"0.000";"54.000";"99.000";"83.333";"0.000";"";"0";"https://www.parashop.tn/image/cache/catalog/produits/gamarde/gamarde-bb-cream-peaux-claires-light-600x315w.jpg";"GAMARDE BB Cream Peaux Claires Light est disponible au meilleur prix chez votre parapharmacie parashop tunisie. Livraison gratuite dès 99DT";"";"visage";"122.808";"-25%";"";"";"";"https://www.parashop.tn/visage/gamarde-bb-cream-peaux-claires-light"
"PS-GAMARDE-BB-CREAM-PEAUX-M-4A453D";"";"GAMARDE BB Cream Peaux Mates - Dark";"0.000";"0.000";"54.000";"99.000";"83.333";"0.000";"";"0";"https://www.parashop.tn/image/cache/catalog/produits/gamarde/gamarde-bb-cream-peaux-mates-dark-600x315w.jpg";"GAMARDE BB Cream Peaux Mates Dark est disponible au meilleur prix chez votre parapharmacie parashop tunisie. Livraison gratuite dès 99DT";"";"visage";"0.000";"-25%";"";"";"";"https://www.parashop.tn/visage/gamarde-bb-cream-peaux-mates-dark"
"PS-GAMARDE-BEAUTE-SATINEE-1-569117";"";"GAMARDE BEAUTE SATINEE 100ML";"0.000";"0.000";"57.600";"99.000";"71.875";"0.000";"";"0";"https://www.parashop.tn/image/cache/catalog/produits/gamarde/gamarde-beaute-satinee-100ml-600x315w.jpg";"GAMARDE BEAUTE SATINEE est disponible au meilleur prix chez votre parapharmacie parashop tunisie. Livraison gratuite dès 99DT";"";"visage";"0.000";"-25%";"";"";"";"https://www.parashop.tn/visage/gamarde-beaute-satinee-100ml"
"PS-GAMARDE-CREME-HYDRATANTE-FC736F";"";"GAMARDE CREME HYDRATANTE RICHE 40ML";"0.000";"0.000";"36.000";"99.000";"175.000";"0.000";"";"0";"https://www.parashop.tn/image/cache/catalog/produits/gamarde/gamarde-creme-hydratante-riche-40ml-600x315w.jpg";"GAMARDE CREME HYDRATANTE RICHE est disponible au meilleur prix chez votre parapharmacie parashop tunisie. Livraison gratuite dès 99DT";"";"visage";"0.000";"-25%";"";"";"";"https://www.parashop.tn/visage/gamarde-creme-hydratante-riche-40ml"
"PS-GAMARDE-CREME-ULTRA-RICH-86B1ED";"";"GAMARDE CREME ULTRA RICHE 40ML";"0.000";"0.000";"38.400";"99.000";"157.813";"0.000";"";"0";"https://www.parashop.tn/image/cache/catalog/produits/gamarde/gamarde-creme-ultra-riche-40ml-600x315w.jpg";"GAMARDE CREME ULTRA RICHE est disponible au meilleur prix chez votre parapharmacie parashop tunisie. Livraison gratuite dès 99DT";"";"visage";"0.000";"-25%";"";"";"";"https://www.parashop.tn/visage/gamarde-creme-ultra-riche-40ml"
"PS-GAMARDE-EAU-MICELLAIRE-D-75819B";"";"GAMARDE EAU MICELLAIRE DOUCEUR 200ML";"0.000";"0.000";"34.800";"99.000";"184.483";"0.000";"";"0";"https://www.parashop.tn/image/cache/catalog/produits/gamarde/gamarde-eau-micellaire-douceur-200ml-600x315w.jpg";"GAMARDE EAU MICELLAIRE DOUCEUR est disponible au meilleur prix chez votre parapharmacie parashop tunisie. Livraison gratuite dès 99DT";"";"visage";"121.023";"-25%";"";"";"";"https://www.parashop.tn/visage/gamarde-eau-micellaire-douceur-200ml"
"PS-GAMARDE-EAU-MOUSSANTE-PU-5E081F";"";"GAMARDE EAU MOUSSANTE PURIFIANTE 200ML";"0.000";"0.000";"38.400";"99.000";"157.813";"0.000";"";"0";"https://www.parashop.tn/image/cache/catalog/produits/gamarde/gamarde-eau-moussante-purifiante-200ml-600x315w.jpg";"GAMARDE EAU MOUSSANTE PURIFIANTE est disponible au meilleur prix chez votre parapharmacie parashop tunisie. Livraison gratuite dès 99DT";"";"visage";"0.000";"-25%";"";"";"";"https://www.parashop.tn/visage/gamarde-eau-moussante-purifiante-200ml"
"PS-GAMARDE-EAU-THERMALE-100-4CEA33";"";"GAMARDE EAU THERMALE 100ML";"0.000";"0.000";"12.000";"99.000";"725.000";"0.000";"";"0";"https://www.parashop.tn/image/cache/catalog/produits/gamarde/gamarde-eau-thermale-100-ml-600x315w.jpg";"GAMARDE EAU THERMALE 100ML est disponible au meilleur prix chez votre parapharmacie parashop tunisie. Livraison gratuite dès 99DT";"";"visage";"0.000";"-25%";"";"";"";"https://www.parashop.tn/visage/gamarde-eau-thermale-100ml"
"PS-GAMARDE-EAU-THERMALE-250-5D478F";"";"GAMARDE EAU THERMALE 250ML";"0.000";"0.000";"21.000";"99.000";"371.429";"0.000";"";"0";"https://www.parashop.tn/image/cache/catalog/produits/gamarde/gamarade-eau-thermale-250m-600x315w.jpg";"GAMARDE EAU THERMALE est disponible au meilleur prix chez votre parapharmacie parashop tunisie. Livraison gratuite dès 99DT";"";"visage";"122.808";"-25%";"";"";"";"https://www.parashop.tn/visage/gamarde-eau-thermale-250ml"
"PS-GAMARDE-ELIXIR-HYDRATANT-EBA0F4";"";"GAMARDE ELIXIR HYDRATANT 30ML";"0.000";"0.000";"57.600";"99.000";"71.875";"0.000";"";"0";"https://www.parashop.tn/image/cache/catalog/produits/gamarde/gamarde-elixir-hydratant-30ml-600x315w.jpg";"GAMARDE ELIXIR HYDRATANT est disponible au meilleur prix chez votre parapharmacie parashop tunisie. Livraison gratuite dès 99DT";"";"visage";"122.808";"-25%";"";"";"";"https://www.parashop.tn/visage/gamarde-elixir-hydratant-30ml"
"PS-GAMARDE-EPIDERM-CICA-REP-7D3402";"";"GAMARDE Epiderm+ Cica Repar Soin Reparateur 40ML";"0.000";"0.000";"36.000";"99.000";"175.000";"0.000";"";"0";"https://www.parashop.tn/image/cache/catalog/produits/gamarde/gamarde-epiderm-cica-repar-soin-reparateur-40ml-600x315w.jpg";"GAMARDE Epiderm+ Cica Repar Soin Reparateur est disponible au meilleur prix chez votre parapharmacie parashop tunisie. Livraison gratuite dès 99DT";"";"visage";"0.000";"-25%";"";"";"";"https://www.parashop.tn/visage/gamarde-epiderm-cica-repar-soin-reparateur-40ml"
"PS-GAMARDE-FLUIDE-HYDRATANT-EC6C09";"";"GAMARDE FLUIDE HYDRATANT LEGER 40ML";"0.000";"0.000";"38.400";"99.000";"157.813";"0.000";"";"0";"https://www.parashop.tn/image/cache/catalog/produits/gamarde/gamarde-fluide-hydratant-leger-40ml-600x315w.jpg";"GAMARDE FLUIDE HYDRATANT LEGER est disponible au meilleur prix chez votre parapharmacie parashop tunisie. Livraison gratuite dès 99DT";"";"visage";"142.800";"-25%";"";"";"";"https://www.parashop.tn/visage/gamarde-fluide-hydratant-leger-40ml"
"PS-GAMARDE-GOMMAGE-DOUCEUR--4C7183";"";"GAMARDE Gommage Douceur 40ML";"0.000";"0.000";"27.600";"99.000";"258.696";"0.000";"";"0";"https://www.parashop.tn/image/cache/catalog/produits/gamarde/gamarde-gommage-douceur-40ml-600x315w.jpg";"GAMARDE Gommage Douceur est disponible au meilleur prix chez votre parapharmacie parashop tunisie. Livraison gratuite dès 99DT";"";"visage";"0.000";"-25%";"";"";"";"https://www.parashop.tn/visage/gamarde-gommage-douceur-40ml"
"PS-GAMARDE-LAIT-NETTOYANT-D-F826C7";"";"GAMARDE Lait Nettoyant Douceur 200ML";"0.000";"0.000";"39.600";"99.000";"150.000";"0.000";"";"0";"https://www.parashop.tn/image/cache/catalog/produits/gamarde/gamarde-lait-nettoyant-douceur-200ml-600x315w.jpg";"GAMARDE Lait Nettoyant Douceur est disponible au meilleur prix chez votre parapharmacie parashop tunisie. Livraison gratuite dès 99DT";"";"visage";"122.808";"-25%";"";"";"";"https://www.parashop.tn/visage/gamarde-lait-nettoyant-douceur-200ml"
"PS-GAMARDE-PRES-AGE-SOIN-JO-023015";"";"GAMARDE Pres Age Soin Jour Et Nuit Anti Age 40ML";"0.000";"0.000";"48.000";"99.000";"106.250";"0.000";"";"0";"https://www.parashop.tn/image/cache/catalog/produits/gamarde/gamarde-pres-age-soin-jour-nuit-anti-age-600x315w.jpg";"GAMARDE Pres Age Soin Jour Et Nuit Anti Age est disponible au meilleur prix chez votre parapharmacie parashop tunisie. Livraison gratuite dès 99DT";"";"visage";"0.000";"-25%";"";"";"";"https://www.parashop.tn/visage/gamarde-pres-age-soin-jour-nuit-anti-age-40ml"
"PS-GAMARDE-SEBO-CONTROL-FLU-3D77F0";"";"GAMARDE Sebo Control Fluide Equilibrant 40ML";"0.000";"0.000";"38.400";"99.000";"157.813";"0.000";"";"0";"https://www.parashop.tn/image/cache/catalog/produits/gamarde/gamarde-sebo-control-fluide-equilibrant-40ml-600x315w.jpg";"GAMARDE Sebo Control Fluide Equilibrant est disponible au meilleur prix chez votre parapharmacie parashop tunisie. Livraison gratuite dès 99DT";"";"visage";"118.488";"-25%";"";"";"";"https://www.parashop.tn/visage/gamarde-sebo-control-fluide-equilibrant-40ml"
"PS-GAMARDE-WHITE-EFFECT-LOT-91DF99";"";"GAMARDE White Effect Lotion Eclat 200ML";"0.000";"0.000";"45.600";"99.000";"117.105";"0.000";"";"0";"https://www.parashop.tn/image/cache/catalog/produits/gamarde/gamarde-white-effect-lotion-eclat-200ml-600x315w.jpg";"GAMARDE White Effect Lotion Eclat est disponible au meilleur prix chez votre parapharmacie parashop tunisie. Livraison gratuite dès 99DT";"";"visage";"102.702";"-25%";"";"";"";"https://www.parashop.tn/visage/gamarde-white-effect-lotion-eclat-200ml"
"PS-GAMARDE-WHITE-EFFECT-SER-653247";"";"GAMARDE White Effect Serum Eclat 30ML";"0.000";"0.000";"52.800";"99.000";"87.500";"0.000";"";"0";"https://www.parashop.tn/image/cache/catalog/produits/gamarde/gamarde-white-effect-serum-eclat-30-ml-600x315w.jpg";"GAMARDE White Effect Serum Eclat est disponible au meilleur prix chez votre parapharmacie parashop tunisie. Livraison gratuite dès 99DT";"";"visage";"168.504";"-25%";"";"";"";"https://www.parashop.tn/visage/gamarde-white-effect-serum-eclat-30ml"
"PS-GAMARDE-WHITE-EFFECT-SOI-F28218";"";"GAMARDE White Effect Soin Eclat Jour 40ML";"0.000";"0.000";"48.000";"99.000";"106.250";"0.000";"";"0";"https://www.parashop.tn/image/cache/catalog/produits/gamarde/gamarde-white-effect-soin-eclat-jour-40ml-600x315w.jpg";"GAMARDE White Effect Soin Eclat Jour est disponible au meilleur prix chez votre parapharmacie parashop tunisie. Livraison gratuite dès 99DT";"";"visage";"168.504";"-25%";"";"";"";"https://www.parashop.tn/visage/gamarde-white-effect-soin-eclat-jour-40ml"
"PS-GAMARDE-WHITE-EFFECT-SOI-EA3588";"";"GAMARDE White Effect Soin Eclat Nuit 40ML";"0.000";"0.000";"54.000";"99.000";"83.333";"0.000";"";"0";"https://www.parashop.tn/image/cache/catalog/produits/gamarde/gamarde-white-effect-soin-eclat-nuit-40ml-600x315w.jpg";"GAMARDE White Effect Soin Eclat Nuit est disponible au meilleur prix chez votre parapharmacie parashop tunisie. Livraison gratuite dès 99DT";"";"visage";"0.000";"-25%";"";"";"";"https://www.parashop.tn/visage/gamarde-white-effect-soin-eclat-nuit-40ml"
"PS-GLYCERIALL-GLYCERINE-VEG-0FCBB0";"";"GLYCERIALL GLYCERINE VEGETALE A L";"0.000";"0.000";"8.400";"99.000";"1078.571";"0.000";"";"0";"https://www.parashop.tn/image/cache/catalog/produits/glyceriall/glyceriall-glycerine-vegetale-a-laloe-vera-90-ml-600x315w.jpg";"Commandez GLYCERIALL GLYCERINE VEGETALE A L";"";"visage";"0.000";"-25%";"";"";"";"https://www.parashop.tn/visage/glyceriall-glycerine-vegetale-a-laloe-vera-90-ml"
"PS-GLYCERINA-CREME-PROTECTR-4D8CB9";"";"Glycerina Creme Protectrice 100ML";"0.000";"0.000";"9.480";"99.000";"944.304";"0.000";"";"0";"https://www.parashop.tn/image/cache/catalog/produits/glycerina-creme-protectrice-100ml-600x315w.jpg";"Hydrater votre peau avec Glycerina Creme Protectrice à bas prix en tunisie sur parashop votre parapharmacie en ligne. Livraison gratuite dès 99DT";"";"visage";"0.000";"-25%";"";"";"";"https://www.parashop.tn/visage/glycerina-creme-protectrice-100ml"
"PS-GLYCERINE-VEGETALE-PARFU-1DAE3B";"";"GLYCERINE VEGETALE PARFUMEE 90ML";"0.000";"0.000";"3.422";"99.000";"2793.045";"0.000";"";"0";"https://www.parashop.tn/image/cache/catalog/produits/glycerine-vegetale-parfumee-90ml-600x315w.jpg";"Découvrez le soin multitâche GLYCERINE VEGETALE PARFUMEE à bas prix en tunisie sur parashop votre parapharmacie en ligne. Livraison gratuite dès 99DT";"";"visage";"145.777";"-25%";"";"";"";"https://www.parashop.tn/visage/glycerine-vegetale-parfumee-90ml"
"PS-HELIOCARE-360-AIRGEL-SPF-7C4A7E";"";"Heliocare 360 AirGel SPF50+ 60ML";"0.000";"0.000";"56.478";"67.209";"19.000";"0.000";"";"0";"https://www.parashop.tn/image/cache/catalog/produits/heliocare/heliocare-360-airgel-spf50-600x315w.jpg";"Heliocare Airgel assure une protection efficace et précise contre les rayons UVB, UVA, visibles et infrarouges, à prix bas chez parashop tunisie";"";"visage";"73.815";"-25%";"";"";"";"https://www.parashop.tn/visage/heliocare-360-airgel-spf50-60ml"
"PS-HELIOCARE-360-COLOR-BEIG-58D5BF";"";"Heliocare 360 Color Gel Oil Free SPF50+ Beige";"0.000";"0.000";"60.504";"99.000";"63.626";"0.000";"";"0";"https://www.parashop.tn/image/cache/catalog/produits/heliocare/heliocare-360°-color-beige-oil-free-gel-spf50-600x315w.jpg";"Heliocare 360 Color Gel Oil Free SPF50+ Beige à bas prix en tunisie sur parashop votre parapharmacie en ligne. Livraison gratuite dès 99DT";"";"visage";"117.304";"-25%";"";"";"";"https://www.parashop.tn/visage/heliocare-360-color-beige-oil-free-gel-spf50"
"PS-HELIOCARE-360-COLOR-BRON-9130BB";"";"Heliocare 360 Color Gel Oil Free SPF50+ Bronze";"0.000";"0.000";"60.503";"99.000";"63.628";"0.000";"";"0";"https://www.parashop.tn/image/cache/catalog/produits/heliocare/heliocare-360°-color-bronze-oil-free-gel-spf50-600x315w.jpg";"Heliocare 360 Color Gel Oil Free SPF50+ bronze à bas prix en tunisie sur parashop votre parapharmacie en ligne. Livraison gratuite dès 99DT";"";"visage";"0.000";"-25%";"";"";"";"https://www.parashop.tn/visage/heliocare-360-color-bronze-oil-free-gel-spf50"
"PS-HELIOCARE-D71F9C";"";"HELIOCARE";"0.000";"0.000";"56.478";"67.209";"19.000";"0.000";"";"0";"https://www.parashop.tn/image/cache/data/marques/heliocare-logo-min-600x315w.jpg";"";"HELIOCARE Heliocare 360 AirGel SPF50+ 60ML Heliocare 360 AirGel SPF50+ 60MLHeliocare 360 AirGel spf50 de texture gel uni";"marque";"72.000";"-25%";"";"";"";"https://www.parashop.tn/heliocare"
"PS-HELIOCARE-360-C2-B0-COLO-6FDD0E";"";"Heliocare 360 Color Gel Oil Free SPF50+ Pearl";"0.000";"0.000";"60.503";"99.000";"63.628";"0.000";"";"0";"https://www.parashop.tn/image/cache/catalog/produits/heliocare/heliocare-360°-color-beige-oil-free-gel-spf50-600x315w.jpg";"Heliocare 360 Color Gel Oil Free SPF50+ Pearl à bas prix en tunisie sur parashop votre parapharmacie en ligne. Livraison gratuite dès 99DT";"";"visage";"111.600";"-25%";"";"";"";"https://www.parashop.tn/visage/heliocare-360%C2%B0-color-gel-oil-free-spf50-pearl"
"PS-HYCOT-COTON-DISQUE-100-D-D9F54C";"";"HYCOT Coton Disques 100 Disques";"0.000";"0.000";"3.954";"4.705";"18.993";"0.000";"";"0";"https://www.parashop.tn/image/cache/catalog/produits/hycot-coton-disque-100-disques-600x315w.jpg";"HYCOT Coton Disques sont des disques à base de coton hydrophile de qualité supérieure. A prix bas chez parashop tunisie";"";"visage";"113.424";"-25%";"";"";"";"https://www.parashop.tn/visage/hycot-coton-disque-100-disques"
"PS-HYFAC-CLARIFAC-SOIN-ANTI-1591F1";"";"Hyfac Clarifac Soin Anti Taches 40ML";"0.000";"0.000";"45.811";"54.515";"19.000";"0.000";"";"0";"https://www.parashop.tn/image/cache/catalog/produits/hyfac/hyfac-clarifac-soin-anti-taches-40ml-600x315w.jpg";"Hyfac Clarifac Soin Anti Taches est destiné aux peaux avec des taches pigmentées dues à l";"";"visage";"72.043";"-25%";"";"";"";"https://www.parashop.tn/visage/hyfac-clarifac-soin-anti-taches-40ml"
"PS-HYFAC-37A1ED";"";"HYFAC";"0.000";"0.000";"45.811";"54.515";"19.000";"0.000";"";"0";"https://www.parashop.tn/image/cache/catalog/marques/hyfac-logo-new-600x315w.jpg";"";"HYFAC Hyfac Clarifac Soin Anti Taches 40ML Hyfac Clarifac Soin Anti Taches 40MLHyfac Clarifac Soin Anti Taches est un so";"marque";"60.917";"-25%";"";"";"";"https://www.parashop.tn/hyfac"
"PS-HYFAC-GEL-NETTOYANT-PURI-812604";"";"HYFAC Gel nettoyant purifiant 150ML";"0.000";"0.000";"34.661";"41.246";"18.998";"0.000";"";"0";"https://www.parashop.tn/image/cache/catalog/produits/hyfac/hyfac-gel-nettoyant-purifiant-150ml-600x315w.jpg";"HYFAC Gel nettoyant purifiant nettoie la peau en douceur, facilite l’élimination des impuretés et l’excès de sébum, à prix bas en tunisie";"";"visage";"42.840";"-25%";"";"";"";"https://www.parashop.tn/visage/hyfac-gel-nettoyant-purifiant-150ml"
"PS-HYFAC-GEL-NETTOYANT-PURI-9B0F2B";"";"HYFAC Gel nettoyant purifiant 300ML";"0.000";"0.000";"39.230";"99.000";"152.358";"0.000";"";"0";"https://www.parashop.tn/image/cache/catalog/produits/hyfac/hyfac-gel-nettoyant-purifiant-300ml-600x315w.jpg";"Achetez HYFAC Gel nettoyant purifiant 300ML à bas prix en tunisie sur parashop votre parapharmacie en ligne. Livraison gratuite dès 99DT";"";"visage";"131.376";"-25%";"";"";"";"https://www.parashop.tn/visage/hyfac-gel-nettoyant-purifiant-300ml"
"PS-HYFAC-HYDRAFAC-CREME-LEG-91FC74";"";"Hyfac Hydrafac CREME LEGERE 40ML";"0.000";"0.000";"31.463";"37.440";"18.997";"0.000";"";"0";"https://www.parashop.tn/image/cache/catalog/produits/hyfac/hyfac-hydrafac-creme-legere-40ml-600x315w.jpg";"Hyfac Hydrafac CREME LEGERE pour la peau normale à mixte hydrate et apaise la peau. Au meilleur prix chez parashop tunisie";"";"visage";"41.600";"-25%";"";"";"";"https://www.parashop.tn/visage/hyfac-hydrafac-creme-legere-40ml"
"PS-HYFAC-HYDRAFAC-CREME-RIC-71C6A9";"";"HYFAC HYDRAFAC CREME RICHE 40ML";"0.000";"0.000";"31.458";"37.435";"19.000";"0.000";"";"0";"https://www.parashop.tn/image/cache/catalog/produits/hyfac/hyfac-hydrafac-creme-riche-40ml-600x315w.jpg";"HYFAC HYDRAFAC CREME RICHE protège et apaise la peau durablement. Disponible à prox bas chez parashop tunisie";"";"visage";"41.595";"-25%";"";"";"";"https://www.parashop.tn/visage/hyfac-hydrafac-creme-riche-40ml"
"PS-HYFAC-MOUSSE-NETTOYANTE--9F51C4";"";"HYFAC MOUSSE NETTOYANTE EXFOLIANTE 150ML";"0.000";"0.000";"37.109";"99.000";"166.782";"0.000";"";"0";"https://www.parashop.tn/image/cache/catalog/produits/hyfac/hyfac-mousse-nettoyante-exfoliante-150ml-600x315w.jpg";"HYFAC MOUSSE NETTOYANTE EXFOLIANTE est disponible au meilleur prix chez votre parapharmacie parashop tunisie. Livraison gratuite dès 99DT";"";"visage";"0.000";"-25%";"";"";"";"https://www.parashop.tn/visage/hyfac-mousse-nettoyante-exfoliante-150ml"
"PS-HYFAC-PAIN-NETTOYANT-PUR-5CD975";"";"HYFAC PAIN NETTOYANT PURIFIANT 100GR";"0.000";"0.000";"24.487";"99.000";"304.296";"0.000";"";"0";"https://www.parashop.tn/image/cache/catalog/produits/hyfac/hyfac-pain-nettoyant-purifiant-100gr-600x315w.jpg";"HYFAC PAIN NETTOYANT PURIFIANT est disponible au meilleur prix chez votre parapharmacie parashop tunisie. Livraison gratuite dès 99DT";"";"visage";"0.000";"-25%";"";"";"";"https://www.parashop.tn/visage/hyfac-pain-nettoyant-purifiant-100gr"
"PS-HYFAC-PATCH-SPECIAL-IMPE-DE472D";"";"Hyfac Patch Anti Imperfections";"0.000";"0.000";"23.300";"27.727";"19.000";"0.000";"";"0";"https://www.parashop.tn/image/cache/catalog/produits/hyfac/hyfac-patch-special-imperfections-600x315w.jpg";"Hyfac Patch Anti Imperfections permet d";"";"visage";"46.684";"-25%";"";"";"";"https://www.parashop.tn/visage/hyfac-patch-special-imperfections-2-sachets-de-15-patchs"
"PS-HYFAC-SOIN-GLOBAL-40ML-53E735";"";"Hyfac Soin Global Peaux à Imperfections 40ML";"0.000";"0.000";"38.018";"45.242";"19.002";"0.000";"";"0";"https://www.parashop.tn/image/cache/catalog/produits/hyfac/hyfac-soin-global-40ml-600x315w.jpg";"Hyfac Soin Global agit en réduisant les imperfections et désincruste.il permet la purification de la peau. Au meilleu prix chez parashop tunisie";"";"visage";"72.000";"-25%";"";"";"";"https://www.parashop.tn/visage/hyfac-soin-global-40ml"
"PS-HYFAC-WOMAN-EAU-MICELLAI-C7A238";"";"Hyfac Woman Eau micellaire 200ML";"0.000";"0.000";"38.142";"45.389";"19.000";"0.000";"";"0";"https://www.parashop.tn/image/cache/catalog/produits/hyfac/hyfac-woman-eau-micellaire-200ml-600x315w.jpg";"Hyfac Woman Eau micellaire assure le nettoyage de votre peau et élimine le maquillage même waterproof. A prix bas chez parashop tunisie";"";"visage";"49.903";"-25%";"";"";"";"https://www.parashop.tn/visage/hyfac-woman-eau-micellaire-200ml"
"PS-HYFAC-WOMAN-GOMMAGE-DOUC-7B581C";"";"HYFAC WOMAN GOMMAGE DOUCEUR 40ML";"0.000";"0.000";"36.970";"43.994";"18.999";"0.000";"";"0";"https://www.parashop.tn/image/cache/data/images_produits/HYFAC/hyfac-woman-gommage-douceur-40ml-600x315w.jpg";"HYFAC WOMAN GOMMAGE DOUCEUR est un exfoliant pour les femmes adultes à imperfections. Au meilleur prix chez parashop tunisie";"";"visage";"93.900";"-25%";"";"";"";"https://www.parashop.tn/visage/hyfac-woman-gommage-douceur-40ml"
"PS-HYFAC-WOMAN-SOIN-GLOBAL--BC8D20";"";"HYFAC Woman SOIN GLOBAL ANTI IMPERFECTIONS 40ML";"0.000";"0.000";"35.645";"42.417";"18.998";"0.000";"";"0";"https://www.parashop.tn/image/cache/catalog/produits/hyfac/hyfac-woman-soin-global-40ml-600x315w.jpg";"Hyfac Soin du visage complet destiné aux femmes ayant une peau à imperfections et limite la formation des boutons inflammatoires et lutte contre l’acné.";"";"visage";"49.903";"-25%";"";"";"";"https://www.parashop.tn/visage/hyfac-woman-soin-global-40ml"
"PS-IALUSKIN-CREME-CICATRISA-351233";"";"IALUSKIN CREME CICATRISANTE 70G";"0.000";"0.000";"20.633";"99.000";"379.814";"0.000";"";"0";"https://www.parashop.tn/image/cache/catalog/produits/opalia/ialuskin-creme-cicatrisante-70g-600x315w.jpg";"Ne laissez pas les imperfections cutanées vous freiner IALUSKIN CREME CICATRISANTE à bas prix en tunisie sur parashop votre parapharmacie en ligne. Livraison gratuite dès 99DT";"";"visage";"0.000";"-25%";"";"";"";"https://www.parashop.tn/visage/ialuskin-creme-cicatrisante-70g"
"PS-OPALIA-RECORDATI-6562A6";"";"OPALIA RECORDATI";"0.000";"0.000";"11.513";"13.700";"18.996";"0.000";"";"0";"https://www.parashop.tn/image/cache/catalog/marques/opalia-recordati-logo-600x315w.jpg";"";"OPALIA RECORDATI COMBIMAG 30 GELULES COMBIMAG 30 GELULESCOMBIMAG est un complément alimentaire constitué d’un mélange sy";"marque";"16.980";"-25%";"";"";"";"https://www.parashop.tn/opalia-recordati"
"PS-HYALU-SERUM-23-CONTOUR-D-EF410F";"";"INNODERM Hyalu Serum 2.3 Contour des yeux ciblage Rides + Cernes";"0.000";"0.000";"120.403";"143.280";"19.000";"0.000";"";"0";"https://www.parashop.tn/image/cache/catalog/produits/innoderm/hyalu-serum-23-contour-des-yeux-ciblage-rides-cernes-600x315w.jpg";"INNODERM Hyalu Contour des yeux ciblage rides+cernes atténue les problèmes vasculaires cause des cernes, à prix bas en tunisie";"";"visage";"0.000";"-25%";"";"";"";"https://www.parashop.tn/visage/hyalu-serum-23-contour-des-yeux-ciblage-rides-cernes"
"PS-HYALU-SERUM-23-CONTOUR-D-A44415";"";"INNODERM Hyalu Serum 2.3 contour des yeux ciblage Rides + Poches";"0.000";"0.000";"120.403";"143.280";"19.000";"0.000";"";"0";"https://www.parashop.tn/image/cache/catalog/produits/innoderm/hyalu-serum-23-contour-des-yeux-ciblage-rides-poches-600x315w.jpg";"Hyalu Serum 2.3 contour des yeux rides + poches  atténue les œdèmes et les poches. Au meilleur prix chez parashop tunisie";"";"visage";"222.400";"-25%";"";"";"";"https://www.parashop.tn/visage/hyalu-serum-23-contour-des-yeux-ciblage-rides-poches"
"PS-HYALU-SERUM-23-SERUM-REC-DA4A31";"";"INNODERM Hyalu Serum 2.3 Serum Reconstructeur Anti age";"0.000";"0.000";"168.403";"200.400";"19.000";"0.000";"";"0";"https://www.parashop.tn/image/cache/catalog/produits/innoderm/hyalu-serum-23-serum-reconstructeur-anti-age-600x315w.jpg";"Hyalu Serum 2.3 Serum Reconstructeur Anti age permet l";"";"visage";"0.000";"-25%";"";"";"";"https://www.parashop.tn/visage/hyalu-serum-23-serum-reconstructeur-anti-age"
"PS-INNOVADERM-BEAUTYLIPS-BA-9A99A8";"";"INNOVADERM BEAUTYLIPS BAUME A LEVRE SPF20 15ML";"0.000";"0.000";"11.867";"99.000";"734.246";"0.000";"";"0";"https://www.parashop.tn/image/cache/catalog/produits/innovaderm/innovaderm-beautylips-baume-a-levre-spf20-15-ml-600x315w.jpg";"INNOVADERM BEAUTYLIPS BAUME A LEVRE SPF20 est disponible au meilleur prix chez votre parapharmacie parashop tunisie. Livraison gratuite dès 99DT";"";"visage";"0.000";"-25%";"";"";"";"https://www.parashop.tn/visage/innovaderm-beautylips-baume-a-levre-spf20-15ml"
"PS-INNOVADERM-BEAUTYLIPS-ST-85B645";"";"INNOVADERM BEAUTYLIPS STICK A LEVRES HYDRATANT SPF20";"0.000";"0.000";"7.059";"99.000";"1302.465";"0.000";"";"0";"https://www.parashop.tn/image/cache/catalog/produits/innovaderm/innovaderm-beautylips-stick-a-levres-hydratant-spf20-600x315w.jpg";"INNOVADERM BEAUTYLIPS STICK A LEVRES HYDRATANT SPF20 à bas prix en tunisie sur parashop votre parapharmacie en ligne. Livraison gratuite dès 99DT";"";"visage";"0.000";"-25%";"";"";"";"https://www.parashop.tn/visage/innovaderm-beautylips-stick-a-levres-hydratant-spf20"
"PS-INNOVADERM-CREME-ANTI-IM-07902B";"";"INNOVADERM CREME ANTI IMPERFECTIONS ACNEBAK 40ML";"0.000";"0.000";"41.849";"99.000";"136.565";"0.000";"";"0";"https://www.parashop.tn/image/cache/catalog/produits/innovaderm/innovaderm-creme-anti-imperfections-acnebak-40ml-600x315w.jpg";"INNOVADERM CREME ANTI IMPERFECTIONS ACNEBAK à bas prix en tunisie sur parashop votre parapharmacie en ligne. Livraison gratuite dès 99DT";"";"visage";"0.000";"-25%";"";"";"";"https://www.parashop.tn/visage/innovaderm-creme-anti-imperfections-acnebak-40-ml"
"PS-INNOVADERM-CREME-ENCAPSU-F1E40F";"";"INNOVADERM CREME ENCAPSULEE ANTI AGE TRI HYALURONIQUE 50ML";"0.000";"0.000";"55.784";"99.000";"77.470";"0.000";"";"0";"https://www.parashop.tn/image/cache/catalog/produits/innovaderm/innovaderm-creme-encapsulee-anti-age-tri-hyaluronique-50ml-600x315w.jpg";"Commandez INNOVADERM CREME ENCAPSULEE ANTI AGE TRI HYALURONIQUE à bas prix en tunisie sur parashop votre parapharmacie en ligne. Livraison gratuite dès 99DT";"";"visage";"0.000";"-25%";"";"";"";"https://www.parashop.tn/visage/innovaderm-creme-encapsulee-anti-age-tri-hyaluronique-50ml"
"PS-INNOVADERM-CREME-ENCAPSU-B79166";"";"INNOVADERM CREME ENCAPSULEE CERAMIDE 50ML";"0.000";"0.000";"45.115";"99.000";"119.439";"0.000";"";"0";"https://www.parashop.tn/image/cache/catalog/produits/innovaderm/innovaderm-creme-encapsulee-ceramide-50ml-600x315w.jpg";"Hydratez cotre peau avec INNOVADERM CREME ENCAPSULEE CERAMIDE à bas prix en tunisie sur parashop votre parapharmacie en ligne. Livraison gratuite dès 99DT";"";"visage";"0.000";"-25%";"";"";"";"https://www.parashop.tn/visage/innovaderm-creme-encapsulee-ceramide-50ml"
"PS-INNOVADERM-CREME-ENCAPSU-F03B57";"";"INNOVADERM CREME ENCAPSULEE RETINOL 50ML";"0.000";"0.000";"56.359";"99.000";"75.660";"0.000";"";"0";"https://www.parashop.tn/image/cache/catalog/produits/innovaderm/innovaderm-creme-encapsulee-retinol-50ml-600x315w.jpg";"Commbatez vos rides avec INNOVADERM CREME ENCAPSULEE RETINOL à bas prix en tunisie sur parashop votre parapharmacie en ligne. Livraison gratuite dès 99DT";"";"visage";"113.056";"-25%";"";"";"";"https://www.parashop.tn/visage/innovaderm-creme-encapsulee-retinol-50ml"
"PS-INNOVADERM-CREME-ENCAPSU-C599EB";"";"INNOVADERM CREME ENCAPSULEE VITAMINE C 50ML";"0.000";"0.000";"49.220";"99.000";"101.138";"0.000";"";"0";"https://www.parashop.tn/image/cache/catalog/produits/innovaderm/innovaderm-creme-encapsulee-vitamine-c-50ml-600x315w.jpg";"Booster votre eclat avec INNOVADERM CREME ENCAPSULEE VITAMINE C à bas prix en tunisie sur parashop votre parapharmacie en ligne. Livraison gratuite dès 99DT";"";"visage";"0.000";"-25%";"";"";"";"https://www.parashop.tn/visage/innovaderm-creme-encapsulee-vitamine-c-50ml"
"PS-INNOVADERM-CREME-LEGERE--7B6DAA";"";"INNOVADERM CREME LEGERE SPF20 50ML";"0.000";"0.000";"35.702";"99.000";"177.295";"0.000";"";"0";"https://www.parashop.tn/image/cache/catalog/produits/innovaderm/innovaderm-creme-legere-spf20-50-ml-600x315w.jpg";"INNOVADERM CREME LEGERE SPF20 est disponible au meilleur prix chez votre parapharmacie parashop tunisie. Livraison gratuite dès 99DT";"";"visage";"0.000";"-25%";"";"";"";"https://www.parashop.tn/visage/innovaderm-creme-legere-spf20-50ml"
"PS-INNOVADERM-CREME-RICHE-S-E8B39D";"";"INNOVADERM CREME RICHE SPF20 50ML";"0.000";"0.000";"36.849";"99.000";"168.664";"0.000";"";"0";"https://www.parashop.tn/image/cache/catalog/produits/innovaderm/innovaderm-creme-riche-spf20-50ml-600x315w.jpg";"INNOVADERM CREME RICHE SPF20 est disponible au meilleur prix chez votre parapharmacie parashop tunisie. Livraison gratuite dès 99DT";"";"visage";"0.000";"-25%";"";"";"";"https://www.parashop.tn/visage/innovaderm-creme-riche-spf20-50ml"
"PS-INNOVADERM-EAU-MICELLAIR-9709CE";"";"INNOVADERM Eau Micellaire 400ML";"0.000";"0.000";"15.947";"18.977";"19.000";"0.000";"";"0";"https://www.parashop.tn/image/cache/catalog/produits/innovaderm/innovaderm-eau-micellaire-400ml-600x315w.jpg";"INNOVADERM Eau Micellaire un nettoyant doux, non irritant et hypoallergénique qui nettoie et démaquille, disponible chez parashop tunisie au meilleur prix";"";"visage";"22.326";"-25%";"";"";"";"https://www.parashop.tn/visage/innovaderm-eau-micellaire-500ml"
"PS-INNOVADERM-GEL-NETTOYANT-1E5D38";"";"INNOVADERM GEL NETTOYANT PEAU GRASSE 380ML";"0.000";"0.000";"31.434";"99.000";"214.946";"0.000";"";"0";"https://www.parashop.tn/image/cache/catalog/produits/innovaderm/innovaderm-gel-nettoyant-peau-grasse-300ml-600x315w.jpg";"INNOVADERM ACNEBAK GEL NETTOYANT PEAU GRASSE est disponible au meilleur prix chez votre parapharmacie parashop tunisie. Livraison gratuite dès 99DT";"";"visage";"0.000";"-25%";"";"";"";"https://www.parashop.tn/visage/innovaderm-gel-nettoyant-peau-grasse-300ml"
"PS-INNOVADERM-GEL-NETTOYANT-83038F";"";"INNOVADERM GEL NETTOYANT PEAU SECHE 380ML";"0.000";"0.000";"27.024";"99.000";"266.341";"0.000";"";"0";"https://www.parashop.tn/image/cache/catalog/produits/innovaderm/innovaderm-gel-nettoyant-peau-seche-300ml-600x315w.jpg";"INNOVADERM GEL NETTOYANT PEAU SECHE est disponible au meilleur prix chez votre parapharmacie parashop tunisie. Livraison gratuite dès 99DT";"";"visage";"0.000";"-25%";"";"";"";"https://www.parashop.tn/visage/innovaderm-gel-nettoyant-peau-seche-300ml"
"PS-INNOVADERM-MOUSSE-NETTOY-00F9D2";"";"INNOVADERM Mousse Nettoyante Peau Mixte a Grasse 150ML";"0.000";"0.000";"18.063";"21.495";"19.000";"0.000";"";"0";"https://www.parashop.tn/image/cache/catalog/produits/innovaderm/innovaderm-mousse-nettoyante-peau-mixte-grasse-600x315w.jpg";"Purifiez votre peau et réguler la production sebum avec INNOVADERM Mousse Nettoyante Peau Mixte a Grasse, disponible à bas prix en tunisie chez parashop.";"";"visage";"25.288";"-25%";"";"";"";"https://www.parashop.tn/visage/innovaderm-mousse-nettoyante-peau-mixte-a-grasse"
"PS-INNOVADERM-MOUSSE-NETTOY-ECB9B7";"";"INNOVADERM Mousse Nettoyante Peau Seche 150ML";"0.000";"0.000";"18.763";"22.328";"19.000";"0.000";"";"0";"https://www.parashop.tn/image/cache/catalog/produits/innovaderm/innovaderm-mousse-nettoyante-peau-normale-seche-600x315w.jpg";"Nettoyez votre peau avec INNOVADERM Mousse Nettoyante Peau Sèche, disponible à bas prix en tunisie chez parashop.";"";"visage";"26.268";"-25%";"";"";"";"https://www.parashop.tn/visage/innovaderm-mousse-nettoyante-peau-seche"
"PS-INNOVADERM-SERUM-ANTI-TA-52696D";"";"INNOVADERM SERUM ANTI TACHES 30ML";"0.000";"0.000";"42.563";"99.000";"132.596";"0.000";"";"0";"https://www.parashop.tn/image/cache/catalog/produits/innovaderm/innovaderm-serum-anti-taches-30ml-600x315w.jpg";"INNOVADERM SERUM ANTI TACHES est disponible au meilleur prix chez votre parapharmacie parashop tunisie. Livraison gratuite dès 99DT";"";"visage";"0.000";"-25%";"";"";"";"https://www.parashop.tn/visage/innovaderm-serum-anti-taches-30ml"
"PS-INNOVADERM-SERUM-RETINOL-8EE295";"";"INNOVADERM SERUM RETINOL 30ML";"0.000";"0.000";"56.092";"99.000";"76.496";"0.000";"";"0";"https://www.parashop.tn/image/cache/catalog/produits/innovaderm/innovaderm-serum-retinol-30ml-600x315w.jpg";"INNOVADERM SERUM RETINOL est disponible au meilleur prix chez votre parapharmacie parashop tunisie. Livraison gratuite dès 99DT";"";"visage";"142.800";"-25%";"";"";"";"https://www.parashop.tn/visage/innovaderm-serum-retinol-30ml"
"PS-INNOVADERM-SERUM-TRI-HYA-1EDF88";"";"INNOVADERM SERUM TRI HYALURONIQUE ACIDE 30ML";"0.000";"0.000";"40.349";"99.000";"145.359";"0.000";"";"0";"https://www.parashop.tn/image/cache/catalog/produits/innovaderm/innovaderm-serum-tri-hyaluronique-30-ml-600x315w.jpg";"INNOVADERM SERUM TRI HYALURONIQUE à bas prix en tunisie sur parashop votre parapharmacie en ligne. Livraison gratuite dès 99DT";"";"visage";"109.200";"-25%";"";"";"";"https://www.parashop.tn/visage/innovaderm-serum-tri-hyaluronique-30ml"
"PS-INNOVADERM-SERUM-VITAMIN-194422";"";"INNOVADERM SERUM VITAMINE C NIACINAMIDE 30ML";"0.000";"0.000";"55.546";"99.000";"78.231";"0.000";"";"0";"https://www.parashop.tn/image/cache/catalog/produits/innovaderm/innovaderm-serum-vitamine-c-niacinamide-30ml-600x315w.jpg";"INNOVADERM SERUM VITAMINE C NIACINAMIDE est disponible au meilleur prix chez votre parapharmacie parashop tunisie. Livraison gratuite dès 99DT";"";"visage";"0.000";"-25%";"";"";"";"https://www.parashop.tn/visage/innovaderm-serum-vitamine-c-niacinamide-30ml"
"PS-INNOVADERM-STOP-PIGMENT--A07F5A";"";"INNOVADERM STOP PIGMENT CREME DE NUIT 50ML";"0.000";"0.000";"57.563";"99.000";"71.985";"0.000";"";"0";"https://www.parashop.tn/image/cache/catalog/produits/innovaderm/innovaderm-stop-pigment-creme-de-nuit-600x315w.jpg";"INNOVADERM STOP PIGMENT CREME DE NUIT est disponible au meilleur prix chez votre parapharmacie parashop tunisie. Livraison gratuite dès 99DT";"";"visage";"0.000";"-25%";"";"";"";"https://www.parashop.tn/visage/innovaderm-stop-pigment-creme-de-nuit-50ml"
"PS-INNOVADERM-STOP-PIGMENT--2D3CAB";"";"INNOVADERM STOP PIGMENT GEL DEPIGMENTANT 150ML";"0.000";"0.000";"25.392";"99.000";"289.887";"0.000";"";"0";"https://www.parashop.tn/image/cache/catalog/produits/innovaderm/innovaderm-stop-pigment-gel-depigmentant-600x315w.jpg";"INNOVADERM STOP PIGMENT GEL DEPIGMENTANT est disponible au meilleur prix chez votre parapharmacie parashop tunisie. Livraison gratuite dès 99DT";"";"visage";"0.000";"-25%";"";"";"";"https://www.parashop.tn/visage/innovaderm-stop-pigment-gel-depigmentant-150ml"
"PS-INODERMA-CHANTILLY-COCO--4D3BA9";"";"INODERMA CHANTILLY COCO 150G";"0.000";"0.000";"16.269";"19.360";"18.999";"0.000";"";"0";"https://www.parashop.tn/image/cache/data/images_produits/Inoderma/inoderma-chantilly-coco-150g-600x315w.jpg";"INODERMA CHANTILLY COCO un soin nourrissant et régénérant qui convient à la peau séche et aux cheveux abimés. A prix bas chez parahop tunisie";"";"visage";"22.777";"-25%";"";"";"";"https://www.parashop.tn/visage/inoderma-chantilly-coco-150g"
"PS-INODERMA-SKIN-BOOSTER-EA-5D7654";"";"INODERMA SKIN BOOSTER Eau Micellaire Biphasee 200ML";"0.000";"0.000";"18.001";"21.421";"18.999";"0.000";"";"0";"https://www.parashop.tn/image/cache/catalog/produits/inoderma/inoderma-skin-booster-eau-micellaire-biphasee-200ml-600x315w.jpg";"INODERMA SKIN BOOSTER Eau Micellaire Biphasee nettoie, hydrate et démaquille instantanément. A prix bas chez parashop tunisie";"";"visage";"25.201";"-25%";"";"";"";"https://www.parashop.tn/visage/inoderma-skin-booster-eau-micellaire-biphasee-200ml"
"PS-INODERMA-SKIN-BOOSTER-GE-3499B1";"";"INODERMA SKIN BOOSTER GEL MOUSSANT NETTOYANT 200ML";"0.000";"0.000";"16.969";"20.193";"18.999";"0.000";"";"0";"https://www.parashop.tn/image/cache/catalog/produits/inoderma/inoderma-skin-booster-gel-moussant-nettoyant-200ml-600x315w.jpg";"INODERMA SKIN BOOSTER GEL MOUSSANT NETTOYANT nettoie et purifie la peau en douceur sans l’assécher. A prix bas chez parahop tunisie";"";"visage";"23.756";"-25%";"";"";"";"https://www.parashop.tn/visage/inoderma-skin-booster-gel-moussant-nettoyant-200ml"
"PS-INODERMA-MOUSSE-NETTOYAN-CE80EC";"";"INODERMA SKIN BOOSTER MOUSSE NETTOYANTE 150ML";"0.000";"0.000";"21.177";"25.200";"18.997";"0.000";"";"0";"https://www.parashop.tn/image/cache/catalog/produits/inoderma/inoderma-skin-booster-mousse-nettoyante-150ml-600x315w.jpg";"InoDerma Mousse Nettoyante, démaquille et nettoie en douceur visage, yeux et lèvres. Disponible au meilleur prix chez parahop tunisie";"";"visage";"43.054";"-25%";"";"";"";"https://www.parashop.tn/visage/inoderma-mousse-nettoyante-150ml"
"PS-INODERMA-SKIN-BOOSTER-SO-08FB7E";"";"INODERMA SKIN BOOSTER SOIN BOOSTER JOUR 40ML";"0.000";"0.000";"33.599";"39.983";"19.001";"0.000";"";"0";"https://www.parashop.tn/image/cache/catalog/produits/inoderma/inoderma-skin-booster-soin-booster-jour-40ml-600x315w.jpg";"INODERMA SKIN BOOSTER SOIN BOOSTER JOUR hydrate et embellit la peau toute la journée. Au meilleur prix chez parashop tunisie";"";"visage";"47.040";"-25%";"";"";"";"https://www.parashop.tn/visage/inoderma-skin-booster-soin-booster-jour-40ml"
"PS-INODERMA-SKIN-BOOSTER-SO-00AEEE";"";"INODERMA SKIN BOOSTER SOIN BOOSTER NUIT 40ML";"0.000";"0.000";"35.639";"99.000";"177.786";"0.000";"";"0";"https://www.parashop.tn/image/cache/catalog/produits/inoderma/inoderma-skin-booster-soin-booster-nuit-40ml-600x315w.jpg";"INODERMA SKIN BOOSTER SOIN BOOSTER NUIT est disponible au meilleur prix chez votre parapharmacie parashop tunisie. Livraison gratuite dès 99DT";"";"visage";"0.000";"-25%";"";"";"";"https://www.parashop.tn/visage/inoderma-skin-booster-soin-booster-nuit-40ml"
"PS-ISDIN-ACNIBEN-SHINE-AND--A2C265";"";"ISDIN Acniben Controle Brillance et Boutons 40ML";"0.000";"0.000";"43.109";"99.000";"129.650";"0.000";"";"0";"https://www.parashop.tn/image/cache/catalog/produits/isdin/isdin-acniben-shine-and-pimples-control-40ml-600x315w.jpg";"ISDIN Acniben Controle Brillance et Boutons est disponible au meilleur prix chez votre parapharmacie parashop tunisie. Livraison gratuite dès 99DT";"";"visage";"137.000";"-25%";"";"";"";"https://www.parashop.tn/visage/isdin-acniben-shine-and-pimples-control-40ml"
"PS-ISDIN-ACNIBEN-MATTIFYING-D3947D";"";"ISDIN ACNIBEN GEL NETTOYANT MATIFIANT 400ML";"0.000";"0.000";"47.899";"99.000";"106.685";"0.000";"";"0";"https://www.parashop.tn/image/cache/catalog/produits/isdin/isdin-acniben-mattifying-cleanser-400ml-600x315w.jpg";"ISDIN ACNIBEN GEL NETTOYANT est disponible au meilleur prix chez votre parapharmacie parashop tunisie. Livraison gratuite dès 99DT";"";"visage";"0.000";"-25%";"";"";"";"https://www.parashop.tn/visage/isdin-acniben-mattifying-cleanser-400ml"
"PS-ISDIN-ACNIBEN-MASQUE-PUR-F6FD5A";"";"ISDIN ACNIBEN MASQUE PURIFIANT 75ML";"0.000";"0.000";"48.487";"99.000";"104.178";"0.000";"";"0";"https://www.parashop.tn/image/cache/catalog/produits/isdin/isdin-acniben-masque-purifiant-75ml-600x315w.jpg";"ISDIN ACNIBEN MASQUE PURIFIANT est disponible au meilleur prix chez votre parapharmacie parashop tunisie. Livraison gratuite dès 99DT";"";"visage";"0.000";"-25%";"";"";"";"https://www.parashop.tn/visage/isdin-acniben-masque-purifiant-75ml"
"PS-ISDIN-ACNIBEN-SERUM-CONC-F543E7";"";"ISDIN ACNIBEN SERUM CONCENTRE NUIT 27ML";"0.000";"0.000";"63.782";"99.000";"55.216";"0.000";"";"0";"https://www.parashop.tn/image/cache/catalog/produits/isdin/isdin-acniben-serum-concentre-nuit-27ml-600x315w.jpg";"Redonnez de l";"";"visage";"112.850";"-25%";"";"";"";"https://www.parashop.tn/visage/isdin-acniben-serum-concentre-nuit-27ml"
"PS-ISDIN-FLAVO-C-MELATONIN--0906A5";"";"Isdin Flavo-C Melatonin NUIT 30AMP";"0.000";"0.000";"173.950";"207.000";"19.000";"0.000";"";"0";"https://www.parashop.tn/image/cache/data/images_produits/ISDIN/isdin-flavo-c-melatonin-nuit-600x315w.jpg";"Isdin Flavo C Melatonin NUIT restaure l";"";"visage";"216.000";"-25%";"";"";"";"https://www.parashop.tn/visage/isdin-flavo-c-melatonin-nuit-30amp"
"PS-ISDIN-AGE-REVERSE-1B63E0";"";"ISDIN ISDINCEUTICS AGE REVERSE DAY Creme 50ML";"0.000";"0.000";"119.916";"142.700";"19.000";"0.000";"";"0";"https://www.parashop.tn/image/cache/catalog/produits/isdin/isdin-isdinceutics-age-reverse-day-creme-50ml-600x315w.jpg";"Isdin AGE Reverse est un Traitement remodelant triple action anti-âge anti-pollution, remodelant et anti-glycation. A prix bas chez parashop tunisie";"";"visage";"164.000";"-25%";"";"";"";"https://www.parashop.tn/visage/isdin-age-reverse"
"PS-ISDIN-AURIDERM-CREME-50M-3E2CEB";"";"Isdin Isdinceutics Auriderm Crème 50ML";"0.000";"0.000";"60.000";"71.400";"19.000";"0.000";"";"0";"https://www.parashop.tn/image/cache/catalog/produits/isdin/isdin-auriderm-creme-50ml-600x315w.jpg";"Isdin Auriderm Crème à base de Vitamine K Oxyde qui diminue les bleus et rougeurs après traitements esthétiques. A prix bas chez parashop tunisie";"";"visage";"74.000";"-25%";"";"";"";"https://www.parashop.tn/visage/isdin-auriderm-creme-50ml"
"PS-ISDIN-FLAVO-C-SERUM-30ML-A7F5A8";"";"ISDIN ISDINCEUTICS FLAVO C Serum 30ML";"0.000";"0.000";"94.832";"112.850";"19.000";"0.000";"";"0";"https://www.parashop.tn/image/cache/catalog/produits/isdin/isdin-isdinceutics-rejuvenate-flavo-c-serum-30ml-600x315w.jpg";"ISDIN Flavo c le Sérum anti-âge révélateur d’éclat permet de prevenir et eliminer les rides, au meilleur prix chez parashop tunisie";"";"visage";"129.000";"-25%";"";"";"";"https://www.parashop.tn/visage/isdin-flavo-c-serum-30ml"
"PS-ISDIN-ISDINCEUTICS-GLYCO-DD40A8";"";"ISDIN ISDINCEUTICS GLICOISDIN 15 MODERATE GEL 50ML";"0.000";"0.000";"60.000";"99.000";"65.000";"0.000";"";"0";"https://www.parashop.tn/image/cache/catalog/produits/isdin/isdin-isdinceutics-glycoisdin-15-moderate-gel-50ml-600x315w.jpg";"ISDIN ISDINCEUTICS GLICOISDIN 15 MODERATE GEL à bas prix en tunisie sur parashop votre parapharmacie en ligne. Livraison gratuite dès 99DT";"";"visage";"168.218";"-25%";"";"";"";"https://www.parashop.tn/visage/isdin-isdinceutics-glycoisdin-15-moderate-gel-50ml"
"PS-ISDIN-ISDINCEUTICS-GLYCO-BD6478";"";"ISDIN ISDINCEUTICS GLICOISDIN 25 INTENSE GEL 50ML";"0.000";"0.000";"72.000";"99.000";"37.500";"0.000";"";"0";"https://www.parashop.tn/image/cache/catalog/produits/isdin/isdin-isdinceutics-glycoisdin-25-intense-gel-50ml-600x315w.jpg";"ISDIN ISDINCEUTICS GLICOISDIN 25 INTENSE GEL à bas prix en tunisie sur parashop votre parapharmacie en ligne. Livraison gratuite dès 99DT";"";"visage";"123.522";"-25%";"";"";"";"https://www.parashop.tn/visage/isdin-isdinceutics-glycoisdin-25-intense-gel-50ml"
"PS-ISDIN-ISDINCEUTICS-HUILE-B417FB";"";"ISDIN ISDINCEUTICS HUILE NETTOYANTE 200ML";"0.000";"0.000";"90.000";"99.000";"10.000";"0.000";"";"0";"https://www.parashop.tn/image/cache/catalog/produits/isdin/isdin-isdinceutics-huile-nettoyante-200ml-600x315w.jpg";"ISDIN ISDINCEUTICS HUILE NETTOYANTE est disponible au meilleur prix chez votre parapharmacie parashop tunisie. Livraison gratuite dès 99DT";"";"visage";"107.100";"-25%";"";"";"";"https://www.parashop.tn/visage/isdin-isdinceutics-huile-nettoyante-200ml"
"PS-ISDIN-ISDINCEUTICS-HYALU-EEDF4F";"";"ISDIN ISDINCEUTICS Hyaluronic Concentrate Serum 30ML";"0.000";"0.000";"105.798";"125.900";"19.000";"0.000";"";"0";"https://www.parashop.tn/image/cache/catalog/produits/isdin/isdin-isdinceutics-hyaluronic-concentrate-serum-30ml-600x315w.jpg";"ISDIN ISDINCEUTICS Hyaluronic Concentrate Serum assure une hydratation profonde des couches superficielles. A prix bas chez parashop tunisie";"";"visage";"156.000";"-25%";"";"";"";"https://www.parashop.tn/visage/isdin-isdinceutics-hyaluronic-concentrate-serum-30ml"
"PS-ISDIN-ISDINCEUTICS-HYALU-3F4964";"";"ISDIN ISDINCEUTICS HYALURONIC MOISTURE PEAUX MIXTES A GRASSES 50G";"0.000";"0.000";"85.714";"99.000";"15.500";"0.000";"";"0";"https://www.parashop.tn/image/cache/catalog/produits/isdin/isdinceutics-hyaluronic-moisture-oily-and-combination-skin-50g-600x315w.jpg";"ISDIN ISDINCEUTICS HYALURONIC MOISTURE PEAUX MIXTES A GRASSES est disponible au meilleur prix chez votre parapharmacie parashop tunisie. Livraison gratuite dès 99DT";"";"visage";"102.000";"-25%";"";"";"";"https://www.parashop.tn/visage/isdin-isdinceutics-hyaluronic-moisture-oily-and-combination-skin-50g"
"PS-ISDIN-ISDINCEUTICS-HYALU-FFB9ED";"";"ISDIN Isdinceutics Hyaluronic Moisture Peaux Normales a Seches";"0.000";"0.000";"87.600";"99.000";"13.014";"0.000";"";"0";"https://www.parashop.tn/image/cache/catalog/produits/isdin/isdin-isdinceutics-hyaluronic-moisture-peaux-normales-seches-600x315w.jpg";"ISDIN Isdinceutics Hyaluronic Moisture Peaux Normales a Seches à bas prix en tunisie sur parashop votre parapharmacie en ligne. Livraison gratuite dès 99DT";"";"visage";"104.244";"-25%";"";"";"";"https://www.parashop.tn/visage/isdin-isdinceutics-hyaluronic-moisture-peaux-normales-seches"
"PS-ISDIN-ISDINCEUTICS-HYALU-6DA0FA";"";"ISDIN Isdinceutics Hyaluronic Moisture Peaux Sensibles";"0.000";"0.000";"87.600";"99.000";"13.014";"0.000";"";"0";"https://www.parashop.tn/image/cache/catalog/produits/isdin/isdin-isdinceutics-hyaluronic-moisture-peaux-sensibles-600x315w.jpg";"ISDIN Isdinceutics Hyaluronic Moisture Peaux Sensibles à bas prix en tunisie sur parashop votre parapharmacie en ligne. Livraison gratuite dès 99DT";"";"visage";"104.244";"-25%";"";"";"";"https://www.parashop.tn/visage/isdin-isdinceutics-hyaluronic-moisture-peaux-sensibles"
"PS-ISDIN-K-OX-EYES-15ML-F27140";"";"ISDIN ISDINCEUTICS K-OX EYES 15ML";"0.000";"0.000";"69.244";"82.400";"18.999";"0.000";"";"0";"https://www.parashop.tn/image/cache/catalog/produits/isdin/isdin-isdinceutics-k-ox-eyes-15ml-600x315w.jpg";"Isdin K Ox eyes permet de Réduire poches et cernes, éclaircir la couleur des cernes et restaure l’élasticité de la peau. A prix bas chez parashop tunisie";"";"visage";"98.000";"-25%";"";"";"";"https://www.parashop.tn/visage/isdin-k-ox-eyes-15ml"
"PS-ISDIN-ISDINCEUTICS-BRIGH-75B3C8";"";"ISDIN ISDINCEUTICS MELACLEAR SERUM 30ML";"0.000";"0.000";"156.497";"99.000";"0.000";"0.000";"";"0";"https://www.parashop.tn/image/cache/catalog/produits/isdin/isdin-isdinceutics-melaclear-30ml-600x315w.jpg";"ISDIN MELACLEAR SERUM est disponible au meilleur prix chez votre parapharmacie parashop tunisie. Livraison gratuite dès 99DT";"";"visage";"186.231";"-25%";"";"";"";"https://www.parashop.tn/visage/isdin-isdinceutics-brighten-melaclear-serum-30ml"
"PS-ISDIN-ISDINCEUTICS-RENEW-93A339";"";"ISDIN ISDINCEUTICS RENEW SALICYLIC SERUM 30ML";"0.000";"0.000";"128.300";"99.000";"0.000";"0.000";"";"0";"https://www.parashop.tn/image/cache/catalog/produits/isdin/isdin-isdinceutics-renew-salicylic-serum-30ml-600x315w.jpg";"Acheter ISDIN ISDINCEUTICS RENEW SALICYLIC SERUM à bas prix en tunisie sur parashop votre parapharmacie en ligne. Livraison gratuite dès 99DT";"";"visage";"152.677";"-25%";"";"";"";"https://www.parashop.tn/visage/isdin-isdinceutics-renew-salicylic-serum-30ml"
"PS-ISDIN-ISDINCEUTICS-RETIN-1E1E6E";"";"ISDIN ISDINCEUTICS RETINAL INTENSE SERUM 50ML";"0.000";"0.000";"164.117";"99.000";"0.000";"0.000";"";"0";"https://www.parashop.tn/image/cache/catalog/produits/isdin/isdin-isdinceutics-retinal-intense-serum-50-ml-600x315w.jpg";"ISDIN ISDINCEUTICS RETINAL INTENSE SERUM est disponible au meilleur prix chez votre parapharmacie parashop tunisie. Livraison gratuite dès 99DT";"";"visage";"195.299";"-43%";"";"";"";"https://www.parashop.tn/visage/isdin-isdinceutics-retinal-intense-serum-50ml"
"PS-ISDIN-ISDINCEUTICS-VITAL-B032CE";"";"ISDIN ISDINCEUTICS VITAL EYES CREAM 15G";"0.000";"0.000";"112.773";"99.000";"0.000";"0.000";"";"0";"https://www.parashop.tn/image/cache/catalog/produits/isdin/isdin-isdinceutics-vital-eyes-cream-15g-600x315w.jpg";"ISDIN ISDINCEUTICS VITAL EYES CREAM est disponible au meilleur prix chez votre parapharmacie parashop tunisie. Livraison gratuite dès 99DT";"";"visage";"134.200";"-25%";"";"";"";"https://www.parashop.tn/visage/isdin-isdinceutics-vital-eyes-cream-15g"
"PS-ISDIN-SOLUTION-MICELLAIR-A281CB";"";"ISDIN Solution Micellaire Hydratante 400ML";"0.000";"0.000";"37.792";"44.972";"18.999";"0.000";"";"0";"https://www.parashop.tn/image/cache/data/images_produits/ISDIN/isdin-solution-micellaire-hydratante-400ml-600x315w.jpg";"Isdin la solution Micellaire Hydratante nettoie le visage en douceur sans altérer la barrière cutanée, à prix bas chez parashop tunisie";"";"visage";"57.000";"-25%";"";"";"";"https://www.parashop.tn/visage/isdin-solution-micellaire-hydratante-500ml"
"PS-ISISPHARMA-AQUARUBORIL-S-27E3B3";"";"ISISPHARMA AQUARUBORIL SOLUTION MICELLAIRE 250ML";"0.000";"0.000";"24.200";"28.798";"19.000";"0.000";"";"0";"https://www.parashop.tn/image/cache/catalog/produits/isispharma/isispharma-aquaruboril-solution-micellaire-demaquillante-250ml-600x315w.jpg";"Nettoyez et démaquillez votre peau sensible à rougeurs avec lISISPHARMA AQUARUBORIL SOLUTION MICELLAIRE à prix bas chez parashop tunisie";"";"visage";"35.603";"-25%";"";"";"";"https://www.parashop.tn/visage/isispharma-aquaruboril-solution-micellaire-demaquillante-250ml"
"PS-ISISPHARMA-6A707B";"";"ISIS PHARMA";"0.000";"0.000";"24.200";"28.798";"19.000";"0.000";"";"0";"https://www.parashop.tn/image/cache/data/marques/isispharma-logo-min-600x315w.jpg";"";"ISIS PHARMA ISISPHARMA AQUARUBORIL SOLUTION MICELLAIRE 250ML ISISPHARMA AQUARUBORIL SOLUTION MICELLAIRE DEMAQUILLANTE 25";"marque";"41.000";"-25%";"";"";"";"https://www.parashop.tn/isispharma"
"PS-ISISPHARMA-AQUARUBORIL-S-6EBC39";"";"ISISPHARMA AQUARUBORIL SOLUTION MICELLAIRE 400ML";"0.000";"0.000";"34.454";"99.000";"187.340";"0.000";"";"0";"https://www.parashop.tn/image/cache/catalog/produits/isispharma/isispharma-aquaruboril-solution-micellaire-400-ml-600x315w.jpg";"ISISPHARMA AQUARUBORIL SOLUTION MICELLAIRE 400ML est disponible au meilleur prix chez votre parapharmacie parashop tunisie. Livraison gratuite dès 99DT";"";"visage";"0.000";"-25%";"";"";"";"https://www.parashop.tn/visage/isispharma-aquaruboril-solution-micellaire-400ml"
"PS-ISISPHARMA-GLYCO-A-12-CR-594AFF";"";"ISISPHARMA GLYCO A 12% CREME PEELING";"0.000";"0.000";"47.940";"99.000";"106.508";"0.000";"";"0";"https://www.parashop.tn/image/cache/data/images_produits/ISISPHARMA/isispharma-glyco-a-12-creme-peeling-superficiel-600x315w.jpg";"ISISPHARMA GLYCO A 12% CREME PEELING à bas prix en tunisie sur parashop votre parapharmacie en ligne. Livraison gratuite dès 99DT";"";"visage";"0.000";"-25%";"";"";"";"https://www.parashop.tn/visage/isispharma-glyco-a-12-creme-peeling-30ml"
"PS-ISISPHARMA-GLYCO-A-FOAME-4129EA";"";"ISISPHARMA GLYCO A Foamer Mousse Nettoyante";"0.000";"0.000";"44.267";"52.677";"18.998";"0.000";"";"0";"https://www.parashop.tn/image/cache/catalog/produits/isispharma/isispharma-glyco-a-foamer-nettoyant-600x315w.jpg";"Nettoyez votre peau et offrez-lui un coup d’éclat avec le Glyco A Foamer le nettoayant de isispharma disponible à prix bas chez parashop.";"";"visage";"71.538";"-25%";"";"";"";"https://www.parashop.tn/visage/isispharma-glyco-a-foamer-nettoyant"
"PS-ISISPHARMA-GLYCO-A-12-CR-F141AA";"";"ISISPHARMA GLYCO A MEDIUM PEELING 30ML";"0.000";"0.000";"47.940";"57.049";"19.001";"0.000";"";"0";"https://www.parashop.tn/image/cache/catalog/produits/isispharma/isispharma-glyco-a-medium-peeling-creme-nuit-30ml-600x315w.jpg";"GLYCO A MEDIUM Peeling est une percée dans la technologie du peeling à domicile. A prix bas chez parashop tunisie";"";"visage";"78.650";"-25%";"";"";"";"https://www.parashop.tn/visage/isispharma-glyco-a-12-creme-peeling"
"PS-ISISPHARMA-GLYCO-A-POST--A708D2";"";"ISISPHARMA GLYCO A POST PEELING 40ML";"0.000";"0.000";"25.502";"30.347";"18.999";"0.000";"";"0";"https://www.parashop.tn/image/cache/catalog/produits/isispharma/isispharma-glyco-a-post-peeling-creme-apaisante-40ml-600x315w.jpg";"Apaisez et restaurez votre peau avec ISISPHARMA GLYCO A POST PEELING Crème Apaisante disponible en tunisie chez parashop à prix bas";"";"visage";"53.000";"-25%";"";"";"";"https://www.parashop.tn/visage/isispharma-glyco-a-post-peeling-creme-apaisante-40ml"
"PS-ISISPHARMA-GLYCO-A-SOFT--81299D";"";"ISISPHARMA GLYCO A SOFT PEELING 30ML";"0.000";"0.000";"47.940";"57.049";"19.001";"0.000";"";"0";"https://www.parashop.tn/image/cache/catalog/produits/isispharma/isispharma-glyco-a-soft-peeling-creme-nuit-30ml-600x315w.jpg";"Offrez-vous les bienfaits d’un peeling superficiel chez vous avec la crème de nuit GLYCO A SOFT Peeling de isispharma disponible à bas prix chez parashop";"";"visage";"104.230";"-25%";"";"";"";"https://www.parashop.tn/visage/isispharma-glyco-a-soft-peeling-creme-nuit-30ml"
"PS-ISISPHARMA-METRORUBORIL--BD0046";"";"ISISPHARMA Metroruboril A.Z Creme Anti Rougeurs 30ML";"0.000";"0.000";"48.250";"57.417";"18.999";"0.000";"";"0";"https://www.parashop.tn/image/cache/data/images_produits/ISISPHARMA/isispharma-metroruboril-az-creme-anti-rougeurs-600x315w.jpg";"ISISPHARMA Metroruboril AZ diminue l’intensité des rougeurs sévères et réduit les imperfections associées. A prix bas chez parashop tunisie";"";"visage";"69.972";"-25%";"";"";"";"https://www.parashop.tn/visage/isispharma-metroruboril-az-creme-anti-rougeurs-30ml"
"PS-ISISPHARMA-UNITONE-CONTO-5351F5";"";"ISISPHARMA NEOTONE Contour des Yeux Eclaircissant 15ML";"0.000";"0.000";"49.728";"99.000";"99.083";"0.000";"";"0";"https://www.parashop.tn/image/cache/data/images_produits/ISISPHARMA/isispharma-unitone-contour-yeux-eclaircissant-15ml-600x315w.jpg";"ISISPHARMA UNITONE contour des yeux eclaircissant à bas prix en tunisie sur parashop votre parapharmacie en ligne. Livraison gratuite dès 99DT";"";"visage";"109.754";"-25%";"";"";"";"https://www.parashop.tn/visage/isispharma-unitone-contour-yeux-eclaircissant-15ml"
"PS-ISISPHARMA-NEOTONE-GEL-N-BE200D";"";"ISISPHARMA NEOTONE GEL NETTOYANT EXFOLIANT 150ML";"0.000";"0.000";"33.558";"99.000";"195.012";"0.000";"";"0";"https://www.parashop.tn/image/cache/catalog/produits/isispharma/isispharma-neotone-gel-nettoyant-exfoliant-150ml-600x315w.jpg";"ISISPHARMA NEOTONE GEL NETTOYANT EXFOLIANT à bas prix en tunisie sur parashop votre parapharmacie en ligne. Livraison gratuite dès 99DT";"";"visage";"0.000";"-25%";"";"";"";"https://www.parashop.tn/visage/isispharma-neotone-gel-nettoyant-exfoliant-150ml"
"PS-ISISPHARMA-NEOTONE-SENSI-DC8AA2";"";"ISISPHARMA NEOTONE Sensitive Baume intensif 30ML";"0.000";"0.000";"61.824";"73.571";"19.001";"0.000";"";"0";"https://www.parashop.tn/image/cache/data/images_produits/ISISPHARMA/isispharma-neotone-sensitive-baume-intensif-30ml-600x315w.jpg";"ISISPHARMA Neotone Sensitive pour la dépigmentation de  visage aide à éclaircir les taches pigmentaires. A prix bas chez parashop tunisie";"";"visage";"74.000";"-25%";"";"";"";"https://www.parashop.tn/visage/isispharma-neotone-sensitive-baume-intensif-30ml"
"PS-ISISPHARMA-NEOTONE-SERUM-B79F30";"";"ISISPHARMA NEOTONE SERUM INTENSIF NUIT 30ML";"0.000";"0.000";"64.780";"99.000";"52.825";"0.000";"";"0";"https://www.parashop.tn/image/cache/catalog/produits/isispharma/isispharma-neotone-serum-intensif-nuit-30ml-600x315w.jpg";"ISISPHARMA NEOTONE SERUM INTENSIF NUIT à bas prix en tunisie sur parashop votre parapharmacie en ligne. Livraison gratuite dès 99DT";"";"visage";"115.800";"-25%";"";"";"";"https://www.parashop.tn/visage/isispharma-neotone-serum-intensif-nuit-30ml"
"PS-ISISPHARMA-NEOTONE-SOLUT-407528";"";"ISISPHARMA NEOTONE SOLUTION MICELLAIRE DEMAQUILLANTE 250ML";"0.000";"0.000";"26.400";"31.416";"19.000";"0.000";"";"0";"https://www.parashop.tn/image/cache/data/images_produits/ISISPHARMA/ISISPHARMA%20NEOTONE%20SOLUTION%20MICELLAIRE%20DEMAQUILLANTE%20ECLAT%20250ML-600x315w.jpg";"ISISPHARMA NEOTONE SOLUTION MICELLAIRE permet de nettoyer en douceur et d’éliminer les impuretés. A prix bas chez parashop tunisie";"";"visage";"35.200";"-25%";"";"";"";"https://www.parashop.tn/visage/isispharma-neotone-solution-micellaire-demaquillante-eclat-250ml"
"PS-ISISPHARMA-RUBORIL-CLEAN-A45B56";"";"ISISPHARMA RUBORIL Cleansing Balm 100ML";"0.000";"0.000";"44.351";"99.000";"123.219";"0.000";"";"0";"https://www.parashop.tn/image/cache/catalog/produits/isispharma/isispharma-ruboril-cleansing-balm-100ml-600x315w.jpg";"Acheter ISISPHARMA RUBORIL Cleansing Balm à bas prix en tunisie sur parashop votre parapharmacie en ligne. Livraison gratuite dès 99DT";"";"visage";"0.000";"-25%";"";"";"";"https://www.parashop.tn/visage/isispharma-ruboril-cleansing-balm-100ml"
"PS-ISISPHARMA-RUBORIL-EXPER-A28620";"";"ISISPHARMA RUBORIL Expert M Gel Creme Anti Rougeurs 40ML";"0.000";"0.000";"28.976";"34.481";"18.998";"0.000";"";"0";"https://www.parashop.tn/image/cache/data/images_produits/ISISPHARMA/ruboril/isispharma-ruboril-expert-m-gel-creme-anti-rougeurs-40ml-600x315w.jpg";"ISISPHARMA RUBORIL Expert M Gel Creme Anti Rougeurs convient aux peau normales à mixtes, au meilleur prix chez parashop tunisie";"";"visage";"57.610";"-25%";"";"";"";"https://www.parashop.tn/visage/isispharma-ruboril-expert-m-gel-creme-anti-rougeurs-40ml"
"PS-ISISPHARMA-RUBORIL-EXPER-4CCF7A";"";"ISISPHARMA RUBORIL Expert S 40ML";"0.000";"0.000";"37.632";"44.782";"19.000";"0.000";"";"0";"https://www.parashop.tn/image/cache/data/images_produits/ISISPHARMA/isispharma-ruboril-expert-s-600x315w.jpg";"ISISPHARMA Ruboril Expert S aide à lutter contre les rougeurs diffuses et les petits vaisseaux, au meilleur prix chez parashop tunisie";"";"visage";"57.417";"-25%";"";"";"";"https://www.parashop.tn/visage/isispharma-ruboril-expert-s-40ml"
"PS-ISISPHARMA-RUBORIL-LAIT--BF0A91";"";"ISISPHARMA RUBORIL LOTION Lait Demaquillant Apaisant 250ML";"0.000";"0.000";"31.584";"37.585";"19.000";"0.000";"";"0";"https://www.parashop.tn/image/cache/data/images_produits/ISISPHARMA/ruboril/isispharma-ruboril-lait-demaquillant-apaisant-250ml-600x315w.jpg";"ISISPHARMA RUBORIL LOTION élimine rapidement toute trace de maquillage de la peau, la laissant douce et fraîche. A prix bas en tunisie";"";"visage";"47.460";"-25%";"";"";"";"https://www.parashop.tn/visage/isispharma-ruboril-lait-demaquillant-apaisant-250ml"
"PS-ISISPHARMA-SECALIA-AHA-L-3EE83E";"";"ISISPHARMA SECALIA  AHA LAIT EMOLLIENT KERATOREDUCTEUR 200ML";"0.000";"0.000";"65.638";"78.109";"19.000";"0.000";"";"0";"https://www.parashop.tn/image/cache/data/images_produits/ISISPHARMA/isispharma-secalia-aha-lait-emollient-keratoreducteur-200ml-600x315w.jpg";"ISISPHARMA SECALIA  AHA permettra d";"";"visage";"89.564";"-25%";"";"";"";"https://www.parashop.tn/visage/isispharma-secalia-aha-lait-emollient-keratoreducteur-200ml"
"PS-ISISPHARMA-SENSYLIA-24H--1E517D";"";"ISISPHARMA SENSYLIA 24H CREME HYDRATANTE 40ML";"0.000";"0.000";"27.100";"32.249";"19.000";"0.000";"";"0";"https://www.parashop.tn/image/cache/data/images_produits/ISISPHARMA/isispharma-sensylia-24h-creme-hydratante-40ml-600x315w.jpg";"ISISPHARMA SENSYLIA 24H CREME HYDRATANTE permet de protéger contre les agressions extérieures. A prix bas chez parashop tunisie";"";"visage";"55.092";"-25%";"";"";"";"https://www.parashop.tn/visage/isispharma-sensylia-24h-creme-hydratante-40ml"
"PS-ISISPHARMA-SENSYLIA-24H--1CF8FE";"";"ISISPHARMA SENSYLIA 24H LEGERE FLUIDE HYDRATANT 40ML";"0.000";"0.000";"26.755";"31.838";"18.998";"0.000";"";"0";"https://www.parashop.tn/image/cache/data/images_produits/ISISPHARMA/isispharma-sensylia-24h-legere-fluide-hydratant-40ml-600x315w.jpg";"ISISPHARMA SENSYLIA 24H LEGERE FLUIDE HYDRATANT pour les peaux sensibles normales à mixtes, au meilleur prix chez parashop tunisie";"";"visage";"48.178";"-25%";"";"";"";"https://www.parashop.tn/visage/isispharma-sensylia-24h-legere-fluide-hydratant-40ml"
"PS-ISISPHARMA-SENSYLIA-SOLU-252923";"";"ISISPHARMA SENSYLIA SOLUTION MICELLAIRE 250ML";"0.000";"0.000";"22.020";"26.204";"19.001";"0.000";"";"0";"https://www.parashop.tn/image/cache/data/images_produits/ISISPHARMA/isispharma-sensylia-solution-micellaire-demaquillante-hydratante-250ml-600x315w.jpg";"ISISPHARMA SENSYLIA SOLUTION MICELLAIRE nettoyante, hydratante et apaisante. Au meillur prix chez parashop tunisie";"";"visage";"31.838";"-25%";"";"";"";"https://www.parashop.tn/visage/isispharma-sensylia-solution-micellaire-demaquillante-hydratante-250ml"
"PS-ISISPHARMA-TEEN-DERM-AZ--D42B5C";"";"ISISPHARMA TEEN DERM AZ 30ML";"0.000";"0.000";"51.325";"99.000";"92.888";"0.000";"";"0";"https://www.parashop.tn/image/cache/catalog/produits/isispharma/isispharma-teen-derm-az-30ml-600x315w.jpg";"ISISPHARMA TEEN DERM AZ est disponible au meilleur prix chez votre parapharmacie parashop tunisie. Livraison gratuite dès 99DT";"";"visage";"0.000";"-25%";"";"";"";"https://www.parashop.tn/visage/isispharma-teen-derm-az-30ml"
"PS-ISISPHARMA-TEEN-DERM-GEL-AF5751";"";"ISISPHARMA TEEN DERM GeL Nettoyant Exfoliant 150ML";"0.000";"0.000";"32.256";"99.000";"206.920";"0.000";"";"0";"https://www.parashop.tn/image/cache/catalog/produits/isispharma/isispharma-urelia-gel-nettoyant-exfoliant-200ml-600x315w.jpg";"ISISPHARMA TEEN DERM GeL Nettoyant Exfoliant à bas prix en tunisie sur parashop votre parapharmacie en ligne. Livraison gratuite dès 99DT";"";"visage";"0.000";"-25%";"";"";"";"https://www.parashop.tn/visage/isispharma-teen-derm-gel-nettoyant-150ml"
"PS-ISISPHARMA-TEEN-DERM-GEL-E6B60D";"";"ISISPHARMA TEEN DERM GEL SENSITIVE 250ML";"0.000";"0.000";"36.288";"99.000";"172.817";"0.000";"";"0";"https://www.parashop.tn/image/cache/data/images_produits/ISISPHARMA/ISISPHARMA%20TEEN%20DERM%20GEL%20NETTOYANT%20PURIFIANT%20250ML-600x315w.jpg";"ISISPHARMA TEEN DERM GEL NETTOYANT PURIFIANT à bas prix en tunisie sur parashop votre parapharmacie en ligne. Livraison gratuite dès 99DT";"";"visage";"0.000";"-25%";"";"";"";"https://www.parashop.tn/visage/isispharma-teen-derm-gel-nettoyant-purifiant-250ml"
"PS-ISISPHARMA-TEEN-DERM-HYD-278C1A";"";"ISISPHARMA TEEN DERM Hydra 40ML";"0.000";"0.000";"36.960";"43.982";"18.999";"0.000";"";"0";"https://www.parashop.tn/image/cache/catalog/produits/isispharma/isispharma-teen-derm-hydra-40ml-600x315w.jpg";"ISISPHARMA Teen Derm Hydra renforce l’hydratation de votre peau fragilisée par les traitements de l’acné. A prix bas chez parashop tunisie";"";"visage";"50.397";"-25%";"";"";"";"https://www.parashop.tn/visage/isispharma-teen-derm-hydra-40ml"
"PS-ISISPHARMA-TEEN-DERM-ALP-D9124E";"";"ISISPHARMA TEEN DERM α pure 30ML";"0.000";"0.000";"38.976";"46.381";"18.999";"0.000";"";"0";"https://www.parashop.tn/image/cache/catalog/produits/isispharma/isispharma-teen-derm-alpha-pure-30ml-600x315w.jpg";"ISISPHARMA Teen Derm alpha pure réduit les imperfections sévères et apaise votre peau, au meilleur prix chez parashop tunisie";"";"visage";"77.088";"-25%";"";"";"";"https://www.parashop.tn/visage/isispharma-teen-derm-alpha-pure-30ml"
"PS-ISISPHARMA-URELIA-10-CRE-A67B40";"";"ISISPHARMA URELIA 10 CREME HYDRATANTE 150ML";"0.000";"0.000";"40.320";"47.981";"19.000";"0.000";"";"0";"https://www.parashop.tn/image/cache/data/images_produits/ISISPHARMA/isispharma-urelia-10-creme-hydratante-150ml-600x315w.jpg";"ISISPHARMA URELIA 10 adoucit l’épiderme et d’actifs exfoliants qui élimine les squames en douceur. Au meilleur prix chez parashop tunisie";"";"visage";"99.000";"-25%";"";"";"";"https://www.parashop.tn/visage/isispharma-urelia-10-creme-hydratante-150ml"
"PS-ISISPHARMA-URELIA-50-BAU-D7A249";"";"ISISPHARMA URELIA 50 BAUME HYDRATANT 40ML";"0.000";"0.000";"34.944";"41.583";"18.999";"0.000";"";"0";"https://www.parashop.tn/image/cache/data/images_produits/ISISPHARMA/isispharma-urelia-50-baume-hydratant-40ml-600x315w.jpg";"ISISPHARMA URELIA 50 est indiqué pour les crises et/ou poussées d’hyperkératose, qui caractérisent l’eczéma. A prix bas chez parashop tunisie";"";"visage";"51.202";"-25%";"";"";"";"https://www.parashop.tn/visage/isispharma-urelia-50-baume-hydratant-40ml"
"PS-ISISPHARMA-URELIA-GEL-NE-857471";"";"ISISPHARMA URELIA GEL NETTOYANT EXFOLIANT 200ML";"0.000";"0.000";"24.192";"28.788";"18.998";"0.000";"";"0";"https://www.parashop.tn/image/cache/data/images_produits/ISISPHARMA/ISISPHARMA%20URELIA%20GEL%20NETTOYANT%20EXFOLIANT%20200ML-600x315w.jpg";"ISISPHARMA URELIA gel nettoyant exfoliant pour peaux très sèches à tendance squameuse ou kératosique, à prix bas chez parashop tunisie";"";"visage";"57.417";"-25%";"";"";"";"https://www.parashop.tn/visage/isispharma-urelia-gel-nettoyant-exfoliant-200ml"
"PS-ISISPHARMA-VITISKIN-HYDR-31A986";"";"ISISPHARMA VITISKIN HYDROGEL REGULATEUR 50ML";"0.000";"0.000";"68.544";"81.567";"18.999";"0.000";"";"0";"https://www.parashop.tn/image/cache/data/images_produits/ISISPHARMA/isispharma-vitiskin-hydrogel-regulateur-50ml-600x315w.jpg";"ISISPHARMA VITISKIN la réponse efficace à tes problèmes d";"";"visage";"82.003";"-25%";"";"";"";"https://www.parashop.tn/visage/isispharma-vitiskin-hydrogel-regulateur-50ml"
"PS-ISISPHARMA-XEROLAN-SPRAY-75CBDD";"";"ISISPHARMA XEROLAN SPRAY EMOLLIENT REPARATEUR APAISANT 150ML";"0.000";"0.000";"35.455";"42.192";"19.002";"0.000";"";"0";"https://www.parashop.tn/image/cache/data/images_produits/ISISPHARMA/isispharma-xerolan-spray-emollient-reparateur-apaisant-150ml-600x315w.jpg";"ISISPHARMA XEROLAN SPRAY EMOLLIENT REPARATEUR soulage les brûlures mineures, les démangeaisons superficielles et l";"";"visage";"63.606";"-25%";"";"";"";"https://www.parashop.tn/visage/isispharma-xerolan-spray-emollient-reparateur-apaisant-150ml"
"PS-JONZAC-CICA-CREME-REPARA-DBE0D5";"";"JONZAC +CICA CREME REPARATRICE APAISANTE 40ML";"0.000";"0.000";"30.488";"36.280";"18.998";"0.000";"";"0";"https://www.parashop.tn/image/cache/data/images_produits/jonzac/jonzac-cica-creme-reparatrice-apaisante-40ml-600x315w.jpg";"JONZAC CICA CREME REPARATRICE APAISANTE avec l";"";"visage";"42.683";"-25%";"";"";"";"https://www.parashop.tn/visage/jonzac-cica-creme-reparatrice-apaisante-40ml"
"PS-JONZAC-EAU-THERMALE-300M-4D1A3B";"";"JONZAC EAU THERMALE SPRAY 300ML";"0.000";"0.000";"24.388";"29.022";"19.001";"0.000";"";"0";"https://www.parashop.tn/image/cache/data/images_produits/jonzac/jonzac-eau-thermale-300-ml-600x315w.jpg";"JONZAC Eau thermale est régénérante, anti-inflammatoire, apaisante et hydratante. Au meilleur prix chez parashop tunisie";"";"visage";"34.143";"-25%";"";"";"";"https://www.parashop.tn/visage/jonzac-eau-thermale-300ml"
"PS-JONZAC-EAU-MICELLAIRE-PU-43EF50";"";"JONZAC PURE EAU MICELLAIRE PURIFIANTE 500ML";"0.000";"0.000";"30.488";"36.281";"19.001";"0.000";"";"0";"https://www.parashop.tn/image/cache/data/images_produits/jonzac/jonzac-pure-eau-micellaire-purifiante-500ml-600x315w.jpg";"JONZAC PURE EAU MICELLAIRE PURIFIANTE nettoie et purifie sans dessécher. Au meilleur prix chez parashop tunisie";"";"visage";"42.683";"-25%";"";"";"";"https://www.parashop.tn/visage/jonzac-eau-micellaire-purifiante-500ml"
"PS-JONZAC-EAU-THERMALE-GEL--006D60";"";"JONZAC PURE GEL NETTOYANT PURIFANT 400ML";"0.000";"0.000";"43.228";"51.441";"18.999";"0.000";"";"0";"https://www.parashop.tn/image/cache/data/images_produits/jonzac/jonzac-pure-gel-nettoyant-purifant-400ml-600x315w.jpg";"jonzac pure gel nettoyant purifiant nettoie et élimine les impuretés en respectant le film hydrolipidique. A prix bas chez parashop tunisie,";"";"visage";"60.519";"-25%";"";"";"";"https://www.parashop.tn/visage/jonzac-eau-thermale-gel-nettoyant-purifant-400ml"
"PS-JONZAC-PURE-MASQUE-PURIF-C6C69F";"";"JONZAC PURE MASQUE PURIFIANT 50ML";"0.000";"0.000";"41.076";"48.880";"18.999";"0.000";"";"0";"https://www.parashop.tn/image/cache/data/images_produits/jonzac/jonzac-pure-masque-purifiant-desincrustant-50ml-600x315w.jpg";"JONZAC PURE MASQUE PURIFIANT exfolie et désobstrue les pores en douceur et convient aux peaux mixtes à grasses. A prix bas chez parashop tunisie";"";"visage";"72.828";"-25%";"";"";"";"https://www.parashop.tn/visage/jonzac-pure-masque-purifiant-desincrustant-50ml"
"PS-JONZAC-9D62DD";"";"JONZAC";"0.000";"0.000";"30.488";"36.280";"18.998";"0.000";"";"0";"https://www.parashop.tn/image/cache/data/marques/jonzac-logo-min-600x315w.jpg";"";"JONZAC JONZAC +CICA CREME REPARATRICE APAISANTE 40ML JONZAC +CICA CREME REPARATRICE APAISANTE 40MLJONZAC +CICA CREME REP";"marque";"42.683";"-25%";"";"";"";"https://www.parashop.tn/jonzac"
"PS-JONZAC-EAU-THERMALE-CREM-374303";"";"JONZAC PURE SOIN HYDRATANT MATIFIANT 50ML";"0.000";"0.000";"37.689";"44.850";"19.000";"0.000";"";"0";"https://www.parashop.tn/image/cache/data/images_produits/jonzac/jonzac-pure-soin-hydratant-matifiant-50ml-600x315w.jpg";"JONZAC PURE SOIN HYDRATANT MATIFIANT contrôle l";"";"visage";"52.765";"-25%";"";"";"";"https://www.parashop.tn/visage/jonzac-eau-thermale-creme-purifiante-matifiante-50ml"
"PS-JONZAC-PURE-SOIN-PURIFIA-EA2D6E";"";"JONZAC PURE SOIN PURIFIANT ANTI-IMPERFECTIONS 50ML";"0.000";"0.000";"37.689";"44.850";"19.000";"0.000";"";"0";"https://www.parashop.tn/image/cache/data/images_produits/jonzac/jonzac-pure-soin-purifiant-anti-imperfections-50ml-600x315w.jpg";"JONZAC PURE SOIN PURIFIANT ANTI-IMPERFECTIONS crème légère qui purifie la peau, élimine les imperfections et révèle un teint unifié et lumineux.";"";"visage";"52.765";"-25%";"";"";"";"https://www.parashop.tn/visage/jonzac-pure-soin-purifiant-anti-imperfections-50ml"
"PS-JONZAC-EAU-MICELLAIRE-AP-60E935";"";"JONZAC REACTIVE EAU MICELLAIRE APAISANTE 500ML";"0.000";"0.000";"30.488";"36.281";"19.001";"0.000";"";"0";"https://www.parashop.tn/image/cache/data/images_produits/jonzac/jonzac-reactive-eau-micellaire-apaisante-500ml-600x315w.jpg";"JONZAC EAU MICELLAIRE APAISANTE pour les peaux sensibles, Hypoallergénique, sans alcool. Au meilleur prix chez parashop tunisie";"";"visage";"42.683";"-25%";"";"";"";"https://www.parashop.tn/visage/jonzac-eau-micellaire-apaisante-500ml"
"PS-JONZAC-EAU-THERMALE-JONZ-3F4A90";"";"JONZAC REHYDRATE EAU MICELLAIRE HYDRATANTE 500ML";"0.000";"0.000";"35.868";"42.683";"19.000";"0.000";"";"0";"https://www.parashop.tn/image/cache/data/images_produits/jonzac/jonzac-rehydrate-eau-micellaire-hydratante-500ml-600x315w.jpg";"JONZAC REHYDRATE EAU MICELLAIRE HYDRATANTE 500ML: démaquillante, apaisante et nettoyante. Au meilleur prix chez parashop tunisie";"";"visage";"49.666";"-25%";"";"";"";"https://www.parashop.tn/visage/jonzac-eau-thermale-jonzac-eau-micellaire"
"PS-JONZAC-REHYDRATE-GEL-DER-35EB27";"";"JONZAC REHYDRATE GEL NETTOYANT DERMO FRAICHEUR 200ML";"0.000";"0.000";"26.602";"31.656";"18.999";"0.000";"";"0";"https://www.parashop.tn/image/cache/data/images_produits/jonzac/jonzac-rehydrate-gel-nettoyant-dermo-fraicheur-200ml-600x315w.jpg";"Jonzac rehydrate Gel Dermo Nettoyant Visage élimine les impuretés du visage et le nettoie.  A prix bas chez parashop tunisie";"";"visage";"37.242";"-25%";"";"";"";"https://www.parashop.tn/visage/jonzac-rehydrate-gel-dermo-nettoyant-visage-200-ml"
"PS-JONZAC-REHYDRATE-GELEE-G-C57088";"";"JONZAC REHYDRATE GELEE GOMMANTE DOUCEUR 75ML";"0.000";"0.000";"38.868";"46.253";"19.000";"0.000";"";"0";"https://www.parashop.tn/image/cache/data/images_produits/jonzac/jonzac-rehydrate-gelee-gommante-douceur-75ml-600x315w.jpg";"JONZAC REHYDRATE GELEE GOMMANTE DOUCEUR aide à éliminer la couche supérieure des cellules mortes. A prix bas chez parashop tunisie";"";"visage";"48.178";"-25%";"";"";"";"https://www.parashop.tn/visage/jonzac-rehydrate-gelee-gommante-douceur-75ml"
"PS-JONZAC-REHYDRATE-MASQUE--52A97C";"";"JONZAC REHYDRATE MASQUE HYDRATANT 50ML";"0.000";"0.000";"33.915";"40.359";"19.000";"0.000";"";"0";"https://www.parashop.tn/image/cache/data/images_produits/jonzac/jonzac-rehydrate-masque-hydratant-50ml-600x315w.jpg";"JONZAC REHYDRATE MASQUE HYDRATANT RÉGÉNÉRANT est un soin rafraîchissant et vivifiant, au meilleur prix chez parashop tunisie,";"";"visage";"47.481";"-25%";"";"";"";"https://www.parashop.tn/visage/jonzac-rehydrate-masque-hydratant-50ml"
"PS-JONZAC-REHYDRATE-SERUM-C-E71CCC";"";"JONZAC REHYDRATE SERUM 30ML";"0.000";"0.000";"50.102";"59.622";"19.001";"0.000";"";"0";"https://www.parashop.tn/image/cache/data/images_produits/jonzac/jonzac-rehydrate-serum-concentre-desalterant-30ml-600x315w.jpg";"JONZAC REHYDRATE SERUM pénètre profondément dans la peau pour hydrater et repulper les cellules de la peau. A prix bas chez parashop tunisie";"";"visage";"70.143";"-25%";"";"";"";"https://www.parashop.tn/visage/jonzac-rehydrate-serum-concentre-desalterant-30ml"
"PS-JONZAC-REHYDRATE-SOIN-LE-DF88F6";"";"JONZAC REHYDRATE SOIN LEGER 50ML";"0.000";"0.000";"41.736";"49.666";"19.000";"0.000";"";"0";"https://www.parashop.tn/image/cache/data/images_produits/jonzac/jonzac-rehydrate-soin-leger-fondant-50ml-2-600x315w.jpg";"JONZAC Rehydrate Soin léger réhydrate la peau et lui donne une fraîcheur. Au meilleur prix chez parashop tunisie";"";"visage";"51.202";"-25%";"";"";"";"https://www.parashop.tn/visage/jonzac-rehydrate-soin-leger-rehydratant-bio-tube-50ml"
"PS-JONZAC-SUBLIMACTIVE-CREM-8C75A8";"";"JONZAC SUBLIMACTIVE CREME RICHE LISSANTE ANTI AGE 40ML";"0.000";"0.000";"62.516";"74.394";"19.000";"0.000";"";"0";"https://www.parashop.tn/image/cache/data/images_produits/jonzac/jonzac-sublimactive-creme-riche-lissante-anti-age-40ml-600x315w.jpg";"JONZAC SUBLIMACTIVE CREME RICHE LISSANTE ANTI AGE au meilleur prix chez parashop tunisie";"";"visage";"87.522";"-25%";"";"";"";"https://www.parashop.tn/visage/jonzac-sublimactive-creme-riche-lissante-anti-age-40ml"
"PS-JONZAC-SUBLIMACTIVE-EAU--69E078";"";"JONZAC SUBLIMACTIVE EAU MICELLAIRE ANTI AGE 500ML";"0.000";"0.000";"30.488";"36.281";"19.001";"0.000";"";"0";"https://www.parashop.tn/image/cache/data/images_produits/jonzac/jonzac-sublimactive-eau-micellaire-anti-age-500ml-600x315w.jpg";"JONZAC SUBLIMACTIVE EAU MICELLAIRE ANTI AGE élimine en douceur les impuretés, l";"";"visage";"42.683";"-25%";"";"";"";"https://www.parashop.tn/visage/jonzac-sublimactive-eau-micellaire-anti-age-500ml"
"PS-JONZAC-SUBLIMACTIVE-SERU-66F529";"";"JONZAC SUBLIMACTIVE SERUM ANTI AGE";"0.000";"0.000";"92.064";"109.556";"19.000";"0.000";"";"0";"https://www.parashop.tn/image/cache/data/images_produits/jonzac/jonzac-sublimactive-serum-concentre-hyaluronique-anti-age-600x315w.jpg";"JONZAC SUBLIMACTIVE SERUM ANTI AGE CELLULAIRE est disponible chez parashop tunisie à prix bas";"";"visage";"120.720";"-25%";"";"";"";"https://www.parashop.tn/visage/jonzac-sublimactive-serum-concentre-hyaluronique-anti-age"
"PS-JONZAC-SUBLIMACTIVE-SOIN-E129D6";"";"JONZAC SUBLIMACTIVE SOIN NUIT REGENERANT ANTI AGE 40ML";"0.000";"0.000";"71.278";"84.820";"18.999";"0.000";"";"0";"https://www.parashop.tn/image/cache/data/images_produits/jonzac/jonzac-sublimactive-soin-nuit-regenerant-anti-age-40ml-600x315w.jpg";"JONZAC SUBLIMACTIVE SOIN NUIT REGENERANT ANTI AGE est disponible chez parashop tunisie à prix bas";"";"visage";"99.789";"-25%";"";"";"";"https://www.parashop.tn/visage/jonzac-sublimactive-soin-nuit-regenerant-anti-age-40ml"
"PS-JOUVENCE-CICALMA-CREME-R-7682F4";"";"JOUVENCE CICALMA CREME REPARATRICE 40ML";"0.000";"0.000";"17.978";"99.000";"450.673";"0.000";"";"0";"https://www.parashop.tn/image/cache/catalog/produits/jouvence/jouvence-cicalma-creme-reparatrice-40ml-600x315w.jpg";"JOUVENCE CICALMA CREME REPARATRICE est disponible au meilleur prix chez votre parapharmacie parashop tunisie. Livraison gratuite dès 99DT";"";"visage";"0.000";"-25%";"";"";"";"https://www.parashop.tn/visage/jouvence-cicalma-creme-reparatrice-40ml"
"PS-JOUVENCE-CICALMA-SPRAY-R-7A540B";"";"JOUVENCE CICALMA+ SPRAY REPARATEUR 100ML";"0.000";"0.000";"17.299";"99.000";"472.287";"0.000";"";"0";"https://www.parashop.tn/image/cache/catalog/produits/jouvence/jouvence-cicalma-spray-reparateur-100ml-600x315w.jpg";"JOUVENCE CICALMA+ SPRAY REPARATEUR est disponible au meilleur prix chez votre parapharmacie parashop tunisie. Livraison gratuite dès 99DT";"";"visage";"0.000";"-25%";"";"";"";"https://www.parashop.tn/visage/jouvence-cicalma-spray-reparateur-100ml"
"PS-JOUVENCE-EAU-FLORALE-150-F07425";"";"JOUVENCE EAU FLORALE 150ML";"0.000";"0.000";"16.238";"99.000";"509.681";"0.000";"";"0";"https://www.parashop.tn/image/cache/catalog/produits/jouvence/jouvence-eau-florale-150ml-600x315w.jpg";"JOUVENCE EAU FLORALE est disponible au meilleur prix chez votre parapharmacie parashop tunisie. Livraison gratuite dès 99DT";"";"visage";"112.099";"-25%";"";"";"";"https://www.parashop.tn/visage/jouvence-eau-florale-150ml"
"PS-JOUVENCE-KERALASH-CILS-E-99F565";"";"JOUVENCE KERALASH CILS ET SOURCILS 12ML";"0.000";"0.000";"34.109";"99.000";"190.246";"0.000";"";"0";"https://www.parashop.tn/image/cache/catalog/produits/jouvence/jouvence-keralash-cils-et-sourcils-12ml-600x315w.jpg";"JOUVENCE KERALASH CILS ET SOURCILS est disponible au meilleur prix chez votre parapharmacie parashop tunisie. Livraison gratuite dès 99DT";"";"visage";"0.000";"-25%";"";"";"";"https://www.parashop.tn/visage/jouvence-keralash-cils-et-sourcils-12ml"
"PS-JOUVENCE-PUR-CHARBON-MOU-DEBC66";"";"JOUVENCE PUR CHARBON Mousse Nettoyante 150ML";"0.000";"0.000";"26.014";"99.000";"280.564";"0.000";"";"0";"https://www.parashop.tn/image/cache/catalog/produits/jouvence/jouvence-pur-charbon-mousse-nettoyante-150ml-600x315w.jpg";"JOUVENCE PUR CHARBON Mousse Nettoyante est disponible au meilleur prix chez votre parapharmacie parashop tunisie. Livraison gratuite dès 99DT";"";"visage";"0.000";"-25%";"";"";"";"https://www.parashop.tn/visage/jouvence-pur-charbon-mousse-nettoyante-200ml"
"PS-JOUVENCE-TOPICA-SOIN-ULT-5C7A71";"";"JOUVENCE TOPICA Soin Ultra Hydratant 200ML";"0.000";"0.000";"26.520";"99.000";"273.303";"0.000";"";"0";"https://www.parashop.tn/image/cache/catalog/produits/jouvence/jouvence-topica-soin-ultra-hydratant-200ml-600x315w.jpg";"JOUVENCE TOPICA Soin Ultra Hydratant est disponible au meilleur prix chez votre parapharmacie parashop tunisie. Livraison gratuite dès 99DT";"";"visage";"0.000";"-25%";"";"";"";"https://www.parashop.tn/visage/jouvence-topica-soin-ultra-hydratant-200ml"
"PS-JOUVENCE-VITAMINE-C-CREM-F44F86";"";"JOUVENCE VITAMINE C CREME GEL 50ML";"0.000";"0.000";"49.419";"99.000";"100.328";"0.000";"";"0";"https://www.parashop.tn/image/cache/catalog/produits/jouvence/jouvence-vitamine-c-creme-gel-50ml-600x315w.jpg";"JOUVENCE VITAMINE C CREME GEL à bas prix en tunisie sur parashop votre parapharmacie en ligne. Livraison gratuite dès 99DT";"";"visage";"113.000";"-25%";"";"";"";"https://www.parashop.tn/visage/jouvence-vitamine-c-creme-gel-50ml"
"PS-JOUVENCE-8BB51B";"";"Jouvence";"0.000";"0.000";"17.978";"21.393";"18.995";"0.000";"";"0";"https://www.parashop.tn/image/cache/catalog/marques/jouvence-logo-600x315w.jpg";"";"Jouvence JOUVENCE CICALMA CREME REPARATRICE 40ML JOUVENCE CICALMA CREME REPARATRICE 40ML JOUVENCE CICALMA CREME REPARATR";"marque";"25.169";"-25%";"";"";"";"https://www.parashop.tn/jouvence"
"PS-JOUVENCE-VITAMINE-C-SERU-0484E7";"";"JOUVENCE VITAMINE C SERUM VISAGE 30ML";"0.000";"0.000";"68.746";"99.000";"44.008";"0.000";"";"0";"https://www.parashop.tn/image/cache/catalog/produits/jouvence/jouvence-vitamine-c-serum-visage-30ml-600x315w.jpg";"JOUVENCE VITAMINE C SERUM VISAGE à bas prix en tunisie sur parashop votre parapharmacie en ligne. Livraison gratuite dès 99DT";"";"visage";"0.000";"-25%";"";"";"";"https://www.parashop.tn/visage/jouvence-vitamine-c-serum-visage-30ml"
"PS-JOUVENCE-XERYLA-CREME-SE-A588B5";"";"JOUVENCE XERYLA CREME SECHERESSE 200ML";"0.000";"0.000";"16.168";"99.000";"512.321";"0.000";"";"0";"https://www.parashop.tn/image/cache/catalog/produits/jouvence/jouvence-xeryla-creme-secheresse-200ml-600x315w.jpg";"JOUVENCE XERYLA CREME SECHERESSE est disponible au meilleur prix chez votre parapharmacie parashop tunisie. Livraison gratuite dès 99DT";"";"visage";"0.000";"-25%";"";"";"";"https://www.parashop.tn/visage/jouvence-xeryla-creme-secheresse-200ml"
"PS-JOWAE-BAUME-REPARATEUR-A-ED014D";"";"JOWAE BAUME REPARATEUR APAISANT 40ML";"0.000";"0.000";"25.897";"30.817";"18.998";"0.000";"";"0";"https://www.parashop.tn/image/cache/data/images_produits/JOWAE/jowae-baume-reparateur-apaisant-40ml-600x315w.jpg";"JOWAE BAUME REPARATEUR APAISANT soulage les sécheresses sévères au meilleur prix chez parashop tunisie";"";"visage";"36.255";"-25%";"";"";"";"https://www.parashop.tn/visage/jowae-baume-reparateur-apaisant-40ml"
"PS-JOWAE-CONCENTRE-JEUNESSE-C9C78A";"";"JOWAE CONCENTRE JEUNESSE ANTI TACHES 30ML";"0.000";"0.000";"54.550";"64.914";"18.999";"0.000";"";"0";"https://www.parashop.tn/image/cache/data/images_produits/JOWAE/jowae-concentre-jeunesse-anti-taches-30ml-600x315w.jpg";"Jowae Concentre Jeunesse anti taches réveille immédiatement la vitalité cutanée. Au meilleur prix tunisie chez parashop tunisie";"";"visage";"76.369";"-25%";"";"";"";"https://www.parashop.tn/visage/jowae-concentre-jeunesse-anti-taches-30ml"
"PS-JOWAE-GEL-VITAMINE-HYDRA-1CF706";"";"JOWAE GEL VITAMINE HYDRATANT ENERGISANT 40ML";"0.000";"0.000";"20.890";"24.859";"19.000";"0.000";"";"0";"https://www.parashop.tn/image/cache/data/images_produits/JOWAE/jowae-gel-vitamine-hydratant-energisant-40ml-600x315w.jpg";"JOWAE GEL VITAMINE HYDRATANT ENERGISANT booste la peau en énergie. Au meilleur prix chez parashop tunisie,";"";"visage";"29.245";"-25%";"";"";"";"https://www.parashop.tn/visage/jowae-gel-vitamine-hydratant-energisant-40ml"
"PS-JOWAE-GEL-YEUX-VITAMINE--B1856F";"";"JOWAE GEL YEUX VITAMINE HYDRATANT DEFATIGANT 15ML";"0.000";"0.000";"23.950";"28.500";"18.998";"0.000";"";"0";"https://www.parashop.tn/image/cache/data/images_produits/JOWAE/jowae-gel-yeux-vitamine-hydratant-defatigant-15ml-600x315w.jpg";"JOWAE GEL YEUX VITAMINE HYDRATANT DEFATIGANT hydrate et redonne élasticité à la peau, au meilleur prix chez parashop tunisie";"";"visage";"33.529";"-25%";"";"";"";"https://www.parashop.tn/visage/jowae-gel-yeux-vitamine-hydratant-defatigant-15ml"
"PS-JOWAE-LAIT-DEMAQUILLANT--246E75";"";"JOWAE LAIT DEMAQUILLANT APAISANT 200ML";"0.000";"0.000";"33.446";"39.801";"19.001";"0.000";"";"0";"https://www.parashop.tn/image/cache/data/images_produits/JOWAE/jowae-lait-demaquillant-apaisant-200ml-600x315w.jpg";"JOWAE LAIT DEMAQUILLANT APAISANT nettoie, démaquille et préserve du dessèchement cutané. Au meilleur prix chez parashop tunisie";"";"visage";"46.824";"-25%";"";"";"";"https://www.parashop.tn/visage/jowae-lait-demaquillant-apaisant-200ml"
"PS-JOWAE-MASQUE-ARGILE-PURI-74DBF2";"";"JOWAE MASQUE ARGILE PURIFIANT 50ML";"0.000";"0.000";"34.151";"40.639";"18.998";"0.000";"";"0";"https://www.parashop.tn/image/cache/data/images_produits/JOWAE/jowae-masque-argile-purifiant-50ml-600x315w.jpg";"JOWAE MASQUE ARGILE PURIFIANT purifie, débouche les pores et minimise leur apparence. Au meilleur prix chez parashop tunisie,";"";"visage";"47.811";"-25%";"";"";"";"https://www.parashop.tn/visage/jowae-masque-argile-purifiant-50ml"
"PS-JOWAE-MASQUE-DEAU-REPULP-44DBA6";"";"JOWAE MASQUE D";"0.000";"0.000";"44.880";"53.407";"19.000";"0.000";"";"0";"https://www.parashop.tn/image/cache/data/images_produits/JOWAE/jowae-masque-deau-repulpant-50ml-600x315w.jpg";"JOWAE MASQUE D";"";"visage";"117.304";"-25%";"";"";"";"https://www.parashop.tn/visage/jowae-masque-deau-repulpant-50ml"
"PS-JOWAE-7D8CEC";"";"JOWAE";"0.000";"0.000";"37.628";"44.777";"18.999";"0.000";"";"0";"https://www.parashop.tn/image/cache/data/marques/jowae-logo-min-600x315w.jpg";"";"JOWAE JOWAE BAUME NOURRISSANT APAISANT 200ML JOWAE BAUME NOURRISSANT APAISANT 200MLJOWAE BAUME NOURRISSANT APAISANT pour";"marque";"52.679";"-25%";"";"";"";"https://www.parashop.tn/JOWAE"
"PS-JOWAE-MASQUE-MINERAL-CLA-FBD2C1";"";"JOWAE MASQUE MINERAL CLARIFIANT 50ML";"0.000";"0.000";"34.660";"41.245";"18.999";"0.000";"";"0";"https://www.parashop.tn/image/cache/data/images_produits/JOWAE/jowae-masque-mineral-clarifiant-50ml-600x315w.jpg";"avec JOWAE MASQUE MINÉRAL CLARIFIANT, la peau Clarifié et dégrisé, le teint est uniforme et éclatant. A prix bas chez parashop tunisie";"";"visage";"48.523";"-25%";"";"";"";"https://www.parashop.tn/visage/jowae-masque-mineral-clarifiant-50ml"
"PS-JOWAE-SERUM-YEUX-LISSANT-673F11";"";"JOWAE SERUM YEUX LISSANT ANTI RIDES 15ML";"0.000";"0.000";"44.666";"53.152";"18.999";"0.000";"";"0";"https://www.parashop.tn/image/cache/data/images_produits/JOWAE/jowae-serum-yeux-lissant-anti-rides-15ml-600x315w.jpg";"JOWAE SERUM YEUX LISSANT ANTI RIDES réduit les rides et les ridules du contour des yeux. Au meilleur prix chez parashop tunisie";"";"visage";"62.532";"-25%";"";"";"";"https://www.parashop.tn/visage/jowae-serum-yeux-lissant-anti-rides-15ml"
"PS-SINCLAIR-KELO-COTE-GEL-1-2FC2A6";"";"KELO COTE Gel Pour Cicatrices 15G";"0.000";"0.000";"90.000";"107.100";"19.000";"0.000";"";"0";"https://www.parashop.tn/image/cache/data/images_produits/Kelo-cote/sinclair-kelo-cote-gel-15gr-600x315w.jpg";"SINCLAIR KELO COTE Gel après son application en une couche mince et uniforme, au meilleur prix chez parashop tunisie";"";"visage";"112.003";"-25%";"";"";"";"https://www.parashop.tn/visage/sinclair-kelo-cote-gel-15g"
"PS-KELO-COTE-GEL-6-G-67F48B";"";"KELO COTE Gel Pour Cicatrices 6G";"0.000";"0.000";"52.800";"62.832";"19.000";"0.000";"";"0";"https://www.parashop.tn/image/cache/data/images_produits/Kelo-cote/kelo-cote-gel-6gr-600x315w.jpg";"Sinclair Kelo Cote Gel silicone pour le traitement d";"";"visage";"64.998";"-25%";"";"";"";"https://www.parashop.tn/visage/kelo-cote-gel-6-g"
"PS-KELO-COTE-SPRAY-100ML-8BCC2A";"";"KELO COTE SPRAY CICATRICES 100ML";"0.000";"0.000";"104.400";"124.236";"19.000";"0.000";"";"0";"https://www.parashop.tn/image/cache/data/images_produits/Kelo-cote/kelo-cote-spray-cicatrices-100ml-600x315w.jpg";"KELO COTE SPRAY  est un vaporisateur à base de gel de silicone, au meilleur prix chez parashop tunisie";"";"visage";"128.996";"-25%";"";"";"";"https://www.parashop.tn/visage/kelo-cote-spray-100ml"
"PS-KIN-CARIAX-GINGIVAL-BAIN-71AA84";"";"KIN GINGIVAL Bain de Bouche 250ML";"0.000";"0.000";"14.045";"16.713";"18.996";"0.000";"";"0";"https://www.parashop.tn/image/cache/catalog/produits/kin/kin-gingival-bain-de-bouche-250ml-600x315w.jpg";"KIN GINGIVAL Bain de Bouche  pour soulager les irritations des gencives délicates. Au meilleur prix chez parashop tunisie";"";"visage";"35.986";"-25%";"";"";"";"https://www.parashop.tn/visage/kin-cariax-gingival-bain-bouche-250ml"
"PS-KIN-2895E6";"";"KIN";"0.000";"0.000";"9.797";"11.658";"18.996";"0.000";"";"0";"https://www.parashop.tn/image/cache/data/marques/kin-logo-min-600x315w.jpg";"";"KIN KIN Brosse à Dent Dure KIN Brosse à Dent DureKIN Brosse à Dent Dure est parfaite pour l'hygiène buccale quotidienne.";"marque";"21.287";"-25%";"";"";"";"https://www.parashop.tn/kin"
"PS-KIN-CARIAX-GINGIVAL-PATE-0E89DE";"";"KIN GINGIVAL Pate Dentifrice 75ML";"0.000";"0.000";"14.045";"16.713";"18.996";"0.000";"";"0";"https://www.parashop.tn/image/cache/catalog/produits/kin/kin-gingival-pate-dentifrice-75ml-600x315w.jpg";"KIN GINGIVAL Pâte dentifrice prévient la formation de la plaque dentaire origine des problèmes dentaires. A prix bas chez parashop tunisie";"";"visage";"34.401";"-25%";"";"";"";"https://www.parashop.tn/visage/kin-cariax-gingival-pate-dentifrice-75ml"
"PS-KUORA-CONTOUR-YEUX-EFFET-0D4D65";"";"KUORA Contour des Yeux Effet Botox 15ML";"0.000";"0.000";"52.692";"62.703";"18.999";"0.000";"";"0";"https://www.parashop.tn/image/cache/data/images_produits/KUORA/kuora-contour-yeux-effet-botox-15ml-600x315w.jpg";"KUORA Contour des Yeux Effet Botox avec Syn-Ake et l";"";"visage";"141.486";"-25%";"";"";"";"https://www.parashop.tn/visage/kuora-contour-yeux-effet-botox-15ml"
"PS-KUORA-603ACA";"";"KUORA";"0.000";"0.000";"52.692";"62.703";"18.999";"0.000";"";"0";"https://www.parashop.tn/image/cache/data/marques/kuora-logo-min-600x315w.jpg";"";"KUORA KUORA Contour des Yeux Effet Botox 15ML KUORA Contour des Yeux Effet Botox 15MLKUORA Contour des Yeux Effet Botox";"marque";"141.486";"-25%";"";"";"";"https://www.parashop.tn/kuora"
"PS-KUORA-CREME-VISAGE-EFFET-3FFBC0";"";"KUORA Creme Visage Effet Botox 50ML";"0.000";"0.000";"118.896";"141.486";"19.000";"0.000";"";"0";"https://www.parashop.tn/image/cache/data/images_produits/KUORA/kuora-creme-visage-effet-botox-50ml-600x315w.jpg";"KUORA Creme Visage Effet Botox permet de réduire les rides d";"";"visage";"141.491";"-25%";"";"";"";"https://www.parashop.tn/visage/kuora-creme-visage-effet-botox-50ml"
"PS-KUORA-DAY-AND-NIGHT-SOYA-0058F3";"";"KUORA Day & Night Soya 50ML";"0.000";"0.000";"70.284";"99.000";"40.857";"0.000";"";"0";"https://www.parashop.tn/image/cache/data/images_produits/KUORA/kuora-day-and-night-soya-cream-50ml-600x315w.jpg";"Acheter KUORA Day & Night Soya à bas prix en tunisie sur parashop votre parapharmacie en ligne. Livraison gratuite dès 99DT";"";"visage";"0.000";"-25%";"";"";"";"https://www.parashop.tn/visage/kuora-day-and-night-soya-cream-50ml"
"PS-KUORA-EAU-MICELLAIRE-NET-58B6EA";"";"KUORA EAU MICELLAIRE NETTOYANTE A L";"0.000";"0.000";"26.400";"31.416";"19.000";"0.000";"";"0";"https://www.parashop.tn/image/cache/data/images_produits/KUORA/kuora-eau-micellaire-nettoyante-laloe-vera-250ml-600x315w.jpg";"KUORA EAU MICELLAIRE élimine les cellules mortes de la peau, les impuretés et la pollution, retire en douceur le maquillage waterproof des peaux sensibles.";"";"visage";"62.703";"-25%";"";"";"";"https://www.parashop.tn/visage/kuora-eau-micellaire-nettoyante-laloe-vera-250ml"
"PS-KUORA-FLASH-AMPOULE-LIFT-803170";"";"KUORA Flash Ampoule Lifting Immediat";"0.000";"0.000";"51.804";"61.647";"19.000";"0.000";"";"0";"https://www.parashop.tn/image/cache/data/images_produits/KUORA/kuora-flash-ampoule-lifting-immediat-600x315w.jpg";"KUORA Flash Ampoule Lifting Immédiat procure un effet raffermissant et liftant instantané, dissimule les imperfections et excerce une action antifatigue.";"";"visage";"141.486";"-25%";"";"";"";"https://www.parashop.tn/visage/kuora-flash-ampoule-lifting-immediat"
"PS-KUORA-SERUM-LACIDE-HYALU-18806F";"";"KUORA SERUM Acide Hyaluronique 50ML";"0.000";"0.000";"118.900";"99.000";"0.000";"0.000";"";"0";"https://www.parashop.tn/image/cache/data/images_produits/KUORA/kuora-serum-a-lacide-hyaluronique-avec-des-biomembranes-50ml-600x315w.jpg";"Acheter KUORA SERUM Acide Hyaluronique à bas prix en tunisie sur parashop votre parapharmacie en ligne. Livraison gratuite dès 99DT";"";"visage";"141.491";"-25%";"";"";"";"https://www.parashop.tn/visage/kuora-serum-lacide-hyaluronique-biomembranes-50ml"
"PS-KUORA-SERUM-VITAMINE-C-R-6068F4";"";"KUORA SERUM Vitamine C + Retinol 50ML";"0.000";"0.000";"118.896";"99.000";"0.000";"0.000";"";"0";"https://www.parashop.tn/image/cache/data/images_produits/KUORA/kuora-serum-vitamine-c-retinol-50ml-600x315w.jpg";"Acheter KUORA SERUM Vitamine C + Retinol à bas prix en tunisie sur parashop votre parapharmacie en ligne. Livraison gratuite dès 99DT";"";"visage";"141.486";"-25%";"";"";"";"https://www.parashop.tn/visage/kuora-serum-vitamine-c-retinol-50ml"
"PS-LA-CABINE-COLLAGEN-BOOST-B7258E";"";"LA CABINE COLLAGEN BOOST SERUM 30ML";"0.000";"0.000";"80.760";"99.000";"22.585";"0.000";"";"0";"https://www.parashop.tn/image/cache/catalog/produits/lacabine/la-cabine-collagen-boost-serum-30ml-600x315w.jpg";"Retrouvez la douceur et l";"";"visage";"0.000";"-25%";"";"";"";"https://www.parashop.tn/visage/la-cabine-collagen-boost-serum-30ml"
"PS-LA-CABINE-B8DF8A";"";"LA CABINE";"0.000";"0.000";"80.760";"96.104";"19.000";"0.000";"";"0";"https://www.parashop.tn/image/cache/catalog/marques/la-cabine-logo-600x315w.jpg";"";"LA CABINE LA CABINE COLLAGEN BOOST SERUM 30ML LA CABINE COLLAGEN BOOST SERUM 30MLLA CABINE COLLAGEN BOOST SERUM est un s";"marque";"99.000";"-25%";"";"";"";"https://www.parashop.tn/la-cabine"
"PS-LA-ROCHE-POSAY-CICAPLAST-FAEE43";"";"LA ROCHE POSAY CICAPLAST B5 SERUM 30ML";"0.000";"0.000";"114.600";"99.000";"0.000";"0.000";"";"0";"https://www.parashop.tn/image/cache/catalog/produits/laroche-posay/la-roche-posay-cicaplast-b5-serum-30ml-600x315w.jpg";"LA ROCHE POSAY CICAPLAST B5 SERUM est disponible au meilleur prix chez votre parapharmacie parashop tunisie. Livraison gratuite dès 99DT";"";"visage";"136.374";"-25%";"";"";"";"https://www.parashop.tn/visage/la-roche-posay-cicaplast-b5-serum-30ml"
"PS-LA-ROCHE-POSAY-CICAPLAST-1F2EEE";"";"LA ROCHE POSAY CICAPLAST BAUME B5+ 100ML";"0.000";"0.000";"62.400";"99.000";"58.654";"0.000";"";"0";"https://www.parashop.tn/image/cache/catalog/produits/laroche-posay/la-roche-posay-cicaplast-baume-b5-100-ml-600x315w.jpg";"LA ROCHE POSAY CICAPLAST BAUME B5+ 100ML est disponible au meilleur prix chez votre parapharmacie parashop tunisie. Livraison gratuite dès 99DT";"";"visage";"0.000";"-25%";"";"";"";"https://www.parashop.tn/visage/la-roche-posay-cicaplast-baume-b5-100-ml"
"PS-LA-ROCHE-POSAY-CICAPLAST-0A3C3D";"";"LA ROCHE POSAY CICAPLAST BAUME B5+ 40ML";"0.000";"0.000";"45.600";"99.000";"117.105";"0.000";"";"0";"https://www.parashop.tn/image/cache/catalog/produits/laroche-posay/la-roche-posay-cicaplast-baume-b5-40-ml-600x315w.jpg";"LA ROCHE POSAY CICAPLAST BAUME B5+ est disponible au meilleur prix chez votre parapharmacie parashop tunisie. Livraison gratuite dès 99DT";"";"visage";"0.000";"-25%";"";"";"";"https://www.parashop.tn/visage/la-roche-posay-cicaplast-baume-b5-40-ml"
"PS-LA-ROCHE-POSAY-CICAPLAST-2DDDB6";"";"LA ROCHE POSAY CICAPLAST GEL LAVANT B5 200ML";"0.000";"0.000";"43.200";"99.000";"129.167";"0.000";"";"0";"https://www.parashop.tn/image/cache/catalog/produits/laroche-posay/la-roche-posay-cicaplast-lavant-b5-200-ml-600x315w.jpg";"LA ROCHE POSAY CICAPLAST GEL LAVANT B5 est disponible au meilleur prix chez votre parapharmacie parashop tunisie. Livraison gratuite dès 99DT";"";"visage";"0.000";"-25%";"";"";"";"https://www.parashop.tn/visage/la-roche-posay-cicaplast-lavant-b5-200ml"
"PS-LA-ROCHE-POSAY-CICAPLAST-1A4532";"";"LA ROCHE POSAY CICAPLAST LEVRES 7,5ML";"0.000";"0.000";"33.120";"39.413";"19.001";"0.000";"";"0";"https://www.parashop.tn/image/cache/catalog/produits/laroche-posay/la-roche-posay-cicaplast-levres-600x315w.jpg";"LA ROCHE POSAY CICAPLAST LEVRES nourrit et hydrate les lèvres, soulage les sensations d";"";"visage";"46.756";"-25%";"";"";"";"https://www.parashop.tn/visage/la-roche-posay-cicaplast-levres-7-5ml-01"
"PS-LA-ROCHE-POSAY-DEMAQUILL-4F8045";"";"LA ROCHE POSAY DEMAQUILLANT YEUX PHYSIOLOGIQUE 125ML";"0.000";"0.000";"44.444";"52.889";"19.001";"0.000";"";"0";"https://www.parashop.tn/image/cache/catalog/produits/laroche-posay/la-roche-posay-demaquillant-yeux-physiologique-125ml-600x315w.jpg";"LA ROCHE POSAY DEMAQUILLANT YEUX PHYSIOLOGIQUE démaquille les yeux sensibles en douceur. Au meilleur prix chez parahop tunisie";"";"visage";"104.230";"-25%";"";"";"";"https://www.parashop.tn/visage/la-roche-posay-demaquillant-yeux-physiologique-125ml"
"PS-LA-ROCHE-POSAY-EAU-MICEL-78ABDC";"";"LA ROCHE POSAY EAU MICELLAIRE ULTRA PEAUX REACTIVES 200ML";"0.000";"0.000";"62.400";"99.000";"58.654";"0.000";"";"0";"https://www.parashop.tn/image/cache/catalog/produits/laroche-posay/la-roche-posay-eau-micellaire-ultra-peaux-reactives-200ml-600x315w.jpg";"LA ROCHE POSAY EAU MICELLAIRE ULTRA PEAUX REACTIVES est disponible au meilleur prix chez votre parapharmacie parashop tunisie. Livraison gratuite dès 99DT";"";"visage";"114.954";"-25%";"";"";"";"https://www.parashop.tn/visage/la-roche-posay-eau-micellaire-ultra-peaux-reactives-200ml"
"PS-LA-ROCHE-POSAY-EAU-THERM-80C74E";"";"LA ROCHE POSAY EAU THERMALE 150ML";"0.000";"0.000";"39.000";"46.410";"19.000";"0.000";"";"0";"https://www.parashop.tn/image/cache/catalog/produits/laroche-posay/la-roche-posay-eau-thermale-spray-150-ml-600x315w.jpg";"LA ROCHE POSAY EAU THERMALE est destinée aux adultes et aux bébés et disponible chez parashop tunisie";"";"visage";"51.202";"-25%";"";"";"";"https://www.parashop.tn/visage/la-roche-posay-eau-thermale-spray-150-ml"
"PS-LA-ROCHE-POSAY-EAU-THERM-D3C5C4";"";"LA ROCHE POSAY EAU THERMALE 300ML";"0.000";"0.000";"54.600";"64.974";"19.000";"0.000";"";"0";"https://www.parashop.tn/image/cache/data/images_produits/LA%20ROCHE%20POSAY/EAU%20THERMALE/la-roche-posay-eau-thermale-spray-300ml-600x315w.jpg";"LA ROCHE POSAY EAU THERMALE idéale aux peaux irritées et sensibles est disponible au meilleur prix chez parahop tunisie";"";"visage";"70.456";"-25%";"";"";"";"https://www.parashop.tn/visage/la-roche-posay-eau-thermale-spray-300ml"
"PS-LA-ROCHE-POSAY-EFFACLAR--6F1523";"";"LA ROCHE POSAY EFFACLAR DUO + SPF30 SOIN ANTI IMPERFECTIONS 40ML";"0.000";"0.000";"60.000";"99.000";"65.000";"0.000";"";"0";"https://www.parashop.tn/image/cache/catalog/produits/laroche-posay/la-roche-posay-effaclar-duo-spf30-soin-anti-imperfections-40ml-600x315w.jpg";"LA ROCHE POSAY EFFACLAR DUO + SPF30 SOIN ANTI IMPERFECTIONS est disponible au meilleur prix chez votre parapharmacie parashop tunisie. Livraison gratuite dès 99DT";"";"visage";"168.147";"-25%";"";"";"";"https://www.parashop.tn/visage/la-roche-posay-effaclar-duo-spf30-soin-anti-imperfections-40ml"
"PS-LA-ROCHE-POSAY-EFFACLAR--3D9497";"";"LA ROCHE POSAY EFFACLAR DUO+M SOIN TRIPLE CORRECTION ANTI IMPERFECTIONS 40ML";"0.000";"0.000";"60.000";"99.000";"65.000";"0.000";"";"0";"https://www.parashop.tn/image/cache/catalog/produits/laroche-posay/la-roche-posay-effaclar-duom-soin-triple-correction-anti-imperfections-40ml-600x315w.jpg";"LA ROCHE POSAY EFFACLAR DUO+M est disponible au meilleur prix chez votre parapharmacie parashop tunisie. Livraison gratuite dès 99DT";"";"visage";"114.240";"-25%";"";"";"";"https://www.parashop.tn/visage/la-roche-posay-effaclar-duom-soin-triple-correction-anti-imperfections-40ml"
"PS-LA-ROCHE-POSAY-EFFACLAR--1181C7";"";"LA ROCHE POSAY EFFACLAR DUO+M UNIFIANT LIGHT 40ML";"0.000";"0.000";"57.600";"99.000";"71.875";"0.000";"";"0";"https://www.parashop.tn/image/cache/catalog/produits/laroche-posay/la-roche-posay-effaclar-duom-unifiant-light-40ml-600x315w.jpg";"LA ROCHE POSAY EFFACLAR DUO+M UNIFIANT LIGHT à bas prix en tunisie sur parashop votre parapharmacie en ligne. Livraison gratuite dès 99DT";"";"visage";"0.000";"-25%";"";"";"";"https://www.parashop.tn/visage/la-roche-posay-effaclar-duom-unifiant-light-40ml"
"PS-LA-ROCHE-POSAY-EFFACLAR--AC30BE";"";"LA ROCHE POSAY EFFACLAR DUO+M UNIFIANT MEDIUM 40ML";"0.000";"0.000";"57.600";"99.000";"71.875";"0.000";"";"0";"https://www.parashop.tn/image/cache/catalog/produits/laroche-posay/la-roche-posay-effaclar-duom-unifiant-medium-40ml-600x315w.jpg";"LA ROCHE POSAY EFFACLAR DUO+M UNIFIANT MEDIUM à bas prix en tunisie sur parashop votre parapharmacie en ligne. Livraison gratuite dès 99DT";"";"visage";"0.000";"-25%";"";"";"";"https://www.parashop.tn/visage/la-roche-posay-effaclar-duom-unifiant-medium-40ml"
"PS-LA-ROCHE-POSAY-EFFACLAR--F3C88E";"";"LA ROCHE POSAY EFFACLAR GEL MOUSSANT PURIFIANT 400ML";"0.000";"0.000";"61.200";"72.828";"19.000";"0.000";"";"0";"https://www.parashop.tn/image/cache/catalog/produits/laroche-posay/la-roche-posay-effaclar-gel-moussant-purifiant-400-ml-600x315w.jpg";"LA ROCHE POSAY EFFACLAR GEL MOUSSANT PURIFIANT nettoie en douceur sans abîmer la peau. A prix bas chez parashop tunisie";"";"visage";"99.000";"-25%";"";"";"";"https://www.parashop.tn/visage/la-roche-posay-effaclar-gel-moussant-purifiant-400ml"
"PS-LA-ROCHE-POSAY-EFFACLAR--CB06D2";"";"LA ROCHE POSAY EFFACLAR GEL MOUSSANT PURIFIANT RECHARGE 400ML";"0.000";"0.000";"42.000";"99.000";"135.714";"0.000";"";"0";"https://www.parashop.tn/image/cache/catalog/produits/laroche-posay/la-roche-posay-effaclar-gel-moussant-purifiant-recharge-400ml-600x315w.jpg";"LA ROCHE POSAY EFFACLAR GEL MOUSSANT PURIFIANT RECHARGE à bas prix en tunisie sur parashop votre parapharmacie en ligne. Livraison gratuite dès 99DT";"";"visage";"0.000";"-25%";"";"";"";"https://www.parashop.tn/visage/la-roche-posay-effaclar-gel-moussant-purifiant-recharge-400ml"
"PS-LA-ROCHE-POSAY-EFFACLAR--F56264";"";"LA ROCHE POSAY EFFACLAR GEL MOUSSANT PURIFIANT TUBE 200ML";"0.000";"0.000";"54.600";"64.974";"19.000";"0.000";"";"0";"https://www.parashop.tn/image/cache/catalog/produits/laroche-posay/la-roche-posay-effaclar-gel-moussant-purifiant-tube-200ml-600x315w.jpg";"LA ROCHE POSAY EFFACLAR GEL MOUSSANT PURIFIANT est disponible à prix bas chez parahop tunisie";"";"visage";"77.112";"-25%";"";"";"";"https://www.parashop.tn/visage/la-roche-posay-effaclar-gel-moussant-purifiant-tube-150-ml"
"PS-LA-ROCHE-POSAY-EFFACLAR--CA1BB0";"";"LA ROCHE POSAY EFFACLAR H ISO BIOME CREME LAVANTE 200ML";"0.000";"0.000";"60.600";"99.000";"63.366";"0.000";"";"0";"https://www.parashop.tn/image/cache/catalog/produits/laroche-posay/la-roche-posay-effaclar-h-iso-biome-creme-lavante-200ml-600x315w.jpg";"LA ROCHE POSAY EFFACLAR H ISO BIOME CREME LAVANTE est disponible au meilleur prix chez votre parapharmacie parashop tunisie. Livraison gratuite dès 99DT";"";"visage";"0.000";"-25%";"";"";"";"https://www.parashop.tn/visage/la-roche-posay-effaclar-h-iso-biome-creme-lavante-200ml"
"PS-LA-ROCHE-POSAY-EFFACLAR--11026F";"";"LA ROCHE POSAY EFFACLAR H ISO BIOME SOIN REPARATEUR 40ML";"0.000";"0.000";"57.360";"99.000";"72.594";"0.000";"";"0";"https://www.parashop.tn/image/cache/catalog/produits/laroche-posay/la-roche-posay-effaclar-h-iso-biome-soin-reparateur-40ml-600x315w.jpg";"LA ROCHE POSAY EFFACLAR H ISO BIOME SOIN REPARATEUR est disponible au meilleur prix chez votre parapharmacie parashop tunisie. Livraison gratuite dès 99DT";"";"visage";"0.000";"-25%";"";"";"";"https://www.parashop.tn/visage/la-roche-posay-effaclar-h-iso-biome-soin-reparateur-40ml"
"PS-LA-ROCHE-POSAY-GOMMAGE-S-7D1049";"";"LA ROCHE POSAY GOMMAGE SURFIN PHYSIOLOGIQUE 50ML";"0.000";"0.000";"48.000";"57.120";"19.000";"0.000";"";"0";"https://www.parashop.tn/image/cache/catalog/produits/laroche-posay/la-roche-posay-gommage-surfin-physiologique-50-ml-600x315w.jpg";"LA ROCHE POSAY GOMMAGE SURFIN PHYSIOLOGIQUE nettoie la peau du sébum et surtout des cellules mortes. A prix bas chez parashop tunisie";"";"visage";"64.974";"-25%";"";"";"";"https://www.parashop.tn/visage/la-roche-posay-gommage-surfin-physiologique-50-ml"
"PS-LA-ROCHE-POSAY-HYDRAPHAS-F2E7E0";"";"LA ROCHE POSAY HYDRAPHASE HA LEGERE 50ML";"0.000";"0.000";"80.400";"99.000";"23.134";"0.000";"";"0";"https://www.parashop.tn/image/cache/catalog/produits/laroche-posay/la-roche-posay-hydraphase-ha-legere-50ml-600x315w.jpg";"LA ROCHE POSAY HYDRAPHASE HA LEGERE est disponible au meilleur prix chez votre parapharmacie parashop tunisie. Livraison gratuite dès 99DT";"";"visage";"0.000";"-25%";"";"";"";"https://www.parashop.tn/visage/la-roche-posay-hydraphase-ha-legere-50ml"
"PS-LA-ROCHE-POSAY-HYDRAPHAS-D02E5B";"";"LA ROCHE POSAY HYDRAPHASE HA RICHE 50ML";"0.000";"0.000";"80.400";"99.000";"23.134";"0.000";"";"0";"https://www.parashop.tn/image/cache/catalog/produits/laroche-posay/la-roche-posay-hydraphase-ha-riche-50ml-600x315w.jpg";"LA ROCHE POSAY HYDRAPHASE HA RICHE est disponible au meilleur prix chez votre parapharmacie parashop tunisie. Livraison gratuite dès 99DT";"";"visage";"0.000";"-25%";"";"";"";"https://www.parashop.tn/visage/la-roche-posay-hydraphase-ha-riche-50ml"
"PS-LA-ROCHE-POSAY-LAIT-DEMA-13A391";"";"LA ROCHE POSAY LAIT DEMAQUILLANT PHYSIOLOGIQUE 200ML";"0.000";"0.000";"39.960";"47.552";"18.999";"0.000";"";"0";"https://www.parashop.tn/image/cache/catalog/produits/laroche-posay/la-roche-posay-lait-demaquillant-physiologique-flacon-200-ml-600x315w.jpg";"LA ROCHE-POSAY LAIT DEMAQUILLANT PHYSIOLOGIQUE pour yeux, visage et lèvres est destiné aux peaux sèches, à prix bas chez parashop tunisie";"";"visage";"64.974";"-25%";"";"";"";"https://www.parashop.tn/visage/la-roche-posay-lait-demaquillant-physiologique-flacon-200-ml"
"PS-LA-ROCHE-POSAY-LIPIKAR-A-A1AC53";"";"LA ROCHE POSAY LIPIKAR AP+ HUILE LAVANTE 400ML";"0.000";"0.000";"69.000";"99.000";"43.478";"0.000";"";"0";"https://www.parashop.tn/image/cache/catalog/produits/laroche-posay/la-roche-posay-lipikar-ap-huile-lavante-400ml-600x315w.jpg";"LA ROCHE POSAY LIPIKAR AP+ HUILE LAVANTE 400ML à bas prix en tunisie sur parashop votre parapharmacie en ligne. Livraison gratuite dès 99DT";"";"visage";"0.000";"-25%";"";"";"";"https://www.parashop.tn/visage/la-roche-posay-lipikar-ap-huile-lavante-400ml"
"PS-LA-ROCHE-POSAY-LIPIKAR-B-DA690A";"";"LA ROCHE POSAY LIPIKAR AP+M Baume Light 400ML";"0.000";"0.000";"96.600";"99.000";"2.484";"0.000";"";"0";"https://www.parashop.tn/image/cache/catalog/produits/laroche-posay/la-roche-posay-lipikar-baume-light-apm-400ml-600x315w.jpg";"LA ROCHE POSAY LIPIKAR AP+M Baume Light est disponible au meilleur prix chez votre parapharmacie parashop tunisie. Livraison gratuite dès 99DT";"";"visage";"114.954";"-25%";"";"";"";"https://www.parashop.tn/visage/la-roche-posay-lipikar-baume-light-apm-400ml"
"PS-LA-ROCHE-POSAY-LIPIKAR-B-A56EC1";"";"LA ROCHE POSAY LIPIKAR AP+M BAUME RELIPIDANT 400ML";"0.000";"0.000";"96.600";"114.954";"19.000";"0.000";"";"0";"https://www.parashop.tn/image/cache/catalog/produits/laroche-posay/la-roche-posay-lipikar-apm-baume-relipidant-400ml-600x315w.jpg";"LA ROCHE POSAY LIPIKAR AP+M BAUME RELIPIDANT 400ML ne colle pas et laisse un fini non gras. Au meilleur prix chez parashop tunisie";"";"visage";"0.000";"-25%";"";"";"";"https://www.parashop.tn/visage/la-roche-posay-lipikar-baume-apm-400ml"
"PS-LA-ROCHE-POSAY-LIPIKAR-B-BE3A08";"";"LA ROCHE POSAY LIPIKAR Light AP+M Baume 200ML";"0.000";"0.000";"71.760";"99.000";"37.960";"0.000";"";"0";"https://www.parashop.tn/image/cache/catalog/produits/laroche-posay/la-roche-posay-lipikar-baume-light-apm-200ml-600x315w.jpg";"LA ROCHE POSAY LIPIKAR Light AP+M Baume 200ML est disponible au meilleur prix chez votre parapharmacie parashop tunisie. Livraison gratuite dès 99DT";"";"visage";"99.960";"-25%";"";"";"";"https://www.parashop.tn/visage/la-roche-posay-lipikar-baume-light-apm-200ml"
"PS-LA-ROCHE-POSAY-LIPIKAR-P-685962";"";"LA ROCHE POSAY LIPIKAR PAIN SURGRAS 150G";"0.000";"0.000";"27.600";"32.844";"19.000";"0.000";"";"0";"https://www.parashop.tn/image/cache/catalog/produits/laroche-posay/la-roche-posay-lipikar-pain-surgras-pain-600x315w.jpg";"LA ROCHE POSAY LIPIKAR PAIN SURGRAS pour les peaux très sèche de l’enfant ou de l’adulte. Au meilleur prix chez parahop tunisie";"";"visage";"61.404";"-25%";"";"";"";"https://www.parashop.tn/visage/la-roche-posay-lipikar-pain-surgras-pain-150-g"
"PS-LA-ROCHE-POSAY-LIPIKAR-S-2186C5";"";"LA ROCHE POSAY LIPIKAR SYNDET AP+ Crème Lavante 200ML";"0.000";"0.000";"51.600";"61.404";"19.000";"0.000";"";"0";"https://www.parashop.tn/image/cache/catalog/produits/laroche-posay/la-roche-posay-lipikar-syndet-200ml-600x315w.jpg";"LA ROCHE-POSAY LIPIKAR SYNDET AP+ est un tube qui nettoie parfaitement les peaux sèches. Au meilleur prix chez parashop tunisie";"";"visage";"77.088";"-25%";"";"";"";"https://www.parashop.tn/visage/la-roche-posay-lipikar-syndet-tube-200-ml"
"PS-LA-ROCHE-POSAY-LIPIKAR-S-3731C6";"";"LA ROCHE POSAY LIPIKAR SYNDET AP+ Crème Lavante 400ML";"0.000";"0.000";"57.600";"68.544";"19.000";"0.000";"";"0";"https://www.parashop.tn/image/cache/data/images_produits/LA%20ROCHE%20POSAY/LIPIKAR/la-roche-posay-lipikar-syndet-ap-creme-lavante-400ml-600x315w.jpg";"LA ROCHE POSAY LIPIKAR SYNDET AP+ réduit les sensations de démangeaisons et apaise la peau. Au meilleur prix tunisie chez parashop";"";"visage";"115.800";"-25%";"";"";"";"https://www.parashop.tn/visage/la-roche-posay-lipikar-syndet-ap-creme-lavante-400ml"
"PS-LA-ROCHE-POSAY-MELA-B3-G-13CFF4";"";"LA ROCHE POSAY MELA B3 GEL MICRO PEELING UNIFIANT ECLAT 200ML";"0.000";"0.000";"62.400";"99.000";"58.654";"0.000";"";"0";"https://www.parashop.tn/image/cache/catalog/produits/laroche-posay/la-roche-posay-mela-b3-gel-micro-peeling-unifiant-eclat-200ml-600x315w.jpg";"LA ROCHE POSAY MELA B3 GEL MICRO PEELING UNIFIANT ECLAT est disponible au meilleur prix chez votre parapharmacie parashop tunisie. Livraison gratuite dès 99DT";"";"visage";"168.504";"-25%";"";"";"";"https://www.parashop.tn/visage/la-roche-posay-mela-b3-gel-micro-peeling-unifiant-eclat-200ml"
"PS-LA-ROCHE-POSAY-MELA-B3-S-5BF185";"";"LA ROCHE POSAY MELA B3 SERUM INTENSIF ANTI TACHES 30ML";"0.000";"0.000";"141.600";"99.000";"0.000";"0.000";"";"0";"https://www.parashop.tn/image/cache/catalog/produits/laroche-posay/la-roche-posay-mela-b3-serum-intensif-anti-taches-30ml-600x315w.jpg";"LA ROCHE POSAY MELA B3 SERUM INTENSIF ANTI TACHES est disponible au meilleur prix chez votre parapharmacie parashop tunisie. Livraison gratuite dès 99DT";"";"visage";"168.504";"-25%";"";"";"";"https://www.parashop.tn/visage/la-roche-posay-mela-b3-serum-intensif-anti-taches-30ml"
"PS-LA-ROCHE-POSAY-MELA-B3-S-FA3846";"";"LA ROCHE POSAY MELA B3 SOIN CORRECTEUR ANTI TACHES SPF30 40ML";"0.000";"0.000";"141.600";"99.000";"0.000";"0.000";"";"0";"https://www.parashop.tn/image/cache/catalog/produits/laroche-posay/la-roche-posay-mela-b3-soin-correcteur-anti-taches-spf30-40ml-600x315w.jpg";"LA ROCHE POSAY MELA B3 SOIN CORRECTEUR ANTI TACHES SPF30 est disponible au meilleur prix chez votre parapharmacie parashop tunisie. Livraison gratuite dès 99DT";"";"visage";"168.504";"-25%";"";"";"";"https://www.parashop.tn/visage/la-roche-posay-mela-b3-soin-correcteur-anti-taches-spf30-40ml"
"PS-LA-ROCHE-POSAY-NUTRITIC--7F09BA";"";"LA ROCHE POSAY NUTRITIC INTENSE CREME VISAGE 50ML";"0.000";"0.000";"64.800";"77.112";"19.000";"0.000";"";"0";"https://www.parashop.tn/image/cache/catalog/produits/laroche-posay/la-roche-posay-nutritic-intense-50ml-600x315w.jpg";"LA ROCHE POSAY NUTRITIC INTENSE nourrit en profondeur et soulage les peaux sensibles. Au meilleur prix chez parahop tunisie";"";"visage";"99.000";"-25%";"";"";"";"https://www.parashop.tn/visage/la-roche-posay-nutritic-intense-tube-50ml"
"PS-LA-ROCHE-POSAY-PACK-LIPI-03036E";"";"LA ROCHE POSAY PACK LIPIKAR Baume Light AP+M 200ML";"0.000";"0.000";"68.172";"99.000";"45.221";"0.000";"";"0";"https://www.parashop.tn/image/cache/catalog/produits/laroche-posay/la-roche-posay-pack-lipikar-baume-light-apm-200ml-600x315w.jpg";"LA ROCHE POSAY PACK LIPIKAR Baume Light AP+M  disponible au meilleur prix chez votre parapharmacie parashop tunisie. Livraison gratuite dès 99DT";"";"visage";"108.290";"-25%";"";"";"";"https://www.parashop.tn/visage/la-roche-posay-pack-lipikar-baume-light-apm-200ml"
"PS-LA-ROCHE-POSAY-PIGMENTCL-D75D3D";"";"LA ROCHE POSAY PIGMENTCLAR YEUX 15ML";"0.000";"0.000";"119.400";"142.086";"19.000";"0.000";"";"0";"https://www.parashop.tn/image/cache/catalog/produits/laroche-posay/la-roche-posay-pigmentclar-yeux-15ml-600x315w.jpg";"la roche posay pigmentclar yeux réduit  l’apparence des cernes bleus et les cernes bruns. Au meilleur prix chez parashop tunisie";"";"visage";"159.936";"-25%";"";"";"";"https://www.parashop.tn/visage/la-roche-posay-pigmentclar-yeux-15ml"
"PS-LA-ROCHE-POSAY-PURE-VITA-7747AF";"";"LA ROCHE POSAY PURE VITAMIN C10 SERUM A LA VITAMINE C 30ML";"0.000";"0.000";"141.360";"168.218";"19.000";"0.000";"";"0";"https://www.parashop.tn/image/cache/data/images_produits/LA%20ROCHE%20POSAY/la-roche-posay-pure-vitamin-c10-serum-30ml-600x315w.jpg";"LA ROCHE POSAY PURE VITAMIN C10 confère force et éclat à la peau sensible et lutte efficacement contre les rides, A prix bas chez parashop tunisie";"";"visage";"0.000";"-25%";"";"";"";"https://www.parashop.tn/visage/la-roche-posay-pure-vitamin-c10-serum-30ml"
"PS-LA-ROCHE-POSAY-SEROZINC--F88B0E";"";"LA ROCHE POSAY SEROZINC 150ML";"0.000";"0.000";"38.400";"99.000";"157.813";"0.000";"";"0";"https://www.parashop.tn/image/cache/catalog/produits/laroche-posay/la-roche-posay-serozinc-150ml-600x315w.jpg";"LA ROCHE POSAY SEROZINC est disponible au meilleur prix chez votre parapharmacie parashop tunisie. Livraison gratuite dès 99DT";"";"visage";"103.311";"-25%";"";"";"";"https://www.parashop.tn/visage/la-roche-posay-serozinc-150ml"
"PS-LA-ROCHE-POSAY-TOLERIANE-031F4A";"";"LA ROCHE POSAY TOLERIANE DERMALLERGO CREME 40ML";"0.000";"0.000";"73.200";"87.108";"19.000";"0.000";"";"0";"https://www.parashop.tn/image/cache/catalog/produits/laroche-posay/la-roche-posay-toleriane-dermallergo-creme-40ml-600x315w.jpg";"Réparez et renforcez votre barrière cutanée avec LA ROCHE POSAY TOLERIANE DERMALLERGO CREME, disponible chez parashop tunisie à prix bas";"";"visage";"99.000";"-25%";"";"";"";"https://www.parashop.tn/visage/la-roche-posay-toleriane-dermallergo-creme-40ml"
"PS-LA-ROCHE-POSAY-TOLERIANE-2296E9";"";"LA ROCHE POSAY TOLERIANE DERMO NETTOYANT 200ML";"0.000";"0.000";"48.720";"57.977";"19.000";"0.000";"";"0";"https://www.parashop.tn/image/cache/catalog/produits/laroche-posay/la-roche-posay-toleriane-dermo-nettoyant-flacon-200ml-600x315w.jpg";"LA ROCHE POSAY TOLERIANE DERMO NETTOYANT nettoie et purifie les yeux et le visage des peaux fragilisées, A prix bas chez parahop tunisie";"";"visage";"59.512";"-25%";"";"";"";"https://www.parashop.tn/visage/la-roche-posay-toleriane-dermo-nettoyant-flacon-200ml"
"PS-LA-ROCHE-POSAY-TOLERIANE-23E576";"";"LA ROCHE POSAY TOLERIANE GEL MOUSSANT 400ML";"0.000";"0.000";"68.880";"99.000";"43.728";"0.000";"";"0";"https://www.parashop.tn/image/cache/catalog/produits/laroche-posay/la-roche-posay-toleriane-gel-moussant-400ml-600x315w.jpg";"LA ROCHE POSAY TOLERIANE GEL MOUSSANT est disponible au meilleur prix chez votre parapharmacie parashop tunisie. Livraison gratuite dès 99DT";"";"visage";"0.000";"-25%";"";"";"";"https://www.parashop.tn/visage/la-roche-posay-toleriane-gel-moussant-400ml"
"PS-LA-ROCHE-POSAY-TOLERIANE-2C4515";"";"LA ROCHE POSAY TOLERIANE KERIUM DS CONCENTRATE 40ML";"0.000";"0.000";"58.800";"99.000";"68.367";"0.000";"";"0";"https://www.parashop.tn/image/cache/catalog/produits/laroche-posay/la-roche-posay-toleriane-kerium-ds-concentrate-40ml-600x315w.jpg";"LA ROCHE POSAY TOLERIANE KERIUM DS CONCENTRATE est disponible au meilleur prix chez votre parapharmacie parashop tunisie. Livraison gratuite dès 99DT";"";"visage";"0.000";"-25%";"";"";"";"https://www.parashop.tn/visage/la-roche-posay-toleriane-kerium-ds-concentrate-40ml"
"PS-LA-ROCHE-POSAY-TOLERIANE-1F9DBC";"";"LA ROCHE POSAY TOLERIANE MASCARA MULTI DIMENSIONS ALLERGY TESTED NOIR 7,2ML";"0.000";"0.000";"76.439";"99.000";"29.515";"0.000";"";"0";"https://www.parashop.tn/image/cache/catalog/produits/laroche-posay/la-roche-posay-toleriane-mascara-multi-dimensions-allergy-tested-noir-72ml-600x315w.jpg";"LA ROCHE POSAY TOLERIANE MASCARA MULTI DIMENSIONS ALLERGY TESTED NOIR à bas prix en tunisie sur parashop votre parapharmacie en ligne. Livraison gratuite dès 99DT";"";"visage";"0.000";"-25%";"";"";"";"https://www.parashop.tn/visage/la-roche-posay-toleriane-mascara-multi-dimensions-allergy-tested-noir-72ml"
"PS-LA-ROCHE-POSAY-TOLERIANE-E6E3EE";"";"LA ROCHE POSAY TOLERIANE SENSITIVE CREME 40ML";"0.000";"0.000";"66.600";"79.254";"19.000";"0.000";"";"0";"https://www.parashop.tn/image/cache/catalog/produits/laroche-posay/la-roche-posay-toleriane-sensitive-creme-40ml-600x315w.jpg";"LA ROCHE POSAY TOLERIANE SENSITIVE CREME pour les peaux sensibles. Rougeurs, tiraillements à prix bas chez parahop tunisie";"";"visage";"99.000";"-25%";"";"";"";"https://www.parashop.tn/visage/la-roche-posay-toleriane-sensitive-creme-40ml"
"PS-LACABINE-VIT-C-10-AMPOUL-1A4452";"";"laCabine VIT-C 10 Ampoules";"0.000";"0.000";"66.600";"99.000";"48.649";"0.000";"";"0";"https://www.parashop.tn/image/cache/catalog/produits/lacabine/lacabine-vit-c-10-ampoules-600x315w.jpg";"la Cabine VIT C 10 Ampoules est disponible au meilleur prix chez votre parapharmacie parashop tunisie. Livraison gratuite dès 99DT";"";"visage";"0.000";"-25%";"";"";"";"https://www.parashop.tn/visage/lacabine-vit-c-10-ampoules"
"PS-LAINO-CREME-NOURRISSANTE-56D9A8";"";"LAINO CREME NOURRISSANTE ANTI OXYDANTE 40ML";"0.000";"0.000";"46.022";"99.000";"115.115";"0.000";"";"0";"https://www.parashop.tn/image/cache/catalog/produits/laino/laino-creme-nourrissante-anti-oxydante-40ml-600x315w.jpg";"LAINO CREME NOURRISSANTE ANTI OXYDANTE est disponible au meilleur prix chez votre parapharmacie parashop tunisie. Livraison gratuite dès 99DT";"";"visage";"103.311";"-25%";"";"";"";"https://www.parashop.tn/visage/laino-creme-nourrissante-anti-oxydante-40ml"
"PS-LAINOEAU-DE-BLEUETEAU-AP-C3A762";"";"LAINO EAU DE BLEUET 250ML";"0.000";"0.000";"23.770";"28.286";"18.999";"0.000";"";"0";"https://www.parashop.tn/image/cache/catalog/produits/laino/lainoeau-de-bleueteau-apaisante-visage-yeux-600x315w.jpg";"LAINO Eau de Bleuet est une eau apaisante pour les yeux fatigués et gonflés. Disponible au meilleur prix chez parashop tunisie";"";"visage";"31.911";"-25%";"";"";"";"https://www.parashop.tn/visage/lainoeau-de-bleueteau-apaisantevisageyeux"
"PS-LAINO-GEL-CREME-HYDRATAN-E6B4EC";"";"LAINO GEL CREME HYDRATANT ANTI OXYDANT 40ML";"0.000";"0.000";"42.865";"99.000";"130.958";"0.000";"";"0";"https://www.parashop.tn/image/cache/catalog/produits/laino/laino-gel-creme-hydratant-anti-oxydant-40ml-600x315w.jpg";"LAINO GEL CREME HYDRATANT ANTI OXYDANT est disponible au meilleur prix chez votre parapharmacie parashop tunisie. Livraison gratuite dès 99DT";"";"visage";"0.000";"-25%";"";"";"";"https://www.parashop.tn/visage/laino-gel-creme-hydratant-anti-oxydant-40ml"
"PS-LAINO-GEL-NETTOYANT-MOUS-F2FA64";"";"LAINO GEL NETTOYANT DEMAQUILLANT 200ML";"0.000";"0.000";"28.458";"99.000";"247.881";"0.000";"";"0";"https://www.parashop.tn/image/cache/catalog/produits/laino/laino-gel-nettoyant-demaquillant-200ml-600x315w.jpg";"LAINO GEL NETTOYANT DEMAQUILLANT est disponible au meilleur prix chez votre parapharmacie parashop tunisie. Livraison gratuite dès 99DT";"";"visage";"114.002";"-25%";"";"";"";"https://www.parashop.tn/visage/laino-gel-nettoyant-moussant-apaisant-200ml"
"PS-LAINO-LHUILE-AUTHENTIQUE-9E0C78";"";"LAINO L’HUILE AUTHENTIQUE 100ML";"0.000";"0.000";"45.888";"99.000";"115.743";"0.000";"";"0";"https://www.parashop.tn/image/cache/catalog/produits/laino/laino-lhuile-authentique-100ml-600x315w.jpg";"LAINO L’HUILE AUTHENTIQUE est disponible au meilleur prix chez votre parapharmacie parashop tunisie. Livraison gratuite dès 99DT";"";"visage";"0.000";"-25%";"";"";"";"https://www.parashop.tn/visage/laino-lhuile-authentique-100ml"
"PS-LAINO-MASQUE-APAISANT-ST-FA6A56";"";"LAINO MASQUE APAISANT STICK 65G";"0.000";"0.000";"48.000";"99.000";"106.250";"0.000";"";"0";"https://www.parashop.tn/image/cache/catalog/produits/laino/laino-masque-apaisant-stick-65g-600x315w.jpg";"Acheter LAINO MASQUE APAISANT STICK à bas prix en tunisie sur parashop votre parapharmacie en ligne. Livraison gratuite dès 99DT";"";"visage";"0.000";"-25%";"";"";"";"https://www.parashop.tn/visage/laino-masque-apaisant-stick-65g"
"PS-LAINO-6523EB";"";"Laino";"0.000";"0.000";"9.262";"11.022";"19.002";"0.000";"";"0";"https://www.parashop.tn/image/cache/catalog/marques/laino-logo-600x315w.jpg";"";"Laino LAINO AUTHENTIQUE SAVON DE MARSEILLE 150G LAINO AUTHENTIQUE SAVON DE MARSEILLE 150GSavon de Marseille Made in Fran";"marque";"13.777";"-25%";"";"";"";"https://www.parashop.tn/laino"
"PS-LAINO-MASQUE-DETOX-STICK-D1F96D";"";"LAINO MASQUE DETOX STICK 65G";"0.000";"0.000";"48.000";"99.000";"106.250";"0.000";"";"0";"https://www.parashop.tn/image/cache/catalog/produits/laino/laino-masque-detox-stick-65g-600x315w.jpg";"Acheter LAINO MASQUE DETOX STICK à bas prix en tunisie sur parashop votre parapharmacie en ligne. Livraison gratuite dès 99DT";"";"visage";"216.692";"-25%";"";"";"";"https://www.parashop.tn/visage/laino-masque-detox-stick-65g"
"PS-LAINO-MASQUE-ENERGISANT--9DDF37";"";"LAINO MASQUE ENERGISANT STICK 65G";"0.000";"0.000";"48.000";"99.000";"106.250";"0.000";"";"0";"https://www.parashop.tn/image/cache/catalog/produits/laino/laino-masque-energisant-stick-65g-600x315w.jpg";"Acheter LAINO MASQUE ENERGISANT STICK à bas prix en tunisie sur parashop votre parapharmacie en ligne. Livraison gratuite dès 99DT";"";"visage";"0.000";"-25%";"";"";"";"https://www.parashop.tn/visage/laino-masque-energisant-stick-65g"
"PS-LAINOLAINO-MASQUESOIN-AP-E11150";"";"LAINO MASQUE SOIN APAISANT";"0.000";"0.000";"11.555";"13.750";"18.996";"0.000";"";"0";"https://www.parashop.tn/image/cache/catalog/produits/laino/laino-masque-soin-apaisant-600x315w.jpg";"LAINO MASQUE SOIN APAISANT rééquilibre et apaise la peau grâce à l’argile rose et la glycérine. A prix bas chez parashop tunisie";"";"visage";"16.642";"-25%";"";"";"";"https://www.parashop.tn/visage/lainolaino-masquesoin-apaisantsoin-visagepeau-sensible"
